row_id,year,reporting_level,reported_company_nrcan,name,main_id,facility_group_id,company_id,facility_type,mining_processing_type,commodity,energy_type,unit,value,source,source_id
NRJ-e7e6a960-2023-1,2023,Site-specific,Agnico Eagle Mines Limited,Detour Lake,QC-MAIN-e7e6a960,-,,mining,"Open-pit, concentrator",Gold,Fuel consumption,GJ,4266454,2023-Sustainability-Performance_data,SRC_AgnicoEagleMinesLimited_2023-Sustainability-Performance_data
NRJ-e7e6a960-2023-2,2023,Site-specific,Agnico Eagle Mines Limited,Detour Lake,QC-MAIN-e7e6a960,-,,mining,"Open-pit, concentrator",Gold,Diesel,GJ,3947008,2023-Sustainability-Performance_data,SRC_AgnicoEagleMinesLimited_2023-Sustainability-Performance_data
NRJ-e7e6a960-2023-3,2023,Site-specific,Agnico Eagle Mines Limited,Detour Lake,QC-MAIN-e7e6a960,-,,mining,"Open-pit, concentrator",Gold,Light Fuel & Gasoline,GJ,71904,2023-Sustainability-Performance_data,SRC_AgnicoEagleMinesLimited_2023-Sustainability-Performance_data
NRJ-e7e6a960-2023-4,2023,Site-specific,Agnico Eagle Mines Limited,Detour Lake,QC-MAIN-e7e6a960,-,,mining,"Open-pit, concentrator",Gold,Propane,GJ,182468,2023-Sustainability-Performance_data,SRC_AgnicoEagleMinesLimited_2023-Sustainability-Performance_data
NRJ-e7e6a960-2023-5,2023,Site-specific,Agnico Eagle Mines Limited,Detour Lake,QC-MAIN-e7e6a960,-,,mining,"Open-pit, concentrator",Gold,Explosives,GJ,65074,2023-Sustainability-Performance_data,SRC_AgnicoEagleMinesLimited_2023-Sustainability-Performance_data
NRJ-e7e6a960-2023-6,2023,Site-specific,Agnico Eagle Mines Limited,Detour Lake,QC-MAIN-e7e6a960,-,,mining,"Open-pit, concentrator",Gold,Electricity consumption,kWh,830958937,2023-Sustainability-Performance_data,SRC_AgnicoEagleMinesLimited_2023-Sustainability-Performance_data
NRJ-e7e6a960-2023-7,2023,Site-specific,Agnico Eagle Mines Limited,Detour Lake,QC-MAIN-e7e6a960,-,,mining,"Open-pit, concentrator",Gold,Electricity intensity,kWh/t ore processed,32.670089368553114,2023-Sustainability-Performance_data,SRC_AgnicoEagleMinesLimited_2023-Sustainability-Performance_data
NRJ-e7e6a960-2023-8,2023,Site-specific,Agnico Eagle Mines Limited,Detour Lake,QC-MAIN-e7e6a960,-,,mining,"Open-pit, concentrator",Gold,Energy intensity,GJ/t ore processed,0.2853527738742617,2023-Sustainability-Performance_data,SRC_AgnicoEagleMinesLimited_2023-Sustainability-Performance_data
NRJ-GRP-0a2c0d69-2023-1,2023,Facility-group,Agnico Eagle Mines Limited,Meadowbank,-,GRP-0a2c0d69,,mining,"Open-pit, underground, concentrator",Gold,Fuel consumption,GJ,3694912,2023-Sustainability-Performance_data,SRC_AgnicoEagleMinesLimited_2023-Sustainability-Performance_data
NRJ-GRP-0a2c0d69-2023-2,2023,Facility-group,Agnico Eagle Mines Limited,Meadowbank,-,GRP-0a2c0d69,,mining,"Open-pit, underground, concentrator",Gold,Diesel,GJ,3590887,2023-Sustainability-Performance_data,SRC_AgnicoEagleMinesLimited_2023-Sustainability-Performance_data
NRJ-GRP-0a2c0d69-2023-3,2023,Facility-group,Agnico Eagle Mines Limited,Meadowbank,-,GRP-0a2c0d69,,mining,"Open-pit, underground, concentrator",Gold,Light Fuel & Gasoline,GJ,51161,2023-Sustainability-Performance_data,SRC_AgnicoEagleMinesLimited_2023-Sustainability-Performance_data
NRJ-GRP-0a2c0d69-2023-4,2023,Facility-group,Agnico Eagle Mines Limited,Meadowbank,-,GRP-0a2c0d69,,mining,"Open-pit, underground, concentrator",Gold,Propane,GJ,235,2023-Sustainability-Performance_data,SRC_AgnicoEagleMinesLimited_2023-Sustainability-Performance_data
NRJ-GRP-0a2c0d69-2023-5,2023,Facility-group,Agnico Eagle Mines Limited,Meadowbank,-,GRP-0a2c0d69,,mining,"Open-pit, underground, concentrator",Gold,Lubricating Oils & Greases,GJ,7311,2023-Sustainability-Performance_data,SRC_AgnicoEagleMinesLimited_2023-Sustainability-Performance_data
NRJ-GRP-0a2c0d69-2023-6,2023,Facility-group,Agnico Eagle Mines Limited,Meadowbank,-,GRP-0a2c0d69,,mining,"Open-pit, underground, concentrator",Gold,Explosives,GJ,45318,2023-Sustainability-Performance_data,SRC_AgnicoEagleMinesLimited_2023-Sustainability-Performance_data
NRJ-GRP-0a2c0d69-2023-7,2023,Facility-group,Agnico Eagle Mines Limited,Meadowbank,-,GRP-0a2c0d69,,mining,"Open-pit, underground, concentrator",Gold,Electricity consumption,kWh,164987364,2023-Sustainability-Performance_data,SRC_AgnicoEagleMinesLimited_2023-Sustainability-Performance_data
NRJ-GRP-0a2c0d69-2023-8,2023,Facility-group,Agnico Eagle Mines Limited,Meadowbank,-,GRP-0a2c0d69,,mining,"Open-pit, underground, concentrator",Gold,Electricity consumption|Generated on-site,kWh,164987364,2023-Sustainability-Performance_data,SRC_AgnicoEagleMinesLimited_2023-Sustainability-Performance_data
NRJ-GRP-0a2c0d69-2023-9,2023,Facility-group,Agnico Eagle Mines Limited,Meadowbank,-,GRP-0a2c0d69,,mining,"Open-pit, underground, concentrator",Gold,Electricity intensity,kWh/t ore processed,42.9,2023-Sustainability-Performance_data,SRC_AgnicoEagleMinesLimited_2023-Sustainability-Performance_data
NRJ-GRP-0a2c0d69-2023-10,2023,Facility-group,Agnico Eagle Mines Limited,Meadowbank,-,GRP-0a2c0d69,,mining,"Open-pit, underground, concentrator",Gold,Energy intensity,GJ/t ore processed,0.96,2023-Sustainability-Performance_data,SRC_AgnicoEagleMinesLimited_2023-Sustainability-Performance_data
NRJ-aeafbb59-2023-1,2023,Site-specific,Agnico Eagle Mines Limited,Meliadine,ON-MAIN-aeafbb59,-,,mining,"Underground, concentrator",Gold,Fuel consumption,GJ,1967646,2023-Sustainability-Performance_data,SRC_AgnicoEagleMinesLimited_2023-Sustainability-Performance_data
NRJ-aeafbb59-2023-2,2023,Site-specific,Agnico Eagle Mines Limited,Meliadine,ON-MAIN-aeafbb59,-,,mining,"Underground, concentrator",Gold,Diesel,GJ,1944158,2023-Sustainability-Performance_data,SRC_AgnicoEagleMinesLimited_2023-Sustainability-Performance_data
NRJ-aeafbb59-2023-3,2023,Site-specific,Agnico Eagle Mines Limited,Meliadine,ON-MAIN-aeafbb59,-,,mining,"Underground, concentrator",Gold,Light Fuel & Gasoline,GJ,5290,2023-Sustainability-Performance_data,SRC_AgnicoEagleMinesLimited_2023-Sustainability-Performance_data
NRJ-aeafbb59-2023-4,2023,Site-specific,Agnico Eagle Mines Limited,Meliadine,ON-MAIN-aeafbb59,-,,mining,"Underground, concentrator",Gold,Explosives,GJ,18198,2023-Sustainability-Performance_data,SRC_AgnicoEagleMinesLimited_2023-Sustainability-Performance_data
NRJ-aeafbb59-2023-5,2023,Site-specific,Agnico Eagle Mines Limited,Meliadine,ON-MAIN-aeafbb59,-,,mining,"Underground, concentrator",Gold,Electricity consumption,kWh,132709926,2023-Sustainability-Performance_data,SRC_AgnicoEagleMinesLimited_2023-Sustainability-Performance_data
NRJ-aeafbb59-2023-6,2023,Site-specific,Agnico Eagle Mines Limited,Meliadine,ON-MAIN-aeafbb59,-,,mining,"Underground, concentrator",Gold,Electricity consumption|Generated on-site,kWh,132709926,2023-Sustainability-Performance_data,SRC_AgnicoEagleMinesLimited_2023-Sustainability-Performance_data
NRJ-aeafbb59-2023-7,2023,Site-specific,Agnico Eagle Mines Limited,Meliadine,ON-MAIN-aeafbb59,-,,mining,"Underground, concentrator",Gold,Electricity intensity,kWh/t ore processed,69.18668609046546,2023-Sustainability-Performance_data,SRC_AgnicoEagleMinesLimited_2023-Sustainability-Performance_data
NRJ-aeafbb59-2023-8,2023,Site-specific,Agnico Eagle Mines Limited,Meliadine,ON-MAIN-aeafbb59,-,,mining,"Underground, concentrator",Gold,Energy intensity,GJ/t ore processed,1.0258080178506015,2023-Sustainability-Performance_data,SRC_AgnicoEagleMinesLimited_2023-Sustainability-Performance_data
NRJ-1f126a43-2023-1,2023,Site-specific,Agnico Eagle Mines Limited,Canadian Malartic,ON-MAIN-1f126a43,-,,mining,"Underground, concentrator","Gold, silver",Fuel consumption,GJ,2764933.60937,2023-Sustainability-Performance_data,SRC_AgnicoEagleMinesLimited_2023-Sustainability-Performance_data
NRJ-1f126a43-2023-2,2023,Site-specific,Agnico Eagle Mines Limited,Canadian Malartic,ON-MAIN-1f126a43,-,,mining,"Underground, concentrator","Gold, silver",Diesel,GJ,2557832,2023-Sustainability-Performance_data,SRC_AgnicoEagleMinesLimited_2023-Sustainability-Performance_data
NRJ-1f126a43-2023-3,2023,Site-specific,Agnico Eagle Mines Limited,Canadian Malartic,ON-MAIN-1f126a43,-,,mining,"Underground, concentrator","Gold, silver",Light Fuel & Gasoline,GJ,42833,2023-Sustainability-Performance_data,SRC_AgnicoEagleMinesLimited_2023-Sustainability-Performance_data
NRJ-1f126a43-2023-4,2023,Site-specific,Agnico Eagle Mines Limited,Canadian Malartic,ON-MAIN-1f126a43,-,,mining,"Underground, concentrator","Gold, silver",Propane,GJ,1463.60937,2023-Sustainability-Performance_data,SRC_AgnicoEagleMinesLimited_2023-Sustainability-Performance_data
NRJ-1f126a43-2023-5,2023,Site-specific,Agnico Eagle Mines Limited,Canadian Malartic,ON-MAIN-1f126a43,-,,mining,"Underground, concentrator","Gold, silver",Natural gas,GJ,162805,2023-Sustainability-Performance_data,SRC_AgnicoEagleMinesLimited_2023-Sustainability-Performance_data
NRJ-1f126a43-2023-6,2023,Site-specific,Agnico Eagle Mines Limited,Canadian Malartic,ON-MAIN-1f126a43,-,,mining,"Underground, concentrator","Gold, silver",Electricity consumption,kWh,674524386,2023-Sustainability-Performance_data,SRC_AgnicoEagleMinesLimited_2023-Sustainability-Performance_data
NRJ-1f126a43-2023-7,2023,Site-specific,Agnico Eagle Mines Limited,Canadian Malartic,ON-MAIN-1f126a43,-,,mining,"Underground, concentrator","Gold, silver",Electricity intensity,kWh/t ore processed,34.42341742720361,2023-Sustainability-Performance_data,SRC_AgnicoEagleMinesLimited_2023-Sustainability-Performance_data
NRJ-1f126a43-2023-8,2023,Site-specific,Agnico Eagle Mines Limited,Canadian Malartic,ON-MAIN-1f126a43,-,,mining,"Underground, concentrator","Gold, silver",Energy intensity,GJ/t ore processed,0.2650288691731861,2023-Sustainability-Performance_data,SRC_AgnicoEagleMinesLimited_2023-Sustainability-Performance_data
NRJ-8b0264c9-2023-1,2023,Site-specific,Agnico Eagle Mines Limited,Goldex,NU-MAIN-8b0264c9,-,,mining,"Underground, concentrator","Gold, silver",Fuel consumption,GJ,228083,2023-Sustainability-Performance_data,SRC_AgnicoEagleMinesLimited_2023-Sustainability-Performance_data
NRJ-8b0264c9-2023-2,2023,Site-specific,Agnico Eagle Mines Limited,Goldex,NU-MAIN-8b0264c9,-,,mining,"Underground, concentrator","Gold, silver",Diesel,GJ,129455,2023-Sustainability-Performance_data,SRC_AgnicoEagleMinesLimited_2023-Sustainability-Performance_data
NRJ-8b0264c9-2023-3,2023,Site-specific,Agnico Eagle Mines Limited,Goldex,NU-MAIN-8b0264c9,-,,mining,"Underground, concentrator","Gold, silver",Light Fuel & Gasoline,GJ,1347,2023-Sustainability-Performance_data,SRC_AgnicoEagleMinesLimited_2023-Sustainability-Performance_data
NRJ-8b0264c9-2023-4,2023,Site-specific,Agnico Eagle Mines Limited,Goldex,NU-MAIN-8b0264c9,-,,mining,"Underground, concentrator","Gold, silver",Natural gas,GJ,86234,2023-Sustainability-Performance_data,SRC_AgnicoEagleMinesLimited_2023-Sustainability-Performance_data
NRJ-8b0264c9-2023-5,2023,Site-specific,Agnico Eagle Mines Limited,Goldex,NU-MAIN-8b0264c9,-,,mining,"Underground, concentrator","Gold, silver",Explosives,GJ,11047,2023-Sustainability-Performance_data,SRC_AgnicoEagleMinesLimited_2023-Sustainability-Performance_data
NRJ-8b0264c9-2023-6,2023,Site-specific,Agnico Eagle Mines Limited,Goldex,NU-MAIN-8b0264c9,-,,mining,"Underground, concentrator","Gold, silver",Electricity consumption,kWh,178921745,2023-Sustainability-Performance_data,SRC_AgnicoEagleMinesLimited_2023-Sustainability-Performance_data
NRJ-8b0264c9-2023-7,2023,Site-specific,Agnico Eagle Mines Limited,Goldex,NU-MAIN-8b0264c9,-,,mining,"Underground, concentrator","Gold, silver",Electricity intensity,kWh/t ore processed,61.97653235666382,2023-Sustainability-Performance_data,SRC_AgnicoEagleMinesLimited_2023-Sustainability-Performance_data
NRJ-8b0264c9-2023-8,2023,Site-specific,Agnico Eagle Mines Limited,Goldex,NU-MAIN-8b0264c9,-,,mining,"Underground, concentrator","Gold, silver",Energy intensity,GJ/t ore processed,0.30212087132290455,2023-Sustainability-Performance_data,SRC_AgnicoEagleMinesLimited_2023-Sustainability-Performance_data
NRJ-730aefe3-2023-1,2023,Site-specific,Agnico Eagle Mines Limited,Macassa,NU-MAIN-730aefe3,-,,mining,Concentrator,"Gold, silver",Fuel consumption,GJ,508187,2023-Sustainability-Performance_data,SRC_AgnicoEagleMinesLimited_2023-Sustainability-Performance_data
NRJ-730aefe3-2023-2,2023,Site-specific,Agnico Eagle Mines Limited,Macassa,NU-MAIN-730aefe3,-,,mining,Concentrator,"Gold, silver",Diesel,GJ,91423,2023-Sustainability-Performance_data,SRC_AgnicoEagleMinesLimited_2023-Sustainability-Performance_data
NRJ-730aefe3-2023-3,2023,Site-specific,Agnico Eagle Mines Limited,Macassa,NU-MAIN-730aefe3,-,,mining,Concentrator,"Gold, silver",Light Fuel & Gasoline,GJ,6440,2023-Sustainability-Performance_data,SRC_AgnicoEagleMinesLimited_2023-Sustainability-Performance_data
NRJ-730aefe3-2023-4,2023,Site-specific,Agnico Eagle Mines Limited,Macassa,NU-MAIN-730aefe3,-,,mining,Concentrator,"Gold, silver",Propane,GJ,658,2023-Sustainability-Performance_data,SRC_AgnicoEagleMinesLimited_2023-Sustainability-Performance_data
NRJ-730aefe3-2023-5,2023,Site-specific,Agnico Eagle Mines Limited,Macassa,NU-MAIN-730aefe3,-,,mining,Concentrator,"Gold, silver",Natural gas,GJ,327090,2023-Sustainability-Performance_data,SRC_AgnicoEagleMinesLimited_2023-Sustainability-Performance_data
NRJ-730aefe3-2023-6,2023,Site-specific,Agnico Eagle Mines Limited,Macassa,NU-MAIN-730aefe3,-,,mining,Concentrator,"Gold, silver",Explosives,GJ,82576,2023-Sustainability-Performance_data,SRC_AgnicoEagleMinesLimited_2023-Sustainability-Performance_data
NRJ-730aefe3-2023-7,2023,Site-specific,Agnico Eagle Mines Limited,Macassa,NU-MAIN-730aefe3,-,,mining,Concentrator,"Gold, silver",Electricity consumption,kWh,182554670,2023-Sustainability-Performance_data,SRC_AgnicoEagleMinesLimited_2023-Sustainability-Performance_data
NRJ-730aefe3-2023-8,2023,Site-specific,Agnico Eagle Mines Limited,Macassa,NU-MAIN-730aefe3,-,,mining,Concentrator,"Gold, silver",Electricity intensity,kWh/t ore processed,413.40496118553943,2023-Sustainability-Performance_data,SRC_AgnicoEagleMinesLimited_2023-Sustainability-Performance_data
NRJ-730aefe3-2023-9,2023,Site-specific,Agnico Eagle Mines Limited,Macassa,NU-MAIN-730aefe3,-,,mining,Concentrator,"Gold, silver",Energy intensity,GJ/t ore processed,2.639075337192134,2023-Sustainability-Performance_data,SRC_AgnicoEagleMinesLimited_2023-Sustainability-Performance_data
NRJ-4ea8ac9d-2023-1,2023,Site-specific,Agnico Eagle Mines Limited,LaRonde,NU-MAIN-4ea8ac9d,-,,mining,"Open-pit, underground, concentrator","Gold, zinc, copper, silver, cadmium",Fuel consumption,GJ,703190,2023-Sustainability-Performance_data,SRC_AgnicoEagleMinesLimited_2023-Sustainability-Performance_data
NRJ-4ea8ac9d-2023-2,2023,Site-specific,Agnico Eagle Mines Limited,LaRonde,NU-MAIN-4ea8ac9d,-,,mining,"Open-pit, underground, concentrator","Gold, zinc, copper, silver, cadmium",Diesel,GJ,391146,2023-Sustainability-Performance_data,SRC_AgnicoEagleMinesLimited_2023-Sustainability-Performance_data
NRJ-4ea8ac9d-2023-3,2023,Site-specific,Agnico Eagle Mines Limited,LaRonde,NU-MAIN-4ea8ac9d,-,,mining,"Open-pit, underground, concentrator","Gold, zinc, copper, silver, cadmium",Light Fuel & Gasoline,GJ,8329,2023-Sustainability-Performance_data,SRC_AgnicoEagleMinesLimited_2023-Sustainability-Performance_data
NRJ-4ea8ac9d-2023-4,2023,Site-specific,Agnico Eagle Mines Limited,LaRonde,NU-MAIN-4ea8ac9d,-,,mining,"Open-pit, underground, concentrator","Gold, zinc, copper, silver, cadmium",Natural gas,GJ,297435,2023-Sustainability-Performance_data,SRC_AgnicoEagleMinesLimited_2023-Sustainability-Performance_data
NRJ-4ea8ac9d-2023-5,2023,Site-specific,Agnico Eagle Mines Limited,LaRonde,NU-MAIN-4ea8ac9d,-,,mining,"Open-pit, underground, concentrator","Gold, zinc, copper, silver, cadmium",Explosives,GJ,6280,2023-Sustainability-Performance_data,SRC_AgnicoEagleMinesLimited_2023-Sustainability-Performance_data
NRJ-4ea8ac9d-2023-6,2023,Site-specific,Agnico Eagle Mines Limited,LaRonde,NU-MAIN-4ea8ac9d,-,,mining,"Open-pit, underground, concentrator","Gold, zinc, copper, silver, cadmium",Electricity consumption,kWh,469220285,2023-Sustainability-Performance_data,SRC_AgnicoEagleMinesLimited_2023-Sustainability-Performance_data
NRJ-4ea8ac9d-2023-7,2023,Site-specific,Agnico Eagle Mines Limited,LaRonde,NU-MAIN-4ea8ac9d,-,,mining,"Open-pit, underground, concentrator","Gold, zinc, copper, silver, cadmium",Electricity intensity,kWh/t ore processed,176.50503987130364,2023-Sustainability-Performance_data,SRC_AgnicoEagleMinesLimited_2023-Sustainability-Performance_data
NRJ-4ea8ac9d-2023-8,2023,Site-specific,Agnico Eagle Mines Limited,LaRonde,NU-MAIN-4ea8ac9d,-,,mining,"Open-pit, underground, concentrator","Gold, zinc, copper, silver, cadmium",Energy intensity,GJ/t ore processed,0.8999347860726632,2023-Sustainability-Performance_data,SRC_AgnicoEagleMinesLimited_2023-Sustainability-Performance_data
NRJ-7607a50e-2023-1,2023,Site-specific,Alamos Gold Inc,Island,ON-MAIN-7607a50e,-,,mining,"Underground, concentrator",Gold,Electricity generated on-site,GJ,717,Data_2023.xlsx,SRC_AlamosGoldInc_Data_2023
NRJ-7607a50e-2023-2,2023,Site-specific,Alamos Gold Inc,Island,ON-MAIN-7607a50e,-,,mining,"Underground, concentrator",Gold,Diesel,GJ,211308,Data_2023.xlsx,SRC_AlamosGoldInc_Data_2023
NRJ-7607a50e-2023-3,2023,Site-specific,Alamos Gold Inc,Island,ON-MAIN-7607a50e,-,,mining,"Underground, concentrator",Gold,Fuel consumption|Gasoline,GJ,14406,Data_2023.xlsx,SRC_AlamosGoldInc_Data_2023
NRJ-7607a50e-2023-4,2023,Site-specific,Alamos Gold Inc,Island,ON-MAIN-7607a50e,-,,mining,"Underground, concentrator",Gold,Propane,GJ,72011,Data_2023.xlsx,SRC_AlamosGoldInc_Data_2023
NRJ-7607a50e-2023-5,2023,Site-specific,Alamos Gold Inc,Island,ON-MAIN-7607a50e,-,,mining,"Underground, concentrator",Gold,Electricity consumption,GJ,334179,Data_2023.xlsx,SRC_AlamosGoldInc_Data_2023
NRJ-7607a50e-2023-6,2023,Site-specific,Alamos Gold Inc,Island,ON-MAIN-7607a50e,-,,mining,"Underground, concentrator",Gold,Energy intensity,GJ/t ore mined,1.47,Data_2023.xlsx,SRC_AlamosGoldInc_Data_2023
NRJ-7607a50e-2023-7,2023,Site-specific,Alamos Gold Inc,Island,ON-MAIN-7607a50e,-,,mining,"Underground, concentrator",Gold,Energy intensity,GJ/oz gold produced,4.89,Data_2023.xlsx,SRC_AlamosGoldInc_Data_2023
NRJ-687b8c8d-2023-1,2023,Site-specific,Alamos Gold Inc,Young-Davidson,ON-MAIN-687b8c8d,-,,mining,"Underground, concentrator",Gold,Electricity generated on-site,GJ,475,Data_2023.xlsx,SRC_AlamosGoldInc_Data_2023
NRJ-687b8c8d-2023-2,2023,Site-specific,Alamos Gold Inc,Young-Davidson,ON-MAIN-687b8c8d,-,,mining,"Underground, concentrator",Gold,Diesel,GJ,140100,Data_2023.xlsx,SRC_AlamosGoldInc_Data_2023
NRJ-687b8c8d-2023-3,2023,Site-specific,Alamos Gold Inc,Young-Davidson,ON-MAIN-687b8c8d,-,,mining,"Underground, concentrator",Gold,Fuel consumption|Gasoline,GJ,2124,Data_2023.xlsx,SRC_AlamosGoldInc_Data_2023
NRJ-687b8c8d-2023-4,2023,Site-specific,Alamos Gold Inc,Young-Davidson,ON-MAIN-687b8c8d,-,,mining,"Underground, concentrator",Gold,Fuel consumption|Naphta,GJ,6344,Data_2023.xlsx,SRC_AlamosGoldInc_Data_2023
NRJ-687b8c8d-2023-5,2023,Site-specific,Alamos Gold Inc,Young-Davidson,ON-MAIN-687b8c8d,-,,mining,"Underground, concentrator",Gold,Natural gas,GJ,221612,Data_2023.xlsx,SRC_AlamosGoldInc_Data_2023
NRJ-687b8c8d-2023-6,2023,Site-specific,Alamos Gold Inc,Young-Davidson,ON-MAIN-687b8c8d,-,,mining,"Underground, concentrator",Gold,Electricity consumption,GJ,960748,Data_2023.xlsx,SRC_AlamosGoldInc_Data_2023
NRJ-687b8c8d-2023-7,2023,Site-specific,Alamos Gold Inc,Young-Davidson,ON-MAIN-687b8c8d,-,,mining,"Underground, concentrator",Gold,Energy intensity,GJ/t ore mined,0.47,Data_2023.xlsx,SRC_AlamosGoldInc_Data_2023
NRJ-687b8c8d-2023-8,2023,Site-specific,Alamos Gold Inc,Young-Davidson,ON-MAIN-687b8c8d,-,,mining,"Underground, concentrator",Gold,Energy intensity,GJ/oz gold produced,7.24,Data_2023.xlsx,SRC_AlamosGoldInc_Data_2023
NRJ-CMP-140e111b-2023-1,2023,Company-level,Alcoa Corporation,-,-,-,CMP-140e111b,manufacturing,Smelter,Aluminum,Natural gas,tGJ,86073,2023-Sustainability-Data-Book.xlsx,SRC_AlcoaCorporation_2023-Sustainability-Data-Book
NRJ-CMP-140e111b-2023-2,2023,Company-level,Alcoa Corporation,-,-,-,CMP-140e111b,manufacturing,Smelter,Aluminum,Coal,tGJ,62126,2023-Sustainability-Data-Book.xlsx,SRC_AlcoaCorporation_2023-Sustainability-Data-Book
NRJ-CMP-140e111b-2023-3,2023,Company-level,Alcoa Corporation,-,-,-,CMP-140e111b,manufacturing,Smelter,Aluminum,Oil,tGJ,11721,2023-Sustainability-Data-Book.xlsx,SRC_AlcoaCorporation_2023-Sustainability-Data-Book
NRJ-CMP-140e111b-2023-4,2023,Company-level,Alcoa Corporation,-,-,-,CMP-140e111b,manufacturing,Smelter,Aluminum,Other renewables,tGJ,123,2023-Sustainability-Data-Book.xlsx,SRC_AlcoaCorporation_2023-Sustainability-Data-Book
NRJ-CMP-140e111b-2023-5,2023,Company-level,Alcoa Corporation,-,-,-,CMP-140e111b,manufacturing,Smelter,Aluminum,Diesel,tGJ,4411,2023-Sustainability-Data-Book.xlsx,SRC_AlcoaCorporation_2023-Sustainability-Data-Book
NRJ-CMP-140e111b-2023-6,2023,Company-level,Alcoa Corporation,-,-,-,CMP-140e111b,manufacturing,Smelter,Aluminum,Propane,tGJ,601,2023-Sustainability-Data-Book.xlsx,SRC_AlcoaCorporation_2023-Sustainability-Data-Book
NRJ-CMP-140e111b-2023-7,2023,Company-level,Alcoa Corporation,-,-,-,CMP-140e111b,manufacturing,Smelter,Aluminum,Distillates,tGJ,17,2023-Sustainability-Data-Book.xlsx,SRC_AlcoaCorporation_2023-Sustainability-Data-Book
NRJ-CMP-140e111b-2023-8,2023,Company-level,Alcoa Corporation,-,-,-,CMP-140e111b,manufacturing,Smelter,Aluminum,Electricity consumption|Grid electricity,tMW,40155,2023-Sustainability-Data-Book.xlsx,SRC_AlcoaCorporation_2023-Sustainability-Data-Book
NRJ-CMP-140e111b-2023-9,2023,Company-level,Alcoa Corporation,-,-,-,CMP-140e111b,manufacturing,Smelter,Aluminum,Energy intensity,GJ/t aluminum produced,74.8,2023-Sustainability-Data-Book.xlsx,SRC_AlcoaCorporation_2023-Sustainability-Data-Book
NRJ-CMP-0f9c0b53-2023-1,2023,Company-level,Algoma Steel Inc.,-,-,-,CMP-0f9c0b53,manufacturing,Basic oxygen furnace,Steel,Electricity consumption|Grid electricity,GJ,1673569.9000000001,ESG_2023.pdf,SRC_AlgomaSteelInc._ESG_2023
NRJ-CMP-0f9c0b53-2023-2,2023,Company-level,Algoma Steel Inc.,-,-,-,CMP-0f9c0b53,manufacturing,Basic oxygen furnace,Steel,Coal,GJ,8367849.5,ESG_2023.pdf,SRC_AlgomaSteelInc._ESG_2023
NRJ-CMP-0f9c0b53-2023-3,2023,Company-level,Algoma Steel Inc.,-,-,-,CMP-0f9c0b53,manufacturing,Basic oxygen furnace,Steel,Natural gas,GJ,12049703.28,ESG_2023.pdf,SRC_AlgomaSteelInc._ESG_2023
NRJ-CMP-0f9c0b53-2023-4,2023,Company-level,Algoma Steel Inc.,-,-,-,CMP-0f9c0b53,manufacturing,Basic oxygen furnace,Steel,Other,GJ,52215380.88,ESG_2023.pdf,SRC_AlgomaSteelInc._ESG_2023
NRJ-6e9be24e-2023-1,2023,Site-specific,Barrick Gold Corporation,Hemlo (Williams),ON-MAIN-6e9be24e,-,,mining,"Open-pit, underground, concentrator",Gold,Fuel consumption,GJ,301000,Barrick_2023_Performance-Data,SRC_BarrickGoldCorporation_Barrick_2023_Performance-Data
NRJ-6e9be24e-2023-2,2023,Site-specific,Barrick Gold Corporation,Hemlo (Williams),ON-MAIN-6e9be24e,-,,mining,"Open-pit, underground, concentrator",Gold,Electricity consumption|Non-renewable electricity use,GJ,619000,Barrick_2023_Performance-Data,SRC_BarrickGoldCorporation_Barrick_2023_Performance-Data
NRJ-6e9be24e-2023-3,2023,Site-specific,Barrick Gold Corporation,Hemlo (Williams),ON-MAIN-6e9be24e,-,,mining,"Open-pit, underground, concentrator",Gold,Energy intensity,GJ/oz gold produced,6.53,Barrick_2023_Performance-Data,SRC_BarrickGoldCorporation_Barrick_2023_Performance-Data
NRJ-6e9be24e-2023-4,2023,Site-specific,Barrick Gold Corporation,Hemlo (Williams),ON-MAIN-6e9be24e,-,,mining,"Open-pit, underground, concentrator",Gold,Energy intensity,GJ/t of ore processed,0.73,Barrick_2023_Performance-Data,SRC_BarrickGoldCorporation_Barrick_2023_Performance-Data
NRJ-CMP-cadb529a-2023-1,2023,Company-level,Cameco Corporation,-,-,-,CMP-cadb529a,x,x,Uranium,Total energy consumed,GJ,3735798.7627457995,Cameco_2023_Sustainability_Report_Performance_Table_0.xlsx,SRC_CamecoCorporation_Cameco_2023_Sustainability_Report_Performance_Table_0
NRJ-CMP-cadb529a-2023-2,2023,Company-level,Cameco Corporation,-,-,-,CMP-cadb529a,x,x,Uranium,Electricity consumption|Grid electricity,GJ,1643751.4556081519,Cameco_2023_Sustainability_Report_Performance_Table_0.xlsx,SRC_CamecoCorporation_Cameco_2023_Sustainability_Report_Performance_Table_0
NRJ-5ce331b8-2023-1,2023,Site-specific,Canadian Royalties Inc.,Nunavik Nickel,QC-MAIN-5ce331b8,-,,mining,"Open-pit, underground, concentrator","Nickel, copper, platinum group metals, cobalt",Energy intensity,kWt/ore milled,22.5,Rapport_Objectif_Emissions_GES_2023_EN,SRC_CanadianRoyaltiesInc._Rapport_Objectif_Emissions_GES_2023_EN
NRJ-ed23117f-2023-1,2023,Site-specific,Centerra Gold Inc,Mount Milligan,BC-MAIN-ed23117f,-,,mining,"Open-pit, concentrator","Copper, gold, silver",Diesel,tCO2eq,68884,Data.xlsx,SRC_CenterraGoldInc_Data
NRJ-ed23117f-2023-2,2023,Site-specific,Centerra Gold Inc,Mount Milligan,BC-MAIN-ed23117f,-,,mining,"Open-pit, concentrator","Copper, gold, silver",Gasoline,tCO2eq,1557,Data.xlsx,SRC_CenterraGoldInc_Data
NRJ-ed23117f-2023-3,2023,Site-specific,Centerra Gold Inc,Mount Milligan,BC-MAIN-ed23117f,-,,mining,"Open-pit, concentrator","Copper, gold, silver",Propane,tCO2eq,1362,Data.xlsx,SRC_CenterraGoldInc_Data
NRJ-ed23117f-2023-4,2023,Site-specific,Centerra Gold Inc,Mount Milligan,BC-MAIN-ed23117f,-,,mining,"Open-pit, concentrator","Copper, gold, silver",Explosives,tCO2eq,690,Data.xlsx,SRC_CenterraGoldInc_Data
NRJ-ed23117f-2023-5,2023,Site-specific,Centerra Gold Inc,Mount Milligan,BC-MAIN-ed23117f,-,,mining,"Open-pit, concentrator","Copper, gold, silver",Electricity|Not specified,tCO2eq,7075,Data.xlsx,SRC_CenterraGoldInc_Data
NRJ-CMP-c08ac7d7-2024-1,2024,Company-level,Champion Iron Ltd,-,-,-,CMP-c08ac7d7,mining,Open-pit,Iron,Diesel,TJ,1515,cil-23sr-esg-databookvf.xlsx,SRC_ChampionIronLtd_cil-23sr-esg-databookvf
NRJ-CMP-c08ac7d7-2024-2,2024,Company-level,Champion Iron Ltd,-,-,-,CMP-c08ac7d7,mining,Open-pit,Iron,Natural gas,TJ,64,cil-23sr-esg-databookvf.xlsx,SRC_ChampionIronLtd_cil-23sr-esg-databookvf
NRJ-CMP-c08ac7d7-2024-3,2024,Company-level,Champion Iron Ltd,-,-,-,CMP-c08ac7d7,mining,Open-pit,Iron,Light Oil Fuel,TJ,66,cil-23sr-esg-databookvf.xlsx,SRC_ChampionIronLtd_cil-23sr-esg-databookvf
NRJ-CMP-c08ac7d7-2024-4,2024,Company-level,Champion Iron Ltd,-,-,-,CMP-c08ac7d7,mining,Open-pit,Iron,Electricity consumption|Grid electricity,TJ,2063,cil-23sr-esg-databookvf.xlsx,SRC_ChampionIronLtd_cil-23sr-esg-databookvf
NRJ-CMP-c08ac7d7-2024-5,2024,Company-level,Champion Iron Ltd,-,-,-,CMP-c08ac7d7,mining,Open-pit,Iron,Energy intensity,MJ/t iron concentrate produced,265,cil-23sr-esg-databookvf.xlsx,SRC_ChampionIronLtd_cil-23sr-esg-databookvf
NRJ-CMP-d899f7d7-2023-1,2023,Company-level,De Beers Canada Inc,-,-,-,CMP-d899f7d7,mining,"Open-pit, plant",Diamonds,Fossil fuels,mGJ,10.5,SR_2023.pdf,SRC_DeBeersCanadaInc_SR_2023
NRJ-CMP-d899f7d7-2023-2,2023,Company-level,De Beers Canada Inc,-,-,-,CMP-d899f7d7,mining,"Open-pit, plant",Diamonds,Electricity consumption|Grid electricity,mGJ,3.1,SR_2023.pdf,SRC_DeBeersCanadaInc_SR_2023
NRJ-CMP-d899f7d7-2023-3,2023,Company-level,De Beers Canada Inc,-,-,-,CMP-d899f7d7,mining,"Open-pit, plant",Diamonds,Energy from renewable electricity purchased,mGJ,0.3,SR_2023.pdf,SRC_DeBeersCanadaInc_SR_2023
NRJ-f9e41c2a-2023-1,2023,Site-specific,Eldorado Gold,Lamaque,QC-MAIN-f9e41c2a,-,,mining,"Underground, concentrator",Gold,Diesel|Mobile equipment,GJ,191632,ESG_2023.pdf,SRC_EldoradoGold_ESG_2023
NRJ-f9e41c2a-2023-2,2023,Site-specific,Eldorado Gold,Lamaque,QC-MAIN-f9e41c2a,-,,mining,"Underground, concentrator",Gold,Diesel|Stationary equipment,GJ,181,ESG_2023.pdf,SRC_EldoradoGold_ESG_2023
NRJ-f9e41c2a-2023-3,2023,Site-specific,Eldorado Gold,Lamaque,QC-MAIN-f9e41c2a,-,,mining,"Underground, concentrator",Gold,Gasoline,GJ,3549,ESG_2023.pdf,SRC_EldoradoGold_ESG_2023
NRJ-f9e41c2a-2023-4,2023,Site-specific,Eldorado Gold,Lamaque,QC-MAIN-f9e41c2a,-,,mining,"Underground, concentrator",Gold,LPG|Mobile equipment,GJ,45,ESG_2023.pdf,SRC_EldoradoGold_ESG_2023
NRJ-f9e41c2a-2023-5,2023,Site-specific,Eldorado Gold,Lamaque,QC-MAIN-f9e41c2a,-,,mining,"Underground, concentrator",Gold,LPG|Stationary equipment,GJ,187,ESG_2023.pdf,SRC_EldoradoGold_ESG_2023
NRJ-f9e41c2a-2023-6,2023,Site-specific,Eldorado Gold,Lamaque,QC-MAIN-f9e41c2a,-,,mining,"Underground, concentrator",Gold,Natural gas,GJ,76904,ESG_2023.pdf,SRC_EldoradoGold_ESG_2023
NRJ-f9e41c2a-2023-7,2023,Site-specific,Eldorado Gold,Lamaque,QC-MAIN-f9e41c2a,-,,mining,"Underground, concentrator",Gold,Electricity consumption|Grid electricity,GJ,276713,ESG_2023.pdf,SRC_EldoradoGold_ESG_2023
NRJ-7f050560-2024-1,2024,Site-specific,Evolution Mining Ltd,Red Lake,ON-MAIN-7f050560,-,,mining,"Underground, concentrator","Gold, silver",Diesel,L,3116555.8,EVN_FY24-ESG-Performance-Data_web.xlsx,SRC_EvolutionMiningLtd_EVN_FY24-ESG-Performance-Data_web
NRJ-7f050560-2024-2,2024,Site-specific,Evolution Mining Ltd,Red Lake,ON-MAIN-7f050560,-,,mining,"Underground, concentrator","Gold, silver",LPG,L,640677.799999999,EVN_FY24-ESG-Performance-Data_web.xlsx,SRC_EvolutionMiningLtd_EVN_FY24-ESG-Performance-Data_web
NRJ-7f050560-2024-3,2024,Site-specific,Evolution Mining Ltd,Red Lake,ON-MAIN-7f050560,-,,mining,"Underground, concentrator","Gold, silver",Gasoline,L,151631.5,EVN_FY24-ESG-Performance-Data_web.xlsx,SRC_EvolutionMiningLtd_EVN_FY24-ESG-Performance-Data_web
NRJ-7f050560-2024-4,2024,Site-specific,Evolution Mining Ltd,Red Lake,ON-MAIN-7f050560,-,,mining,"Underground, concentrator","Gold, silver",Natural gas,GJ,307233,EVN_FY24-ESG-Performance-Data_web.xlsx,SRC_EvolutionMiningLtd_EVN_FY24-ESG-Performance-Data_web
NRJ-7f050560-2024-5,2024,Site-specific,Evolution Mining Ltd,Red Lake,ON-MAIN-7f050560,-,,mining,"Underground, concentrator","Gold, silver",Electricity consumption|Grid electricity,kWh,248298644.3585,EVN_FY24-ESG-Performance-Data_web.xlsx,SRC_EvolutionMiningLtd_EVN_FY24-ESG-Performance-Data_web
NRJ-7f050560-2024-6,2024,Site-specific,Evolution Mining Ltd,Red Lake,ON-MAIN-7f050560,-,,mining,"Underground, concentrator","Gold, silver",Electricity intensity,MWh/t of ore processed,0.29524214549167654,EVN_FY24-ESG-Performance-Data_web.xlsx,SRC_EvolutionMiningLtd_EVN_FY24-ESG-Performance-Data_web
NRJ-7f050560-2024-7,2024,Site-specific,Evolution Mining Ltd,Red Lake,ON-MAIN-7f050560,-,,mining,"Underground, concentrator","Gold, silver",Energy intensity,GJ/t of ore processed,1.6131000989286208,EVN_FY24-ESG-Performance-Data_web.xlsx,SRC_EvolutionMiningLtd_EVN_FY24-ESG-Performance-Data_web
NRJ-7f050560-2024-8,2024,Site-specific,Evolution Mining Ltd,Red Lake,ON-MAIN-7f050560,-,,mining,"Underground, concentrator","Gold, silver",Energy intensity,GJ/oz of gold produced,12.037419549236647,EVN_FY24-ESG-Performance-Data_web.xlsx,SRC_EvolutionMiningLtd_EVN_FY24-ESG-Performance-Data_web
NRJ-CMP-28720916-2021-1,2021,Company-level,EVRAZ North America Inc,-,-,-,CMP-28720916,manufacturing,x,Steel,Energy intensity,GJ/t of crude steel,23.3,Databook_2021,SRC_EVRAZNorthAmericaInc_Databook_2021
NRJ-CMP-d5f1c66b-2023-1,2023,Company-level,Glencore,-,-,-,CMP-d5f1c66b,mining and manufacturing,x,x,Coal,PJ,25.8,2024+ESG+data+book.xlsx,SRC_Glencore_2024+ESG+data+book
NRJ-CMP-d5f1c66b-2023-2,2023,Company-level,Glencore,-,-,-,CMP-d5f1c66b,mining and manufacturing,x,x,Natural gas & coal seam gas,PJ,23.22,2024+ESG+data+book.xlsx,SRC_Glencore_2024+ESG+data+book
NRJ-CMP-d5f1c66b-2023-3,2023,Company-level,Glencore,-,-,-,CMP-d5f1c66b,mining and manufacturing,x,x,Mineral oil,PJ,77.39999999999999,2024+ESG+data+book.xlsx,SRC_Glencore_2024+ESG+data+book
NRJ-CMP-d5f1c66b-2023-4,2023,Company-level,Glencore,-,-,-,CMP-d5f1c66b,mining and manufacturing,x,x,Renewable,PJ,7.739999999999999,2024+ESG+data+book.xlsx,SRC_Glencore_2024+ESG+data+book
NRJ-CMP-d5f1c66b-2023-5,2023,Company-level,Glencore,-,-,-,CMP-d5f1c66b,mining and manufacturing,x,x,Other sources,PJ,1.29,2024+ESG+data+book.xlsx,SRC_Glencore_2024+ESG+data+book
NRJ-CMP-d5f1c66b-2023-6,2023,Company-level,Glencore,-,-,-,CMP-d5f1c66b,mining and manufacturing,x,Aluminum,Direct energy consumption,PJ,0.0006,2024+ESG+data+book.xlsx,SRC_Glencore_2024+ESG+data+book
NRJ-CMP-d5f1c66b-2023-7,2023,Company-level,Glencore,-,-,-,CMP-d5f1c66b,mining and manufacturing,x,Copper,Direct energy consumption,PJ,15,2024+ESG+data+book.xlsx,SRC_Glencore_2024+ESG+data+book
NRJ-CMP-d5f1c66b-2023-8,2023,Company-level,Glencore,-,-,-,CMP-d5f1c66b,mining and manufacturing,x,Ferroalloys,Direct energy consumption,PJ,6,2024+ESG+data+book.xlsx,SRC_Glencore_2024+ESG+data+book
NRJ-CMP-d5f1c66b-2023-9,2023,Company-level,Glencore,-,-,-,CMP-d5f1c66b,mining and manufacturing,x,Nickel,Direct energy consumption,PJ,34,2024+ESG+data+book.xlsx,SRC_Glencore_2024+ESG+data+book
NRJ-CMP-d5f1c66b-2023-10,2023,Company-level,Glencore,-,-,-,CMP-d5f1c66b,mining and manufacturing,x,Zinc,Direct energy consumption,PJ,19,2024+ESG+data+book.xlsx,SRC_Glencore_2024+ESG+data+book
NRJ-CMP-d5f1c66b-2023-11,2023,Company-level,Glencore,-,-,-,CMP-d5f1c66b,mining and manufacturing,x,x,Direct energy consumption|North America,PJ,8,2024+ESG+data+book.xlsx,SRC_Glencore_2024+ESG+data+book
NRJ-CMP-d5f1c66b-2023-12,2023,Company-level,Glencore,-,-,-,CMP-d5f1c66b,mining and manufacturing,x,Aluminum,Purchased energy consumed,PJ,-,2024+ESG+data+book.xlsx,SRC_Glencore_2024+ESG+data+book
NRJ-CMP-d5f1c66b-2023-13,2023,Company-level,Glencore,-,-,-,CMP-d5f1c66b,mining and manufacturing,x,Copper,Purchased energy consumed,PJ,11,2024+ESG+data+book.xlsx,SRC_Glencore_2024+ESG+data+book
NRJ-CMP-d5f1c66b-2023-14,2023,Company-level,Glencore,-,-,-,CMP-d5f1c66b,mining and manufacturing,x,Ferroalloys,Purchased energy consumed,PJ,19,2024+ESG+data+book.xlsx,SRC_Glencore_2024+ESG+data+book
NRJ-CMP-d5f1c66b-2023-15,2023,Company-level,Glencore,-,-,-,CMP-d5f1c66b,mining and manufacturing,x,Nickel,Purchased energy consumed,PJ,5,2024+ESG+data+book.xlsx,SRC_Glencore_2024+ESG+data+book
NRJ-CMP-d5f1c66b-2023-16,2023,Company-level,Glencore,-,-,-,CMP-d5f1c66b,mining and manufacturing,x,Zinc,Purchased energy consumed,PJ,34,2024+ESG+data+book.xlsx,SRC_Glencore_2024+ESG+data+book
NRJ-CMP-d5f1c66b-2023-17,2023,Company-level,Glencore,-,-,-,CMP-d5f1c66b,mining and manufacturing,x,x,Purchased energy consumed|North America,PJ,10,2024+ESG+data+book.xlsx,SRC_Glencore_2024+ESG+data+book
NRJ-b86f7d07-2023-1,2023,Site-specific,Hecla Mining Company,Keno Hill Silver District,QC-MAIN-b86f7d07,-,,mining,"Open-pit, underground, concentrator","Silver, zinc, lead",Electricity used|Not specified,kWh,17595388,SR_2023.pdf,SRC_HeclaMiningCompany_SR_2023
NRJ-b86f7d07-2023-2,2023,Site-specific,Hecla Mining Company,Keno Hill Silver District,QC-MAIN-b86f7d07,-,,mining,"Open-pit, underground, concentrator","Silver, zinc, lead",Diesel|Mobile equipment,gallons,409793,SR_2023.pdf,SRC_HeclaMiningCompany_SR_2023
NRJ-b86f7d07-2023-3,2023,Site-specific,Hecla Mining Company,Keno Hill Silver District,QC-MAIN-b86f7d07,-,,mining,"Open-pit, underground, concentrator","Silver, zinc, lead",Gasoline|Mobile equipment,gallons,67158,SR_2023.pdf,SRC_HeclaMiningCompany_SR_2023
NRJ-b86f7d07-2023-4,2023,Site-specific,Hecla Mining Company,Keno Hill Silver District,QC-MAIN-b86f7d07,-,,mining,"Open-pit, underground, concentrator","Silver, zinc, lead",Propane,gallons,422621,SR_2023.pdf,SRC_HeclaMiningCompany_SR_2023
NRJ-b86f7d07-2023-5,2023,Site-specific,Hecla Mining Company,Keno Hill Silver District,QC-MAIN-b86f7d07,-,,mining,"Open-pit, underground, concentrator","Silver, zinc, lead",Surface/undergound emulsion & ANFO,pounds,511210,SR_2023.pdf,SRC_HeclaMiningCompany_SR_2023
NRJ-44857446-2023-1,2023,Site-specific,Hecla Mining Company,Casa Berardi,YT-MAIN-44857446,-,,mining,Concentrator,"Copper, gold, silver",Electricity used|Not specified,kWh,137676647,SR_2023.pdf,SRC_HeclaMiningCompany_SR_2023
NRJ-44857446-2023-2,2023,Site-specific,Hecla Mining Company,Casa Berardi,YT-MAIN-44857446,-,,mining,Concentrator,"Copper, gold, silver",Diesel|Mobile equipment,gallons,2785135,SR_2023.pdf,SRC_HeclaMiningCompany_SR_2023
NRJ-44857446-2023-3,2023,Site-specific,Hecla Mining Company,Casa Berardi,YT-MAIN-44857446,-,,mining,Concentrator,"Copper, gold, silver",Gasoline|Mobile equipment,gallons,144321,SR_2023.pdf,SRC_HeclaMiningCompany_SR_2023
NRJ-44857446-2023-4,2023,Site-specific,Hecla Mining Company,Casa Berardi,YT-MAIN-44857446,-,,mining,Concentrator,"Copper, gold, silver",Propane,gallons,494423,SR_2023.pdf,SRC_HeclaMiningCompany_SR_2023
NRJ-44857446-2023-5,2023,Site-specific,Hecla Mining Company,Casa Berardi,YT-MAIN-44857446,-,,mining,Concentrator,"Copper, gold, silver",Surface/undergound emulsion & ANFO,pounds,6543598,SR_2023.pdf,SRC_HeclaMiningCompany_SR_2023
NRJ-GRP-a13779f8-2023-1,2023,Facility-group,Hudbay Minerals Inc,Snow Lake,-,GRP-a13779f8,,mining,"Open-pit, concentrator","Gold, zinc, copper, silver",Direct energy consumption,TJ,440,Hudbay-2023-Integrated-Annual-Report-Performance-Data.xlsx,SRC_HudbayMineralsInc_Hudbay-2023-Integrated-Annual-Report-Performance-Data
NRJ-GRP-a13779f8-2023-2,2023,Facility-group,Hudbay Minerals Inc,Snow Lake,-,GRP-a13779f8,,mining,"Open-pit, concentrator","Gold, zinc, copper, silver",Electricity consumption,TJ,764,Hudbay-2023-Integrated-Annual-Report-Performance-Data.xlsx,SRC_HudbayMineralsInc_Hudbay-2023-Integrated-Annual-Report-Performance-Data
NRJ-599152a0-2023-1,2023,Site-specific,Hudbay Minerals Inc,Copper Mountain,BC-MAIN-599152a0,-,,mining,Concentrator,"Copper, gold, silver",Direct energy consumption,TJ,92,Hudbay-2023-Integrated-Annual-Report-Performance-Data.xlsx,SRC_HudbayMineralsInc_Hudbay-2023-Integrated-Annual-Report-Performance-Data
NRJ-599152a0-2023-2,2023,Site-specific,Hudbay Minerals Inc,Copper Mountain,BC-MAIN-599152a0,-,,mining,Concentrator,"Copper, gold, silver",Electricity consumption,TJ,1968,Hudbay-2023-Integrated-Annual-Report-Performance-Data.xlsx,SRC_HudbayMineralsInc_Hudbay-2023-Integrated-Annual-Report-Performance-Data
NRJ-CMP-12afc634-2023-1,2023,Company-level,Hudbay Minerals Inc,-,-,-,CMP-12afc634,x,x,x,Propane,TJ,287,Hudbay-2023-Integrated-Annual-Report-Performance-Data.xlsx,SRC_HudbayMineralsInc_Hudbay-2023-Integrated-Annual-Report-Performance-Data
NRJ-CMP-12afc634-2023-2,2023,Company-level,Hudbay Minerals Inc,-,-,-,CMP-12afc634,x,x,x,Diesel,TJ,2214,Hudbay-2023-Integrated-Annual-Report-Performance-Data.xlsx,SRC_HudbayMineralsInc_Hudbay-2023-Integrated-Annual-Report-Performance-Data
NRJ-CMP-12afc634-2023-3,2023,Company-level,Hudbay Minerals Inc,-,-,-,CMP-12afc634,x,x,x,Gasoline,TJ,10,Hudbay-2023-Integrated-Annual-Report-Performance-Data.xlsx,SRC_HudbayMineralsInc_Hudbay-2023-Integrated-Annual-Report-Performance-Data
NRJ-CMP-12afc634-2023-4,2023,Company-level,Hudbay Minerals Inc,-,-,-,CMP-12afc634,x,x,x,Direct energy consumption,TJ,2513,Hudbay-2023-Integrated-Annual-Report-Performance-Data.xlsx,SRC_HudbayMineralsInc_Hudbay-2023-Integrated-Annual-Report-Performance-Data
NRJ-CMP-12afc634-2023-5,2023,Company-level,Hudbay Minerals Inc,-,-,-,CMP-12afc634,x,x,x,Energy intensity,TJ/Mt of ore processed,200,Hudbay-2023-Integrated-Annual-Report-Performance-Data.xlsx,SRC_HudbayMineralsInc_Hudbay-2023-Integrated-Annual-Report-Performance-Data
NRJ-CMP-12afc634-2023-6,2023,Company-level,Hudbay Minerals Inc,-,-,-,CMP-12afc634,x,x,x,Energy intensity,TJ/kt of copper-equivalent production,35,Hudbay-2023-Integrated-Annual-Report-Performance-Data.xlsx,SRC_HudbayMineralsInc_Hudbay-2023-Integrated-Annual-Report-Performance-Data
NRJ-02884fb5-2023-1,2023,Site-specific,IAMGOLD Corporation,Westwood-Doyon,QC-MAIN-02884fb5,-,,mining,"Underground, concentrator","Gold, silver",Diesel,GJ,206946,2023_iamgold-esg-performance-data-final_protected,SRC_IAMGOLDCorporation_2023_iamgold-esg-performance-data-final_protected
NRJ-02884fb5-2023-2,2023,Site-specific,IAMGOLD Corporation,Westwood-Doyon,QC-MAIN-02884fb5,-,,mining,"Underground, concentrator","Gold, silver",Gasoline,GJ,3350.8,2023_iamgold-esg-performance-data-final_protected,SRC_IAMGOLDCorporation_2023_iamgold-esg-performance-data-final_protected
NRJ-02884fb5-2023-3,2023,Site-specific,IAMGOLD Corporation,Westwood-Doyon,QC-MAIN-02884fb5,-,,mining,"Underground, concentrator","Gold, silver",ANFO,GJ,1530.9,2023_iamgold-esg-performance-data-final_protected,SRC_IAMGOLDCorporation_2023_iamgold-esg-performance-data-final_protected
NRJ-02884fb5-2023-4,2023,Site-specific,IAMGOLD Corporation,Westwood-Doyon,QC-MAIN-02884fb5,-,,mining,"Underground, concentrator","Gold, silver",Emulsion ANFO,GJ,4260.6,2023_iamgold-esg-performance-data-final_protected,SRC_IAMGOLDCorporation_2023_iamgold-esg-performance-data-final_protected
NRJ-02884fb5-2023-5,2023,Site-specific,IAMGOLD Corporation,Westwood-Doyon,QC-MAIN-02884fb5,-,,mining,"Underground, concentrator","Gold, silver",Propane,GJ,33,2023_iamgold-esg-performance-data-final_protected,SRC_IAMGOLDCorporation_2023_iamgold-esg-performance-data-final_protected
NRJ-02884fb5-2023-6,2023,Site-specific,IAMGOLD Corporation,Westwood-Doyon,QC-MAIN-02884fb5,-,,mining,"Underground, concentrator","Gold, silver",Natural gas,GJ,63958.3,2023_iamgold-esg-performance-data-final_protected,SRC_IAMGOLDCorporation_2023_iamgold-esg-performance-data-final_protected
NRJ-02884fb5-2023-7,2023,Site-specific,IAMGOLD Corporation,Westwood-Doyon,QC-MAIN-02884fb5,-,,mining,"Underground, concentrator","Gold, silver",Electricity consumption|Grid electricity,GJ,525946.7,2023_iamgold-esg-performance-data-final_protected,SRC_IAMGOLDCorporation_2023_iamgold-esg-performance-data-final_protected
NRJ-a3c56a83-2023-1,2023,Site-specific,Impala Canada Ltd,Lac des Iles,ON-MAIN-a3c56a83,-,,mining,"Open-pit, underground, concentrator","Platinum group metals, gold, nickel, copper, cobalt",Electricity consumption|Not specified,GWh,326,ESG_2024.pdf,SRC_ImpalaCanadaLtd_ESG_2024
NRJ-a3c56a83-2023-2,2023,Site-specific,Impala Canada Ltd,Lac des Iles,ON-MAIN-a3c56a83,-,,mining,"Open-pit, underground, concentrator","Platinum group metals, gold, nickel, copper, cobalt",Diesel,kL,13849,ESG_2024.pdf,SRC_ImpalaCanadaLtd_ESG_2024
NRJ-a3c56a83-2023-3,2023,Site-specific,Impala Canada Ltd,Lac des Iles,ON-MAIN-a3c56a83,-,,mining,"Open-pit, underground, concentrator","Platinum group metals, gold, nickel, copper, cobalt",Petrol,kL,422,ESG_2024.pdf,SRC_ImpalaCanadaLtd_ESG_2024
NRJ-dd723db4-2023-1,2023,Site-specific,Iron Ore Company of Canada Inc,Carol Lake,NL-MAIN-dd723db4,-,,mining,"Open-pit, concentrator",Iron,Energy use,MWh,4145000,SR_2023.pdf,SRC_IronOreCompanyofCanadaInc_SR_2023
NRJ-aa76f6f2-2023-1,2023,Site-specific,New Gold Inc,New Afton,BC-MAIN-aa76f6f2,-,,mining,"Open-pit, underground, concentrator","Gold, copper, silver",Diesel,L,4761600.1,ESG_data_2023.xlsx,SRC_NewGoldInc_ESG_data_2023
NRJ-aa76f6f2-2023-2,2023,Site-specific,New Gold Inc,New Afton,BC-MAIN-aa76f6f2,-,,mining,"Open-pit, underground, concentrator","Gold, copper, silver",Fuel consumption|Gasoline,L,119418.4,ESG_data_2023.xlsx,SRC_NewGoldInc_ESG_data_2023
NRJ-aa76f6f2-2023-3,2023,Site-specific,New Gold Inc,New Afton,BC-MAIN-aa76f6f2,-,,mining,"Open-pit, underground, concentrator","Gold, copper, silver",Propane,L,31049.5,ESG_data_2023.xlsx,SRC_NewGoldInc_ESG_data_2023
NRJ-aa76f6f2-2023-4,2023,Site-specific,New Gold Inc,New Afton,BC-MAIN-aa76f6f2,-,,mining,"Open-pit, underground, concentrator","Gold, copper, silver",Explosives,kg,522600,ESG_data_2023.xlsx,SRC_NewGoldInc_ESG_data_2023
NRJ-aa76f6f2-2023-5,2023,Site-specific,New Gold Inc,New Afton,BC-MAIN-aa76f6f2,-,,mining,"Open-pit, underground, concentrator","Gold, copper, silver",Natural gas,GJ,59198,ESG_data_2023.xlsx,SRC_NewGoldInc_ESG_data_2023
NRJ-aa76f6f2-2023-6,2023,Site-specific,New Gold Inc,New Afton,BC-MAIN-aa76f6f2,-,,mining,"Open-pit, underground, concentrator","Gold, copper, silver",Electricity consumption,GJ,171984.8235,ESG_data_2023.xlsx,SRC_NewGoldInc_ESG_data_2023
NRJ-aa76f6f2-2023-7,2023,Site-specific,New Gold Inc,New Afton,BC-MAIN-aa76f6f2,-,,mining,"Open-pit, underground, concentrator","Gold, copper, silver",Electricity generated on-site,GJ,56414.6765,ESG_data_2023.xlsx,SRC_NewGoldInc_ESG_data_2023
NRJ-0aadf28f-2023-1,2023,Site-specific,New Gold Inc,Rainy River,ON-MAIN-0aadf28f,-,,mining,"Underground, concentrator","Gold, silver",Diesel,L,42378137.86,ESG_data_2023.xlsx,SRC_NewGoldInc_ESG_data_2023
NRJ-0aadf28f-2023-2,2023,Site-specific,New Gold Inc,Rainy River,ON-MAIN-0aadf28f,-,,mining,"Underground, concentrator","Gold, silver",Fuel consumption|Gasoline,L,1147190.1,ESG_data_2023.xlsx,SRC_NewGoldInc_ESG_data_2023
NRJ-0aadf28f-2023-3,2023,Site-specific,New Gold Inc,Rainy River,ON-MAIN-0aadf28f,-,,mining,"Underground, concentrator","Gold, silver",Propane,L,3691412.93,ESG_data_2023.xlsx,SRC_NewGoldInc_ESG_data_2023
NRJ-0aadf28f-2023-4,2023,Site-specific,New Gold Inc,Rainy River,ON-MAIN-0aadf28f,-,,mining,"Underground, concentrator","Gold, silver",Explosives,kg,14805627,ESG_data_2023.xlsx,SRC_NewGoldInc_ESG_data_2023
NRJ-0aadf28f-2023-5,2023,Site-specific,New Gold Inc,Rainy River,ON-MAIN-0aadf28f,-,,mining,"Underground, concentrator","Gold, silver",Electricity consumption,GJ,2919222,ESG_data_2023.xlsx,SRC_NewGoldInc_ESG_data_2023
NRJ-538513cd-2023-1,2023,Site-specific,Newmont Corporation,Éléonore,ON-MAIN-538513cd,-,,mining,"Underground, concentrator",Gold,Diesel,GJ,385327.7974,2023-Performance-data.xlsx,SRC_NewmontCorporation_2023-Performance-data
NRJ-538513cd-2023-2,2023,Site-specific,Newmont Corporation,Éléonore,ON-MAIN-538513cd,-,,mining,"Underground, concentrator",Gold,Fuel consumption|Gasoline,GJ,10018.1179,2023-Performance-data.xlsx,SRC_NewmontCorporation_2023-Performance-data
NRJ-538513cd-2023-3,2023,Site-specific,Newmont Corporation,Éléonore,ON-MAIN-538513cd,-,,mining,"Underground, concentrator",Gold,Propane,GJ,142393.17415,2023-Performance-data.xlsx,SRC_NewmontCorporation_2023-Performance-data
NRJ-538513cd-2023-4,2023,Site-specific,Newmont Corporation,Éléonore,ON-MAIN-538513cd,-,,mining,"Underground, concentrator",Gold,Fuel consumption|Aviation fuel,GJ,21662.09888,2023-Performance-data.xlsx,SRC_NewmontCorporation_2023-Performance-data
NRJ-538513cd-2023-5,2023,Site-specific,Newmont Corporation,Éléonore,ON-MAIN-538513cd,-,,mining,"Underground, concentrator",Gold,Electricity consumption,GJ,892229.95044,2023-Performance-data.xlsx,SRC_NewmontCorporation_2023-Performance-data
NRJ-538513cd-2023-6,2023,Site-specific,Newmont Corporation,Éléonore,ON-MAIN-538513cd,-,,mining,"Underground, concentrator",Gold,Electricity generated on-site,GJ,3531.1068,2023-Performance-data.xlsx,SRC_NewmontCorporation_2023-Performance-data
NRJ-GRP-0d911886-2023-1,2023,Facility-group,Newmont Corporation,Porcupine,-,GRP-0d911886,,mining,"Open-pit, underground",Gold,Diesel,GJ,623021.868616,2023-Performance-data.xlsx,SRC_NewmontCorporation_2023-Performance-data
NRJ-GRP-0d911886-2023-2,2023,Facility-group,Newmont Corporation,Porcupine,-,GRP-0d911886,,mining,"Open-pit, underground",Gold,Fuel consumption|Gasoline,GJ,17195.8465,2023-Performance-data.xlsx,SRC_NewmontCorporation_2023-Performance-data
NRJ-GRP-0d911886-2023-3,2023,Facility-group,Newmont Corporation,Porcupine,-,GRP-0d911886,,mining,"Open-pit, underground",Gold,Natural gas,GJ,166705,2023-Performance-data.xlsx,SRC_NewmontCorporation_2023-Performance-data
NRJ-GRP-0d911886-2023-4,2023,Facility-group,Newmont Corporation,Porcupine,-,GRP-0d911886,,mining,"Open-pit, underground",Gold,Propane,GJ,6336.0580703,2023-Performance-data.xlsx,SRC_NewmontCorporation_2023-Performance-data
NRJ-GRP-0d911886-2023-5,2023,Facility-group,Newmont Corporation,Porcupine,-,GRP-0d911886,,mining,"Open-pit, underground",Gold,Biodiesel,GJ,23524.436671511,2023-Performance-data.xlsx,SRC_NewmontCorporation_2023-Performance-data
NRJ-GRP-0d911886-2023-6,2023,Facility-group,Newmont Corporation,Porcupine,-,GRP-0d911886,,mining,"Open-pit, underground",Gold,Electricity consumption,GJ,723967.2,2023-Performance-data.xlsx,SRC_NewmontCorporation_2023-Performance-data
NRJ-GRP-0d911886-2023-7,2023,Facility-group,Newmont Corporation,Porcupine,-,GRP-0d911886,,mining,"Open-pit, underground",Gold,Electricity generated on-site,GJ,91025.4822599152,2023-Performance-data.xlsx,SRC_NewmontCorporation_2023-Performance-data
NRJ-8eb8be0d-2023-1,2023,Site-specific,Newmont Corporation,Musselwhite,BC-MAIN-8eb8be0d,-,,mining,Concentrator,"Gold, silver",Diesel,GJ,308614.730821,2023-Performance-data.xlsx,SRC_NewmontCorporation_2023-Performance-data
NRJ-8eb8be0d-2023-2,2023,Site-specific,Newmont Corporation,Musselwhite,BC-MAIN-8eb8be0d,-,,mining,Concentrator,"Gold, silver",Fuel consumption|Gasoline,GJ,5437.635,2023-Performance-data.xlsx,SRC_NewmontCorporation_2023-Performance-data
NRJ-8eb8be0d-2023-3,2023,Site-specific,Newmont Corporation,Musselwhite,BC-MAIN-8eb8be0d,-,,mining,Concentrator,"Gold, silver",Propane,GJ,229891.86895,2023-Performance-data.xlsx,SRC_NewmontCorporation_2023-Performance-data
NRJ-8eb8be0d-2023-4,2023,Site-specific,Newmont Corporation,Musselwhite,BC-MAIN-8eb8be0d,-,,mining,Concentrator,"Gold, silver",Fuel consumption|Aviation fuel,GJ,27653.22904,2023-Performance-data.xlsx,SRC_NewmontCorporation_2023-Performance-data
NRJ-8eb8be0d-2023-5,2023,Site-specific,Newmont Corporation,Musselwhite,BC-MAIN-8eb8be0d,-,,mining,Concentrator,"Gold, silver",Solar,GJ,1483.2,2023-Performance-data.xlsx,SRC_NewmontCorporation_2023-Performance-data
NRJ-8eb8be0d-2023-6,2023,Site-specific,Newmont Corporation,Musselwhite,BC-MAIN-8eb8be0d,-,,mining,Concentrator,"Gold, silver",Biodiesel,GJ,11770.3702287417,2023-Performance-data.xlsx,SRC_NewmontCorporation_2023-Performance-data
NRJ-8eb8be0d-2023-7,2023,Site-specific,Newmont Corporation,Musselwhite,BC-MAIN-8eb8be0d,-,,mining,Concentrator,"Gold, silver",Electricity consumption,GJ,509889.6,2023-Performance-data.xlsx,SRC_NewmontCorporation_2023-Performance-data
NRJ-8eb8be0d-2023-8,2023,Site-specific,Newmont Corporation,Musselwhite,BC-MAIN-8eb8be0d,-,,mining,Concentrator,"Gold, silver",Electricity generated on-site,GJ,3808.98428206273,2023-Performance-data.xlsx,SRC_NewmontCorporation_2023-Performance-data
NRJ-857b7b89-2023-1,2023,Site-specific,Newmont Corporation,Red Chris,BC-MAIN-857b7b89,-,,mining,"Open-pit, concentrator","Gold, copper, silver",Diesel,GJ,1361713.858312,2023-Performance-data.xlsx,SRC_NewmontCorporation_2023-Performance-data
NRJ-857b7b89-2023-2,2023,Site-specific,Newmont Corporation,Red Chris,BC-MAIN-857b7b89,-,,mining,"Open-pit, concentrator","Gold, copper, silver",Fuel consumption|Gasoline,GJ,25050.76,2023-Performance-data.xlsx,SRC_NewmontCorporation_2023-Performance-data
NRJ-857b7b89-2023-3,2023,Site-specific,Newmont Corporation,Red Chris,BC-MAIN-857b7b89,-,,mining,"Open-pit, concentrator","Gold, copper, silver",Propane,GJ,80313.1858,2023-Performance-data.xlsx,SRC_NewmontCorporation_2023-Performance-data
NRJ-857b7b89-2023-4,2023,Site-specific,Newmont Corporation,Red Chris,BC-MAIN-857b7b89,-,,mining,"Open-pit, concentrator","Gold, copper, silver",Fuel consumption|Aviation fuel,GJ,121071.915388,2023-Performance-data.xlsx,SRC_NewmontCorporation_2023-Performance-data
NRJ-857b7b89-2023-5,2023,Site-specific,Newmont Corporation,Red Chris,BC-MAIN-857b7b89,-,,mining,"Open-pit, concentrator","Gold, copper, silver",Acytelene,GJ,2,2023-Performance-data.xlsx,SRC_NewmontCorporation_2023-Performance-data
NRJ-857b7b89-2023-6,2023,Site-specific,Newmont Corporation,Red Chris,BC-MAIN-857b7b89,-,,mining,"Open-pit, concentrator","Gold, copper, silver",Electricity consumption,GJ,1274584.3416,2023-Performance-data.xlsx,SRC_NewmontCorporation_2023-Performance-data
NRJ-857b7b89-2023-7,2023,Site-specific,Newmont Corporation,Red Chris,BC-MAIN-857b7b89,-,,mining,"Open-pit, concentrator","Gold, copper, silver",Electricity generated on-site,GJ,5528.5667,2023-Performance-data.xlsx,SRC_NewmontCorporation_2023-Performance-data
NRJ-fefeaee4-2023-1,2023,Site-specific,Newmont Corporation,Brucejack,ON-MAIN-fefeaee4,-,,mining,"Underground, concentrator","Gold, silver",Diesel,GJ,287042.447231542,2023-Performance-data.xlsx,SRC_NewmontCorporation_2023-Performance-data
NRJ-fefeaee4-2023-2,2023,Site-specific,Newmont Corporation,Brucejack,ON-MAIN-fefeaee4,-,,mining,"Underground, concentrator","Gold, silver",Fuel consumption|Used oil,GJ,2344.0244,2023-Performance-data.xlsx,SRC_NewmontCorporation_2023-Performance-data
NRJ-fefeaee4-2023-3,2023,Site-specific,Newmont Corporation,Brucejack,ON-MAIN-fefeaee4,-,,mining,"Underground, concentrator","Gold, silver",Fuel consumption|Gasoline,GJ,13568.45,2023-Performance-data.xlsx,SRC_NewmontCorporation_2023-Performance-data
NRJ-fefeaee4-2023-4,2023,Site-specific,Newmont Corporation,Brucejack,ON-MAIN-fefeaee4,-,,mining,"Underground, concentrator","Gold, silver",Propane,GJ,42071.0413,2023-Performance-data.xlsx,SRC_NewmontCorporation_2023-Performance-data
NRJ-fefeaee4-2023-5,2023,Site-specific,Newmont Corporation,Brucejack,ON-MAIN-fefeaee4,-,,mining,"Underground, concentrator","Gold, silver",Fuel consumption|Aviation fuel,GJ,72676.1107896,2023-Performance-data.xlsx,SRC_NewmontCorporation_2023-Performance-data
NRJ-fefeaee4-2023-6,2023,Site-specific,Newmont Corporation,Brucejack,ON-MAIN-fefeaee4,-,,mining,"Underground, concentrator","Gold, silver",Acytelene,GJ,18.475650648,2023-Performance-data.xlsx,SRC_NewmontCorporation_2023-Performance-data
NRJ-fefeaee4-2023-7,2023,Site-specific,Newmont Corporation,Brucejack,ON-MAIN-fefeaee4,-,,mining,"Underground, concentrator","Gold, silver",Electricity consumption,GJ,569009.5848,2023-Performance-data.xlsx,SRC_NewmontCorporation_2023-Performance-data
NRJ-fefeaee4-2023-8,2023,Site-specific,Newmont Corporation,Brucejack,ON-MAIN-fefeaee4,-,,mining,"Underground, concentrator","Gold, silver",Electricity generated on-site,GJ,86225.1173956,2023-Performance-data.xlsx,SRC_NewmontCorporation_2023-Performance-data
NRJ-GRP-147b3123-2023-1,2023,Facility-group,Pan American Silver Corp,Timmins Operation,-,GRP-147b3123,,mining,"Open-pit, underground",Gold,Diesel,GJ,384285.8,ESG_data_2023.xlsx,SRC_PanAmericanSilverCorp_ESG_data_2023
NRJ-GRP-147b3123-2023-2,2023,Facility-group,Pan American Silver Corp,Timmins Operation,-,GRP-147b3123,,mining,"Open-pit, underground",Gold,Fuel consumption|Gasoline,GJ,2946.1,ESG_data_2023.xlsx,SRC_PanAmericanSilverCorp_ESG_data_2023
NRJ-GRP-147b3123-2023-3,2023,Facility-group,Pan American Silver Corp,Timmins Operation,-,GRP-147b3123,,mining,"Open-pit, underground",Gold,Natural gas,GJ,159325.59885,ESG_data_2023.xlsx,SRC_PanAmericanSilverCorp_ESG_data_2023
NRJ-GRP-147b3123-2023-4,2023,Facility-group,Pan American Silver Corp,Timmins Operation,-,GRP-147b3123,,mining,"Open-pit, underground",Gold,Ammonium nitrate,GJ,20.7,ESG_data_2023.xlsx,SRC_PanAmericanSilverCorp_ESG_data_2023
NRJ-GRP-147b3123-2023-5,2023,Facility-group,Pan American Silver Corp,Timmins Operation,-,GRP-147b3123,,mining,"Open-pit, underground",Gold,Emulsions,GJ,2026.3,ESG_data_2023.xlsx,SRC_PanAmericanSilverCorp_ESG_data_2023
NRJ-GRP-147b3123-2023-6,2023,Facility-group,Pan American Silver Corp,Timmins Operation,-,GRP-147b3123,,mining,"Open-pit, underground",Gold,Fuel consumption|Dynamite,GJ,4889.799999999999,ESG_data_2023.xlsx,SRC_PanAmericanSilverCorp_ESG_data_2023
NRJ-GRP-147b3123-2023-7,2023,Facility-group,Pan American Silver Corp,Timmins Operation,-,GRP-147b3123,,mining,"Open-pit, underground",Gold,Electricity consumption,GJ,738226.8,ESG_data_2023.xlsx,SRC_PanAmericanSilverCorp_ESG_data_2023
NRJ-GRP-147b3123-2023-8,2023,Facility-group,Pan American Silver Corp,Timmins Operation,-,GRP-147b3123,,mining,"Open-pit, underground",Gold,Electricity generated on-site,GJ,317437.52400000003,ESG_data_2023.xlsx,SRC_PanAmericanSilverCorp_ESG_data_2023
NRJ-b466361f-2023-1,2023,Site-specific,Real Alloy Canada Ltd.,Mississauga,ON-MAIN-b466361f,-,,manufacturing,Secondary smelter,Recycled zinc,Natural gas,KCF,316310,SR_2023.pdf,SRC_RealAlloyCanadaLtd._SR_2023
NRJ-b466361f-2023-2,2023,Site-specific,Real Alloy Canada Ltd.,Mississauga,ON-MAIN-b466361f,-,,manufacturing,Secondary smelter,Recycled zinc,Electricity consumption|Not specified,MWh,4773,SR_2023.pdf,SRC_RealAlloyCanadaLtd._SR_2023
NRJ-b466361f-2023-3,2023,Site-specific,Real Alloy Canada Ltd.,Mississauga,ON-MAIN-b466361f,-,,manufacturing,Secondary smelter,Recycled zinc,Mobile equipment ,mtCO2eq?,104,SR_2023.pdf,SRC_RealAlloyCanadaLtd._SR_2023
NRJ-GRP-14bfbb82-2023-1,2023,Facility-group,SSR Mining Inc,Seabee Gold Operation,-,GRP-14bfbb82,,mining,Underground,Gold,Diesel,GJ,131655,ESG_2023.pdf,SRC_SSRMiningInc_ESG_2023
NRJ-GRP-14bfbb82-2023-2,2023,Facility-group,SSR Mining Inc,Seabee Gold Operation,-,GRP-14bfbb82,,mining,Underground,Gold,Propane,GJ,40177,ESG_2023.pdf,SRC_SSRMiningInc_ESG_2023
NRJ-GRP-14bfbb82-2023-3,2023,Facility-group,SSR Mining Inc,Seabee Gold Operation,-,GRP-14bfbb82,,mining,Underground,Gold,Other,GJ,10277,ESG_2023.pdf,SRC_SSRMiningInc_ESG_2023
NRJ-GRP-14bfbb82-2023-4,2023,Facility-group,SSR Mining Inc,Seabee Gold Operation,-,GRP-14bfbb82,,mining,Underground,Gold,Electricity consumption|Grid electricity,kWh,53673624,ESG_2023.pdf,SRC_SSRMiningInc_ESG_2023
NRJ-GRP-14bfbb82-2023-5,2023,Facility-group,SSR Mining Inc,Seabee Gold Operation,-,GRP-14bfbb82,,mining,Underground,Gold,Electricity consumption|Electricity generated on-site,kWh,452775,ESG_2023.pdf,SRC_SSRMiningInc_ESG_2023
NRJ-b64bae7a-2023-1,2023,Site-specific,Tacora Resources Inc.,Scully,NL-MAIN-b64bae7a,-,,mining,"Open-pit, concentrator",Iron,Electricity consumption|Grid electricity,TJ,1233,ESG_2024.pdf,SRC_TacoraResourcesInc._ESG_2024
NRJ-b64bae7a-2023-2,2023,Site-specific,Tacora Resources Inc.,Scully,NL-MAIN-b64bae7a,-,,mining,"Open-pit, concentrator",Iron,Oil,TJ,1058,SR_2024.pdf,SRC_TacoraResourcesInc._SR_2024
NRJ-b64bae7a-2023-3,2023,Site-specific,Tacora Resources Inc.,Scully,NL-MAIN-b64bae7a,-,,mining,"Open-pit, concentrator",Iron,Diesel,TJ,432,SR_2024.pdf,SRC_TacoraResourcesInc._SR_2024
NRJ-b64bae7a-2023-4,2023,Site-specific,Tacora Resources Inc.,Scully,NL-MAIN-b64bae7a,-,,mining,"Open-pit, concentrator",Iron,Propane,TJ,1,SR_2024.pdf,SRC_TacoraResourcesInc._SR_2024
NRJ-b64bae7a-2023-5,2023,Site-specific,Tacora Resources Inc.,Scully,NL-MAIN-b64bae7a,-,,mining,"Open-pit, concentrator",Iron,Gasoline,TJ,12,SR_2024.pdf,SRC_TacoraResourcesInc._SR_2024
NRJ-6b4800fe-2023-1,2023,Site-specific,Taseko Mines Limited,Gibraltar,BC-MAIN-6b4800fe,-,,mining,"Open-pit, concentrator","Copper, molybdenum, silver",Total energy consumed,GJ,3605539,ESG_2023.pdf,SRC_TasekoMinesLimited_ESG_2023
NRJ-6b4800fe-2023-2,2023,Site-specific,Taseko Mines Limited,Gibraltar,BC-MAIN-6b4800fe,-,,mining,"Open-pit, concentrator","Copper, molybdenum, silver",Electricity consumption|Grid electricity,GJ,1694603.3299999998,ESG_2023.pdf,SRC_TasekoMinesLimited_ESG_2023
NRJ-6b4800fe-2023-3,2023,Site-specific,Taseko Mines Limited,Gibraltar,BC-MAIN-6b4800fe,-,,mining,"Open-pit, concentrator","Copper, molybdenum, silver",Energy consumed from renewable energy,GJ,1662153.479,ESG_2023.pdf,SRC_TasekoMinesLimited_ESG_2023
NRJ-CMP-06e20c6e-2023-1,2023,Company-level,Teck Resources Limited,-,-,-,CMP-06e20c6e,mining and manufacturing,x,x,Diesel,TJ,6314,Teck-Sustainability-Databook.xlsx,SRC_TeckResourcesLimited_Teck-Sustainability-Databook
NRJ-CMP-06e20c6e-2023-2,2023,Company-level,Teck Resources Limited,-,-,-,CMP-06e20c6e,mining and manufacturing,x,x,Gasoline,TJ,54,Teck-Sustainability-Databook.xlsx,SRC_TeckResourcesLimited_Teck-Sustainability-Databook
NRJ-CMP-06e20c6e-2023-3,2023,Company-level,Teck Resources Limited,-,-,-,CMP-06e20c6e,mining and manufacturing,x,x,Coal,TJ,2306,Teck-Sustainability-Databook.xlsx,SRC_TeckResourcesLimited_Teck-Sustainability-Databook
NRJ-CMP-06e20c6e-2023-4,2023,Company-level,Teck Resources Limited,-,-,-,CMP-06e20c6e,mining and manufacturing,x,x,Natural gas,TJ,2089,Teck-Sustainability-Databook.xlsx,SRC_TeckResourcesLimited_Teck-Sustainability-Databook
NRJ-CMP-06e20c6e-2023-5,2023,Company-level,Teck Resources Limited,-,-,-,CMP-06e20c6e,mining and manufacturing,x,x,Coke & Petroleum coke,TJ,246,Teck-Sustainability-Databook.xlsx,SRC_TeckResourcesLimited_Teck-Sustainability-Databook
NRJ-CMP-06e20c6e-2023-6,2023,Company-level,Teck Resources Limited,-,-,-,CMP-06e20c6e,mining and manufacturing,x,x,Other,TJ,395,Teck-Sustainability-Databook.xlsx,SRC_TeckResourcesLimited_Teck-Sustainability-Databook
NRJ-CMP-06e20c6e-2023-7,2023,Company-level,Teck Resources Limited,-,-,-,CMP-06e20c6e,mining and manufacturing,x,x,Electricity|Not specified,TJ,13148,Teck-Sustainability-Databook.xlsx,SRC_TeckResourcesLimited_Teck-Sustainability-Databook
NRJ-9de9bb0d-2023-1,2023,Site-specific,Wesdome Gold Mines Ltd.,Eagle River,QC-MAIN-9de9bb0d,-,,mining,"Underground, concentrator",Gold,Diesel,kl,2829,ESG_data_2023.xlsx,SRC_WesdomeGoldMinesLtd._ESG_data_2023
NRJ-9de9bb0d-2023-2,2023,Site-specific,Wesdome Gold Mines Ltd.,Eagle River,QC-MAIN-9de9bb0d,-,,mining,"Underground, concentrator",Gold,Gasoline,kl,369,ESG_data_2023.xlsx,SRC_WesdomeGoldMinesLtd._ESG_data_2023
NRJ-9de9bb0d-2023-3,2023,Site-specific,Wesdome Gold Mines Ltd.,Eagle River,QC-MAIN-9de9bb0d,-,,mining,"Underground, concentrator",Gold,Explosives,t,1211,ESG_data_2023.xlsx,SRC_WesdomeGoldMinesLtd._ESG_data_2023
NRJ-9de9bb0d-2023-4,2023,Site-specific,Wesdome Gold Mines Ltd.,Eagle River,QC-MAIN-9de9bb0d,-,,mining,"Underground, concentrator",Gold,Propane,kl,2528,ESG_data_2023.xlsx,SRC_WesdomeGoldMinesLtd._ESG_data_2023
NRJ-9de9bb0d-2023-5,2023,Site-specific,Wesdome Gold Mines Ltd.,Eagle River,QC-MAIN-9de9bb0d,-,,mining,"Underground, concentrator",Gold,Electricity consumption|Grid electricity,MW,38555.380000000005,ESG_data_2023.xlsx,SRC_WesdomeGoldMinesLtd._ESG_data_2023
NRJ-9de9bb0d-2023-6,2023,Site-specific,Wesdome Gold Mines Ltd.,Eagle River,QC-MAIN-9de9bb0d,-,,mining,"Underground, concentrator",Gold,Electricity consumption|Electricity generated on-site,MW,34190.619999999995,ESG_data_2023.xlsx,SRC_WesdomeGoldMinesLtd._ESG_data_2023
NRJ-9de9bb0d-2023-7,2023,Site-specific,Wesdome Gold Mines Ltd.,Eagle River,QC-MAIN-9de9bb0d,-,,mining,"Underground, concentrator",Gold,Energy intensity,GJ/t milled,2.18,ESG_data_2023.xlsx,SRC_WesdomeGoldMinesLtd._ESG_data_2023
NRJ-9de9bb0d-2023-8,2023,Site-specific,Wesdome Gold Mines Ltd.,Eagle River,QC-MAIN-9de9bb0d,-,,mining,"Underground, concentrator",Gold,Energy intensity,GJ/oz,5.67,ESG_data_2023.xlsx,SRC_WesdomeGoldMinesLtd._ESG_data_2023
NRJ-c5fefb01-2023-1,2023,Site-specific,Wesdome Gold Mines Ltd.,Kiena,ON-MAIN-c5fefb01,-,,mining,"Open-pit, concentrator",Gold,Diesel,kl,1188,ESG_data_2023.xlsx,SRC_WesdomeGoldMinesLtd._ESG_data_2023
NRJ-c5fefb01-2023-2,2023,Site-specific,Wesdome Gold Mines Ltd.,Kiena,ON-MAIN-c5fefb01,-,,mining,"Open-pit, concentrator",Gold,Gasoline,kl,36,ESG_data_2023.xlsx,SRC_WesdomeGoldMinesLtd._ESG_data_2023
NRJ-c5fefb01-2023-3,2023,Site-specific,Wesdome Gold Mines Ltd.,Kiena,ON-MAIN-c5fefb01,-,,mining,"Open-pit, concentrator",Gold,Explosives,t,506,ESG_data_2023.xlsx,SRC_WesdomeGoldMinesLtd._ESG_data_2023
NRJ-c5fefb01-2023-4,2023,Site-specific,Wesdome Gold Mines Ltd.,Kiena,ON-MAIN-c5fefb01,-,,mining,"Open-pit, concentrator",Gold,Natural gas,kl,1528,ESG_data_2023.xlsx,SRC_WesdomeGoldMinesLtd._ESG_data_2023
NRJ-c5fefb01-2023-5,2023,Site-specific,Wesdome Gold Mines Ltd.,Kiena,ON-MAIN-c5fefb01,-,,mining,"Open-pit, concentrator",Gold,Electricity consumption|Grid electricity,MW,32053.5,ESG_data_2023.xlsx,SRC_WesdomeGoldMinesLtd._ESG_data_2023
NRJ-c5fefb01-2023-6,2023,Site-specific,Wesdome Gold Mines Ltd.,Kiena,ON-MAIN-c5fefb01,-,,mining,"Open-pit, concentrator",Gold,Electricity consumption|Electricity generated on-site,MW,10684.5,ESG_data_2023.xlsx,SRC_WesdomeGoldMinesLtd._ESG_data_2023
NRJ-c5fefb01-2023-7,2023,Site-specific,Wesdome Gold Mines Ltd.,Kiena,ON-MAIN-c5fefb01,-,,mining,"Open-pit, concentrator",Gold,Energy intensity,GJ/t milled,1.07,ESG_data_2023.xlsx,SRC_WesdomeGoldMinesLtd._ESG_data_2023
NRJ-c5fefb01-2023-8,2023,Site-specific,Wesdome Gold Mines Ltd.,Kiena,ON-MAIN-c5fefb01,-,,mining,"Open-pit, concentrator",Gold,Energy intensity,GJ/oz,5.78,ESG_data_2023.xlsx,SRC_WesdomeGoldMinesLtd._ESG_data_2023
NRJ-CMP-d5f1c66b-2023-18,2023,Company-level,Glencore,-,-,-,CMP-d5f1c66b,mining and manufacturing,x,x,Energy intensity of metals mining,GJ/t Cu-eq,40.3,2024+ESG+data+book.xlsx,SRC_Glencore_2024+ESG+data+book
NRJ-CMP-d5f1c66b-2023-19,2023,Company-level,Glencore,-,-,-,CMP-d5f1c66b,mining and manufacturing,x,x,Energy intensity of metals smelting,GJ/t Cu-eq,30.3,2024+ESG+data+book.xlsx,SRC_Glencore_2024+ESG+data+book
NRJ-CMP-7a096012-2024-1,2024,Company-level,Rio Tinto,-,-,-,CMP-7a096012,mining and manufacturing,x,x,,,,2024-sustainability-factbook.xlsx,SRC_RioTinto_2024-sustainability-factbook
