row_id,year,ghg_id,facility_name_ghg,longitude,latitude,city,province,sector,value,unit,facility_url,source_df,main_id
GHG-f0fe159e-2022-1,2022,NL-ghg-f0fe159e,Carol Project,-66.9002,52.952,Labrador City,Newfoundland and Labrador,Iron Ore Mining,826.03,kilotonnes of carbon dioxide equivalents (kt CO2 eq),https://climate-change.canada.ca/facility-emissions/GHGRP-G10052-2022.html,ghg_facility_metal_mining_df,
GHG-37210dc1-2022-1,2022,NT-ghg-37210dc1,Ekati Diamond Mine,-110.6201,64.7195,Yellowknife,Northwest Territories,Diamond Mining,164.88,kilotonnes of carbon dioxide equivalents (kt CO2 eq),https://climate-change.canada.ca/facility-emissions/GHGRP-G10101-2022.html,ghg_facility_metal_mining_df,NT-MAIN-6c1d6ee6
GHG-7947475d-2022-1,2022,MB-ghg-7947475d,HBMS Flin Flon Metallurgical Complex,-101.884,54.771,Flin Flon,Manitoba,Copper-Zinc Ore Mining,29.73,kilotonnes of carbon dioxide equivalents (kt CO2 eq),https://climate-change.canada.ca/facility-emissions/GHGRP-G10140-2022.html,ghg_facility_metal_mining_df,
GHG-7648e551-2022-1,2022,ON-ghg-7648e551,Kidd Metallurgical Site,-81.09115,48.57373,Timmins District of Cochrane,Ontario,Copper-Zinc Ore Mining,30.82,kilotonnes of carbon dioxide equivalents (kt CO2 eq),https://climate-change.canada.ca/facility-emissions/GHGRP-G10164-2022.html,ghg_facility_metal_mining_df,
GHG-5e29bbfc-2022-1,2022,QC-ghg-5e29bbfc,Mine de Mont-Wright,-67.33306,52.76639,Fermont,Quebec,Iron Ore Mining,293.1,kilotonnes of carbon dioxide equivalents (kt CO2 eq),https://climate-change.canada.ca/facility-emissions/GHGRP-G10188-2022.html,ghg_facility_metal_mining_df,QC-MAIN-084bd95c
GHG-e8c1b6c3-2022-1,2022,QC-ghg-e8c1b6c3,Mines Wabush - Sept-Iles,-66.4838,50.1616,SeptÎles,Quebec,Iron Ore Mining,,kilotonnes of carbon dioxide equivalents (kt CO2 eq),https://climate-change.canada.ca/facility-emissions/GHGRP-G10189-2013.html,ghg_facility_metal_mining_df,
GHG-2c63e116-2022-1,2022,SK-ghg-2c63e116,Mosaic Potash Belle Plaine,-105.19838,50.42872,Belle Plaine,Saskatchewan,Potash Mining,717.41,kilotonnes of carbon dioxide equivalents (kt CO2 eq),https://climate-change.canada.ca/facility-emissions/GHGRP-G10195-2022.html,ghg_facility_metal_mining_df,
GHG-492bf652-2022-1,2022,QC-ghg-492bf652,Mine Raglan,-73.6666,61.6916,Rouyn Noranda,Quebec,Nickel-Copper Ore Mining,129.26,kilotonnes of carbon dioxide equivalents (kt CO2 eq),https://climate-change.canada.ca/facility-emissions/GHGRP-G10240-2022.html,ghg_facility_metal_mining_df,QC-MAIN-a97821c0
GHG-250bb1ea-2022-1,2022,QC-ghg-250bb1ea,Usine de Bouletage de Port-Cartier,-66.791,50.0334,Port Cartier,Quebec,Iron Ore Mining,909.89,kilotonnes of carbon dioxide equivalents (kt CO2 eq),https://climate-change.canada.ca/facility-emissions/GHGRP-G10299-2022.html,ghg_facility_metal_mining_df,QC-MAIN-e25eed27
GHG-f6427b8a-2022-1,2022,NL-ghg-f6427b8a,Wabush Mines - Scully,-66.86054,52.88682,Wabush,Newfoundland and Labrador,Iron Ore Mining,110.93,kilotonnes of carbon dioxide equivalents (kt CO2 eq),https://climate-change.canada.ca/facility-emissions/GHGRP-G10350-2022.html,ghg_facility_metal_mining_df,NL-MAIN-b64bae7a
GHG-eee53082-2022-1,2022,NT-ghg-eee53082,Diavik Diamond Mines (2012) Inc.,-110.2832,64.4951,Yellowknife,Northwest Territories,Diamond Mining,194.56,kilotonnes of carbon dioxide equivalents (kt CO2 eq),https://climate-change.canada.ca/facility-emissions/GHGRP-G10381-2022.html,ghg_facility_metal_mining_df,NT-MAIN-0ec39ce0
GHG-672525a8-2022-1,2022,BC-ghg-672525a8,Teck Highland Valley Copper Partnership,-121.02132,50.47235,Logan Lake,British Columbia,Copper-Zinc Ore Mining,167.63,kilotonnes of carbon dioxide equivalents (kt CO2 eq),https://climate-change.canada.ca/facility-emissions/GHGRP-G10385-2022.html,ghg_facility_metal_mining_df,BC-MAIN-bf503b6b
GHG-332ebfa2-2022-1,2022,ZZ-ghg-332ebfa2,Kapuskasing Phosphate Operations,0.0,0.0,,Ontario,All Other Non-Metallic Mineral Mining and Quarrying,,kilotonnes of carbon dioxide equivalents (kt CO2 eq),https://climate-change.canada.ca/facility-emissions/GHGRP-G10418-2009.html,ghg_facility_metal_mining_df,
GHG-326cbbdb-2022-1,2022,SK-ghg-326cbbdb,Vanscoy Potash Operations,-107.0936,52.0057,Vanscoy,Saskatchewan,Potash Mining,54.75,kilotonnes of carbon dioxide equivalents (kt CO2 eq),https://climate-change.canada.ca/facility-emissions/GHGRP-G10419-2022.html,ghg_facility_metal_mining_df,
GHG-771c9b0e-2022-1,2022,ON-ghg-771c9b0e,Musselwhite Mine,-90.36806,52.60389,"Concession, Kenora District",Ontario,Gold and Silver Ore Mining,42.15,kilotonnes of carbon dioxide equivalents (kt CO2 eq),https://climate-change.canada.ca/facility-emissions/GHGRP-G10468-2022.html,ghg_facility_metal_mining_df,ON-MAIN-fefeaee4
GHG-2741863b-2022-1,2022,SK-ghg-2741863b,Potash Corp - Allan Division,-106.084,51.9386,Allan,Saskatchewan,Potash Mining,104.14,kilotonnes of carbon dioxide equivalents (kt CO2 eq),https://climate-change.canada.ca/facility-emissions/GHGRP-G10533-2022.html,ghg_facility_metal_mining_df,
GHG-b97e09f5-2022-1,2022,QC-ghg-b97e09f5,Mine Bachelor,-76.1247,49.4934,Desmaraisville,Quebec,Gold and Silver Ore Mining,,kilotonnes of carbon dioxide equivalents (kt CO2 eq),https://climate-change.canada.ca/facility-emissions/GHGRP-G10541-2016.html,ghg_facility_metal_mining_df,
GHG-2804ba23-2022-1,2022,QC-ghg-2804ba23,Mine Barry,-75.46,48.59,Desmaraisville,Quebec,Gold and Silver Ore Mining,,kilotonnes of carbon dioxide equivalents (kt CO2 eq),https://climate-change.canada.ca/facility-emissions/GHGRP-G10542-2016.html,ghg_facility_metal_mining_df,
GHG-7c6ec3b2-2022-1,2022,MB-ghg-7c6ec3b2,Thompson Operations,-97.8561,55.7138,Thompson,Manitoba,Nickel-Copper Ore Mining,20.21,kilotonnes of carbon dioxide equivalents (kt CO2 eq),https://climate-change.canada.ca/facility-emissions/GHGRP-G10569-2022.html,ghg_facility_metal_mining_df,
GHG-8b0d2833-2022-1,2022,NL-ghg-8b0d2833,Voisey's Bay Mine Site,-62.0985,56.3325,Happy Valley Goose Bay,Newfoundland and Labrador,Nickel-Copper Ore Mining,148.26,kilotonnes of carbon dioxide equivalents (kt CO2 eq),https://climate-change.canada.ca/facility-emissions/GHGRP-G10570-2022.html,ghg_facility_metal_mining_df,
GHG-dec74d5e-2022-1,2022,ON-ghg-dec74d5e,Sudbury Operations Mines Mill - Onaping Area,-81.3425,46.67417,Onaping,Ontario,Nickel-Copper Ore Mining,28.17,kilotonnes of carbon dioxide equivalents (kt CO2 eq),https://climate-change.canada.ca/facility-emissions/GHGRP-G10580-2022.html,ghg_facility_metal_mining_df,
GHG-05d2c8b0-2022-1,2022,NU-ghg-05d2c8b0,Division Meadowbank,-96.074841,65.021601,Baker Lake,Nunavut,Gold and Silver Ore Mining,248.77,kilotonnes of carbon dioxide equivalents (kt CO2 eq),https://climate-change.canada.ca/facility-emissions/GHGRP-G10587-2022.html,ghg_facility_metal_mining_df,NU-MAIN-730aefe3
GHG-d63b4198-2022-1,2022,QC-ghg-d63b4198,Mine de Fire Lake,-67.36917,52.35028,Mont Wright,Quebec,Iron Ore Mining,53.8,kilotonnes of carbon dioxide equivalents (kt CO2 eq),https://climate-change.canada.ca/facility-emissions/GHGRP-G10589-2022.html,ghg_facility_metal_mining_df,QC-MAIN-33c09b8b
GHG-bcbadc4b-2022-1,2022,BC-ghg-bcbadc4b,Mount Polley Mine,-121.6328,52.5443,Likely,British Columbia,All Other Metal Ore Mining,31.81,kilotonnes of carbon dioxide equivalents (kt CO2 eq),https://climate-change.canada.ca/facility-emissions/GHGRP-G10613-2022.html,ghg_facility_metal_mining_df,BC-MAIN-3f490561
GHG-b5486be2-2022-1,2022,ON-ghg-b5486be2,Macassa Mine,-80.06056,48.14611,Kirkland Lake,Ontario,Gold and Silver Ore Mining,24.25,kilotonnes of carbon dioxide equivalents (kt CO2 eq),https://climate-change.canada.ca/facility-emissions/GHGRP-G10617-2022.html,ghg_facility_metal_mining_df,ON-MAIN-1f126a43
GHG-9684b826-2022-1,2022,SK-ghg-9684b826,MOSAIC POTASH ESTERHAZY - K2 SITE,-101.8422,50.6574,Esterhazy,Saskatchewan,Potash Mining,112.68,kilotonnes of carbon dioxide equivalents (kt CO2 eq),https://climate-change.canada.ca/facility-emissions/GHGRP-G10620-2022.html,ghg_facility_metal_mining_df,
GHG-8c75170b-2022-1,2022,SK-ghg-8c75170b,PotashCorp Rocanville,-101.5356,50.4613,Rocanville,Saskatchewan,Potash Mining,129.75,kilotonnes of carbon dioxide equivalents (kt CO2 eq),https://climate-change.canada.ca/facility-emissions/GHGRP-G10626-2022.html,ghg_facility_metal_mining_df,
GHG-20b48af8-2022-1,2022,NB-ghg-20b48af8,Brunswick Mine,-65.8897,47.4717,Bathurst,New Brunswick,Lead-Zinc Ore Mining,,kilotonnes of carbon dioxide equivalents (kt CO2 eq),https://climate-change.canada.ca/facility-emissions/GHGRP-G10655-2013.html,ghg_facility_metal_mining_df,
GHG-6a3d01c9-2022-1,2022,SK-ghg-6a3d01c9,POTASH CORP - LANIGAN DIVISION,-105.20742,51.85363,Lanigan,Saskatchewan,Potash Mining,97.58,kilotonnes of carbon dioxide equivalents (kt CO2 eq),https://climate-change.canada.ca/facility-emissions/GHGRP-G10658-2022.html,ghg_facility_metal_mining_df,
GHG-6fdeb9f2-2022-1,2022,QC-ghg-6fdeb9f2,Mine Canadian Malartic GP,-78.12927,48.12451,Malartic,Quebec,Gold and Silver Ore Mining,194.87,kilotonnes of carbon dioxide equivalents (kt CO2 eq),https://climate-change.canada.ca/facility-emissions/GHGRP-G10669-2022.html,ghg_facility_metal_mining_df,QC-MAIN-e7e6a960
GHG-78939bc8-2022-1,2022,BC-ghg-78939bc8,Gibraltar Mine (SFO),-122.2851,52.5299,Mcleese Lake,British Columbia,Copper-Zinc Ore Mining,122.39,kilotonnes of carbon dioxide equivalents (kt CO2 eq),https://climate-change.canada.ca/facility-emissions/GHGRP-G10679-2022.html,ghg_facility_metal_mining_df,BC-MAIN-6b4800fe
GHG-d36cbbf7-2022-1,2022,NU-ghg-d36cbbf7,Hope Bay Project,-106.61072,68.13925,Cambridge Bay,Nunavut,Gold and Silver Ore Mining,34.5,kilotonnes of carbon dioxide equivalents (kt CO2 eq),https://climate-change.canada.ca/facility-emissions/GHGRP-G10681-2022.html,ghg_facility_metal_mining_df,
GHG-379b0459-2022-1,2022,ZZ-ghg-379b0459,North Vancouver Office,0.0,0.0,North Vancouver,British Columbia,Gold and Silver Ore Mining,,kilotonnes of carbon dioxide equivalents (kt CO2 eq),https://climate-change.canada.ca/facility-emissions/GHGRP-G10682-2011.html,ghg_facility_metal_mining_df,
GHG-df16ed9c-2022-1,2022,SK-ghg-df16ed9c,CORY,-106.8741,52.0904,Saskatoon,Saskatchewan,Potash Mining,63.84,kilotonnes of carbon dioxide equivalents (kt CO2 eq),https://climate-change.canada.ca/facility-emissions/GHGRP-G10715-2022.html,ghg_facility_metal_mining_df,
GHG-8b62c82c-2022-1,2022,SK-ghg-8b62c82c,Patience Lake Division,-106.6609,52.117,Saskatoon,Saskatchewan,Potash Mining,59.71,kilotonnes of carbon dioxide equivalents (kt CO2 eq),https://climate-change.canada.ca/facility-emissions/GHGRP-G10716-2022.html,ghg_facility_metal_mining_df,
GHG-0ef6e56a-2022-1,2022,QC-ghg-0ef6e56a,Mine du Lac Bloom,-67.29972,52.84556,Fermont,Quebec,Iron Ore Mining,92.88,kilotonnes of carbon dioxide equivalents (kt CO2 eq),https://climate-change.canada.ca/facility-emissions/GHGRP-G10722-2022.html,ghg_facility_metal_mining_df,
GHG-ba8dd8e9-2022-1,2022,ZZ-ghg-ba8dd8e9,James Mine and Silveryards,0.0,0.0,Near Schefferville Quebec,Newfoundland and Labrador,Iron Ore Mining,,kilotonnes of carbon dioxide equivalents (kt CO2 eq),https://climate-change.canada.ca/facility-emissions/GHGRP-G10752-2013.html,ghg_facility_metal_mining_df,
GHG-26a6989a-2022-1,2022,QC-ghg-26a6989a,mine langlois,-76.4042,49.1474,Lebel Sur Quevillon,Quebec,Copper-Zinc Ore Mining,,kilotonnes of carbon dioxide equivalents (kt CO2 eq),https://climate-change.canada.ca/facility-emissions/GHGRP-G10754-2015.html,ghg_facility_metal_mining_df,
GHG-040214b4-2022-1,2022,ON-ghg-040214b4,Detour Lake Project,-79.70393,50.0171,Cochrane,Ontario,Gold and Silver Ore Mining,272.16,kilotonnes of carbon dioxide equivalents (kt CO2 eq),https://climate-change.canada.ca/facility-emissions/GHGRP-G10765-2022.html,ghg_facility_metal_mining_df,ON-MAIN-aeafbb59
GHG-988b370c-2022-1,2022,SK-ghg-988b370c,Mosaic Potash Colonsay,-105.7638,51.9333,Colonsay,Saskatchewan,Potash Mining,40.84,kilotonnes of carbon dioxide equivalents (kt CO2 eq),https://climate-change.canada.ca/facility-emissions/GHGRP-G10783-2022.html,ghg_facility_metal_mining_df,
GHG-a19e587a-2022-1,2022,BC-ghg-a19e587a,Myra Falls Mine Ltd.,-125.60194,49.57694,Campbell River,British Columbia,Copper-Zinc Ore Mining,26.43,kilotonnes of carbon dioxide equivalents (kt CO2 eq),https://climate-change.canada.ca/facility-emissions/GHGRP-G10785-2022.html,ghg_facility_metal_mining_df,BC-MAIN-23155c25
GHG-a0c50601-2022-1,2022,NB-ghg-a0c50601,New Brunswick Division,-65.4205,45.7553,Penobsquis,New Brunswick,Potash Mining,,kilotonnes of carbon dioxide equivalents (kt CO2 eq),https://climate-change.canada.ca/facility-emissions/GHGRP-G10820-2015.html,ghg_facility_metal_mining_df,
GHG-3ab3cb78-2022-1,2022,NU-ghg-3ab3cb78,Mary River Mine Site,-79.28194,71.3146,,Nunavut,Iron Ore Mining,97.4,kilotonnes of carbon dioxide equivalents (kt CO2 eq),https://climate-change.canada.ca/facility-emissions/GHGRP-G10835-2022.html,ghg_facility_metal_mining_df,
GHG-c3b1767a-2022-1,2022,ON-ghg-c3b1767a,Windsor Plant,-83.0921,42.2875,Windsor,Ontario,Salt Mining,44.0,kilotonnes of carbon dioxide equivalents (kt CO2 eq),https://climate-change.canada.ca/facility-emissions/GHGRP-G10838-2022.html,ghg_facility_metal_mining_df,
GHG-1c4f0ff7-2022-1,2022,ON-ghg-1c4f0ff7,Williams Mine,-85.9188,48.6942,Marathon,Ontario,Gold and Silver Ore Mining,21.28,kilotonnes of carbon dioxide equivalents (kt CO2 eq),https://climate-change.canada.ca/facility-emissions/GHGRP-G10857-2022.html,ghg_facility_metal_mining_df,
GHG-fd5e11e0-2022-1,2022,NU-ghg-fd5e11e0,Meliadine Gold Project,-92.13417,63.22417,Rankin Inlet,Nunavut,Gold and Silver Ore Mining,131.23,kilotonnes of carbon dioxide equivalents (kt CO2 eq),https://climate-change.canada.ca/facility-emissions/GHGRP-G10863-2022.html,ghg_facility_metal_mining_df,
GHG-46c5fef3-2022-1,2022,BC-ghg-46c5fef3,Brucejack Gold Mine,-130.18596,56.46624,Stewart,British Columbia,Gold and Silver Ore Mining,30.52,kilotonnes of carbon dioxide equivalents (kt CO2 eq),https://climate-change.canada.ca/facility-emissions/GHGRP-G10873-2022.html,ghg_facility_metal_mining_df,BC-MAIN-857b7b89
GHG-aa61d036-2022-1,2022,SK-ghg-aa61d036,Seabee,-103.2255,55.241,Saskatoon,Saskatchewan,Gold and Silver Ore Mining,15.06,kilotonnes of carbon dioxide equivalents (kt CO2 eq),https://climate-change.canada.ca/facility-emissions/GHGRP-G10890-2022.html,ghg_facility_metal_mining_df,
GHG-b5b1e342-2022-1,2022,ZZ-ghg-b5b1e342,Shelburne Basin Venture,-62.93907,42.32611,Halifax,Nova Scotia,Oil and Gas Contract Drilling,,kilotonnes of carbon dioxide equivalents (kt CO2 eq),https://climate-change.canada.ca/facility-emissions/GHGRP-G10898-2016.html,ghg_facility_metal_mining_df,
GHG-ec0d44b9-2022-1,2022,NU-ghg-ec0d44b9,Milne Port Site,-80.88611,71.88444,,Nunavut,Iron Ore Mining,85.14,kilotonnes of carbon dioxide equivalents (kt CO2 eq),https://climate-change.canada.ca/facility-emissions/GHGRP-G10900-2022.html,ghg_facility_metal_mining_df,
GHG-b76affac-2022-1,2022,ON-ghg-b76affac,Red Lake Gold Mines,-93.74433,51.06078,Balmertown,Ontario,Gold and Silver Ore Mining,,kilotonnes of carbon dioxide equivalents (kt CO2 eq),https://climate-change.canada.ca/facility-emissions/GHGRP-G10902-2017.html,ghg_facility_metal_mining_df,ON-MAIN-7f050560
GHG-dbd6a6d4-2022-1,2022,QC-ghg-dbd6a6d4,Casa Berardi,-79.1646,49.3357,Eeyou Istchee,Quebec,Gold and Silver Ore Mining,30.08,kilotonnes of carbon dioxide equivalents (kt CO2 eq),https://climate-change.canada.ca/facility-emissions/GHGRP-G10904-2022.html,ghg_facility_metal_mining_df,
GHG-7c29b923-2022-1,2022,ON-ghg-7c29b923,Clarabelle Mill,-81.0561,46.495,Copper Cliff,Ontario,Nickel-Copper Ore Mining,,kilotonnes of carbon dioxide equivalents (kt CO2 eq),https://climate-change.canada.ca/facility-emissions/GHGRP-G10905-2018.html,ghg_facility_metal_mining_df,ON-MAIN-de2f9639
GHG-e49b12fa-2022-1,2022,ON-ghg-e49b12fa,Coleman Mine,-81.3836,46.6435,Levack,Ontario,Nickel-Copper Ore Mining,,kilotonnes of carbon dioxide equivalents (kt CO2 eq),https://climate-change.canada.ca/facility-emissions/GHGRP-G10906-2018.html,ghg_facility_metal_mining_df,ON-MAIN-6e9b2449
GHG-ca2f6a7d-2022-1,2022,QC-ghg-ca2f6a7d,La Mine Niobec,-71.1578,48.5322,Saint Honoré,Quebec,All Other Metal Ore Mining,14.23,kilotonnes of carbon dioxide equivalents (kt CO2 eq),https://climate-change.canada.ca/facility-emissions/GHGRP-G10907-2022.html,ghg_facility_metal_mining_df,QC-MAIN-a555d9b9
GHG-4a695e91-2022-1,2022,SK-ghg-4a695e91,McClean Lake Operations,-103.91694,58.25,Saskatoon,Saskatchewan,Uranium Ore Mining,25.36,kilotonnes of carbon dioxide equivalents (kt CO2 eq),https://climate-change.canada.ca/facility-emissions/GHGRP-G10908-2022.html,ghg_facility_metal_mining_df,
GHG-44504bd0-2022-1,2022,SK-ghg-44504bd0,MOSAIC POTASH ESTERHAZY - K1 SITE,-101.9308,50.7283,Regina,Saskatchewan,Potash Mining,48.43,kilotonnes of carbon dioxide equivalents (kt CO2 eq),https://climate-change.canada.ca/facility-emissions/GHGRP-G10909-2022.html,ghg_facility_metal_mining_df,
GHG-ac877647-2022-1,2022,ON-ghg-ac877647,Victor Mine,-83.9696,52.8279,Kenora,Ontario,Diamond Mining,11.51,kilotonnes of carbon dioxide equivalents (kt CO2 eq),https://climate-change.canada.ca/facility-emissions/GHGRP-G10910-2022.html,ghg_facility_metal_mining_df,
GHG-4302641b-2022-1,2022,QC-ghg-4302641b,La mine Doyon,-78.4354,48.2526,Preissac,Quebec,Gold and Silver Ore Mining,15.71,kilotonnes of carbon dioxide equivalents (kt CO2 eq),https://climate-change.canada.ca/facility-emissions/GHGRP-G10911-2022.html,ghg_facility_metal_mining_df,
GHG-e85840d4-2022-1,2022,ON-ghg-e85840d4,Timmins Micronizing Plant,-81.318,48.4745,Timmins,Ontario,All Other Non-Metallic Mineral Mining and Quarrying,11.07,kilotonnes of carbon dioxide equivalents (kt CO2 eq),https://climate-change.canada.ca/facility-emissions/GHGRP-G10912-2022.html,ghg_facility_metal_mining_df,
GHG-6f33712d-2022-1,2022,SK-ghg-6f33712d,Key Lake Operation,-105.67861,57.21194,Saskatoon,Saskatchewan,Uranium Ore Mining,26.67,kilotonnes of carbon dioxide equivalents (kt CO2 eq),https://climate-change.canada.ca/facility-emissions/GHGRP-G10913-2022.html,ghg_facility_metal_mining_df,SK-MAIN-bb89158f
GHG-dc86d175-2022-1,2022,ON-ghg-dc86d175,Island Gold Mine,-84.55278,48.35028,Dubreuilville,Ontario,Gold and Silver Ore Mining,15.75,kilotonnes of carbon dioxide equivalents (kt CO2 eq),https://climate-change.canada.ca/facility-emissions/GHGRP-G10917-2022.html,ghg_facility_metal_mining_df,
GHG-25d4dd16-2022-1,2022,SK-ghg-25d4dd16,Rabbit Lake Operation,-103.7158,58.1938,Saskatoon,Saskatchewan,Uranium Ore Mining,,kilotonnes of carbon dioxide equivalents (kt CO2 eq),https://climate-change.canada.ca/facility-emissions/GHGRP-G10918-2018.html,ghg_facility_metal_mining_df,
GHG-af07f2db-2022-1,2022,ON-ghg-af07f2db,GODERICH PLANT,-81.6965,43.7375,Goderich,Ontario,Salt Mining,19.18,kilotonnes of carbon dioxide equivalents (kt CO2 eq),https://climate-change.canada.ca/facility-emissions/GHGRP-G10919-2022.html,ghg_facility_metal_mining_df,
GHG-eedca06c-2022-1,2022,ON-ghg-eedca06c,Nepheline Syenite Operations,-77.9456,44.6746,Havelock,Ontario,"Shale, Clay and Refractory Mineral Mining and Quarrying",11.73,kilotonnes of carbon dioxide equivalents (kt CO2 eq),https://climate-change.canada.ca/facility-emissions/GHGRP-G10920-2022.html,ghg_facility_metal_mining_df,
GHG-e20542f2-2022-1,2022,MB-ghg-e20542f2,HBMS Chisel Lake Mine,-100.12,54.83,Snow Lake,Manitoba,Copper-Zinc Ore Mining,27.22,kilotonnes of carbon dioxide equivalents (kt CO2 eq),https://climate-change.canada.ca/facility-emissions/GHGRP-G10921-2022.html,ghg_facility_metal_mining_df,
GHG-098e1c8b-2022-1,2022,SK-ghg-098e1c8b,McArthur River Operation,-105.065,57.75556,Saskatoon,Saskatchewan,Uranium Ore Mining,20.51,kilotonnes of carbon dioxide equivalents (kt CO2 eq),https://climate-change.canada.ca/facility-emissions/GHGRP-G10922-2022.html,ghg_facility_metal_mining_df,SK-MAIN-d3c471e8
GHG-da9074e8-2022-1,2022,SK-ghg-da9074e8,Cigar Lake Operation,-104.542,58.0676,Sasktoon,Saskatchewan,Uranium Ore Mining,25.21,kilotonnes of carbon dioxide equivalents (kt CO2 eq),https://climate-change.canada.ca/facility-emissions/GHGRP-G10923-2022.html,ghg_facility_metal_mining_df,SK-MAIN-91cf5448
GHG-bdf088a0-2022-1,2022,ON-ghg-bdf088a0,Porcupine Gold Mines,-81.2475,48.46306,South Porcupine,Ontario,Gold and Silver Ore Mining,55.28,kilotonnes of carbon dioxide equivalents (kt CO2 eq),https://climate-change.canada.ca/facility-emissions/GHGRP-G10924-2022.html,ghg_facility_metal_mining_df,ON-MAIN-3b3e5365
GHG-c5ea8efa-2022-1,2022,ON-ghg-c5ea8efa,Impala Canada Ltd.,-89.61435,49.16168,Thunder Bay,Ontario,All Other Metal Ore Mining,56.48,kilotonnes of carbon dioxide equivalents (kt CO2 eq),https://climate-change.canada.ca/facility-emissions/GHGRP-G10926-2022.html,ghg_facility_metal_mining_df,
GHG-01be4855-2022-1,2022,ON-ghg-01be4855,Lake Shore Gold Timmins West Mine,-81.5575,48.384,Timmins,Ontario,Gold and Silver Ore Mining,14.34,kilotonnes of carbon dioxide equivalents (kt CO2 eq),https://climate-change.canada.ca/facility-emissions/GHGRP-G10929-2022.html,ghg_facility_metal_mining_df,ON-MAIN-f3e6ff08
GHG-7ff4a674-2022-1,2022,ON-ghg-7ff4a674,McEwen Ontario Black Fox Mine,-80.21,48.3,Matheson,Ontario,Gold and Silver Ore Mining,9.06,kilotonnes of carbon dioxide equivalents (kt CO2 eq),https://climate-change.canada.ca/facility-emissions/GHGRP-G10930-2022.html,ghg_facility_metal_mining_df,
GHG-a573afd1-2022-1,2022,ON-ghg-a573afd1,Bell Creek Complex,-81.173,48.5523,Porcupine,Ontario,Gold and Silver Ore Mining,11.32,kilotonnes of carbon dioxide equivalents (kt CO2 eq),https://climate-change.canada.ca/facility-emissions/GHGRP-G10931-2022.html,ghg_facility_metal_mining_df,ON-MAIN-bfbcd72e
GHG-87b2602e-2022-1,2022,QC-ghg-87b2602e,Bracemac-McLeod,-77.41739,49.41487,Matagami,Quebec,Copper-Zinc Ore Mining,,kilotonnes of carbon dioxide equivalents (kt CO2 eq),https://climate-change.canada.ca/facility-emissions/GHGRP-G11336-2021.html,ghg_facility_metal_mining_df,
GHG-27670824-2022-1,2022,ON-ghg-27670824,Young-Davidson,-80.67722,47.94722,Matachewan,Ontario,Gold and Silver Ore Mining,24.61,kilotonnes of carbon dioxide equivalents (kt CO2 eq),https://climate-change.canada.ca/facility-emissions/GHGRP-G11375-2022.html,ghg_facility_metal_mining_df,ON-MAIN-7607a50e
GHG-62931986-2022-1,2022,QC-ghg-62931986,Projet Nunavik Nickel,-73.3234,61.3239,Kattiniq,Quebec,Nickel-Copper Ore Mining,129.62,kilotonnes of carbon dioxide equivalents (kt CO2 eq),https://climate-change.canada.ca/facility-emissions/GHGRP-G11382-2022.html,ghg_facility_metal_mining_df,
GHG-8fe549b8-2022-1,2022,SK-ghg-8fe549b8,Jansen Project,-104.7276,51.88147,Saskatoon,Saskatchewan,Potash Mining,20.51,kilotonnes of carbon dioxide equivalents (kt CO2 eq),https://climate-change.canada.ca/facility-emissions/GHGRP-G11389-2022.html,ghg_facility_metal_mining_df,SK-MAIN-f79436ec
GHG-31cd3296-2022-1,2022,MB-ghg-31cd3296,HBMS Reed Mine,-100.63,54.58,Flin Flon,Manitoba,Copper-Zinc Ore Mining,,kilotonnes of carbon dioxide equivalents (kt CO2 eq),https://climate-change.canada.ca/facility-emissions/GHGRP-G11422-2017.html,ghg_facility_metal_mining_df,
GHG-e62a8d55-2022-1,2022,NT-ghg-e62a8d55,Gahcho Kue Mine,-109.2,63.43,Kennady Lake,Northwest Territories,Diamond Mining,116.27,kilotonnes of carbon dioxide equivalents (kt CO2 eq),https://climate-change.canada.ca/facility-emissions/GHGRP-G11472-2022.html,ghg_facility_metal_mining_df,
GHG-684e83be-2022-1,2022,ON-ghg-684e83be,Rainy River Mine,-94.003,48.848,Emo,Ontario,Gold and Silver Ore Mining,128.42,kilotonnes of carbon dioxide equivalents (kt CO2 eq),https://climate-change.canada.ca/facility-emissions/GHGRP-G11496-2022.html,ghg_facility_metal_mining_df,ON-MAIN-0aadf28f
GHG-224eadbd-2022-1,2022,SK-ghg-224eadbd,Bethune Mine,-105.38,50.65,Bethune,Saskatchewan,Potash Mining,739.45,kilotonnes of carbon dioxide equivalents (kt CO2 eq),https://climate-change.canada.ca/facility-emissions/GHGRP-G11513-2022.html,ghg_facility_metal_mining_df,
GHG-5f9829ae-2022-1,2022,QC-ghg-5f9829ae,Mine Renard,-72.21557,52.81068,Baie James,Quebec,Diamond Mining,67.2,kilotonnes of carbon dioxide equivalents (kt CO2 eq),https://climate-change.canada.ca/facility-emissions/GHGRP-G11519-2022.html,ghg_facility_metal_mining_df,QC-MAIN-3032c251
GHG-cfdcc801-2022-1,2022,ZZ-ghg-cfdcc801,Henry Goodrich,-48.0393,46.7868,St. John's,Newfoundland and Labrador,Oil and Gas Contract Drilling,,kilotonnes of carbon dioxide equivalents (kt CO2 eq),https://climate-change.canada.ca/facility-emissions/GHGRP-G11634-2019.html,ghg_facility_metal_mining_df,
GHG-a68fccdf-2022-1,2022,ZZ-ghg-a68fccdf,Transocean Barents,-48.4979,46.4619,St. John's,Newfoundland and Labrador,Oil and Gas Contract Drilling,,kilotonnes of carbon dioxide equivalents (kt CO2 eq),https://climate-change.canada.ca/facility-emissions/GHGRP-G11635-2019.html,ghg_facility_metal_mining_df,
GHG-9a2291e3-2022-1,2022,NL-ghg-9a2291e3,DSO Timmins Project,-67.08321,54.88983,,Newfoundland and Labrador,Iron Ore Mining,40.69,kilotonnes of carbon dioxide equivalents (kt CO2 eq),https://climate-change.canada.ca/facility-emissions/GHGRP-G11734-2022.html,ghg_facility_metal_mining_df,
GHG-3fd8dbde-2022-1,2022,QC-ghg-3fd8dbde,North American Lithium,-77.82782,48.40579,La Corne,Quebec,All Other Metal Ore Mining,,kilotonnes of carbon dioxide equivalents (kt CO2 eq),https://climate-change.canada.ca/facility-emissions/GHGRP-G11736-2018.html,ghg_facility_metal_mining_df,QC-MAIN-dc1a16f9
GHG-1708f09b-2022-1,2022,AB-ghg-1708f09b,Sil Industrial Minerals Lamont Plant,-112.92419,53.9063,Bruderheim,Alberta,All Other Non-Metallic Mineral Mining and Quarrying,17.38,kilotonnes of carbon dioxide equivalents (kt CO2 eq),https://climate-change.canada.ca/facility-emissions/GHGRP-G11766-2022.html,ghg_facility_metal_mining_df,
GHG-b6afc5cd-2022-1,2022,QC-ghg-b6afc5cd,Rio Tinto Fer et Titane inc. - HAVRE-SAINT-PIERRE,-63.6064,50.2435,Havre Saint Pierre,Quebec,Iron Ore Mining,25.05,kilotonnes of carbon dioxide equivalents (kt CO2 eq),https://climate-change.canada.ca/facility-emissions/GHGRP-G11767-2022.html,ghg_facility_metal_mining_df,
GHG-bee8a256-2022-1,2022,QC-ghg-bee8a256,Division Goldex,-77.874,48.0923,Val D'or,Quebec,Gold and Silver Ore Mining,13.78,kilotonnes of carbon dioxide equivalents (kt CO2 eq),https://climate-change.canada.ca/facility-emissions/GHGRP-G11770-2022.html,ghg_facility_metal_mining_df,QC-MAIN-c0660aec
GHG-643920c5-2022-1,2022,QC-ghg-643920c5,Division Laronde,-78.3958,48.2375,Rouyn Noranda,Quebec,Gold and Silver Ore Mining,40.79,kilotonnes of carbon dioxide equivalents (kt CO2 eq),https://climate-change.canada.ca/facility-emissions/GHGRP-G11794-2022.html,ghg_facility_metal_mining_df,
GHG-48ea5788-2022-1,2022,QC-ghg-48ea5788,Mine Éléonore,-76.04389,52.42083,Rouyn Noranda,Quebec,Gold and Silver Ore Mining,27.84,kilotonnes of carbon dioxide equivalents (kt CO2 eq),https://climate-change.canada.ca/facility-emissions/GHGRP-G11804-2022.html,ghg_facility_metal_mining_df,
GHG-cd1705d1-2022-1,2022,ON-ghg-cd1705d1,IKO Madoc,-77.5348,44.4961,Madoc,Ontario,All Other Non-Metallic Mineral Mining and Quarrying,25.16,kilotonnes of carbon dioxide equivalents (kt CO2 eq),https://climate-change.canada.ca/facility-emissions/GHGRP-G11827-2022.html,ghg_facility_metal_mining_df,
GHG-3a27e4b9-2022-1,2022,YT-ghg-3a27e4b9,Minto Mine,-137.15,62.37,Unorganized Yukon,Yukon,All Other Metal Ore Mining,,kilotonnes of carbon dioxide equivalents (kt CO2 eq),https://climate-change.canada.ca/facility-emissions/GHGRP-G11842-2021.html,ghg_facility_metal_mining_df,
GHG-f735ba1c-2022-1,2022,SK-ghg-f735ba1c,Chaplin,-106.66843,50.4615,Chaplin,Saskatchewan,Salt Mining,11.31,kilotonnes of carbon dioxide equivalents (kt CO2 eq),https://climate-change.canada.ca/facility-emissions/GHGRP-G11876-2022.html,ghg_facility_metal_mining_df,
GHG-4a975441-2022-1,2022,BC-ghg-4a975441,Copper Mountain Mine,-120.51,49.34556,Princeton,British Columbia,Copper-Zinc Ore Mining,82.92,kilotonnes of carbon dioxide equivalents (kt CO2 eq),https://climate-change.canada.ca/facility-emissions/GHGRP-G11894-2022.html,ghg_facility_metal_mining_df,BC-MAIN-599152a0
GHG-3a5592c0-2022-1,2022,ON-ghg-3a5592c0,Red Lake Operation,-93.74407,51.0597,Balmertown,Ontario,Gold and Silver Ore Mining,31.68,kilotonnes of carbon dioxide equivalents (kt CO2 eq),https://climate-change.canada.ca/facility-emissions/GHGRP-G11951-2022.html,ghg_facility_metal_mining_df,ON-MAIN-7f050560
GHG-e798b133-2022-1,2022,SK-ghg-e798b133,UNITY PLANT,-109.1111,52.4294,Unity,Saskatchewan,Salt Mining,26.91,kilotonnes of carbon dioxide equivalents (kt CO2 eq),https://climate-change.canada.ca/facility-emissions/GHGRP-G11981-2022.html,ghg_facility_metal_mining_df,
GHG-8b61e87e-2022-1,2022,NS-ghg-8b61e87e,Touquoy Mine,-62.91917,44.97361,Middle Musquodoboit,Nova Scotia,Gold and Silver Ore Mining,9.72,kilotonnes of carbon dioxide equivalents (kt CO2 eq),https://climate-change.canada.ca/facility-emissions/GHGRP-G12010-2022.html,ghg_facility_metal_mining_df,
GHG-6e4f7391-2022-1,2022,ON-ghg-6e4f7391,Garson Mine,-80.8562,46.5667,Garson,Ontario,Nickel-Copper Ore Mining,,kilotonnes of carbon dioxide equivalents (kt CO2 eq),https://climate-change.canada.ca/facility-emissions/GHGRP-G12032-2018.html,ghg_facility_metal_mining_df,ON-MAIN-48fe2205
GHG-99fc1802-2022-1,2022,ON-ghg-99fc1802,Copper Cliff Mine (South),-81.0758,46.459,Copper Cliff,Ontario,Nickel-Copper Ore Mining,,kilotonnes of carbon dioxide equivalents (kt CO2 eq),https://climate-change.canada.ca/facility-emissions/GHGRP-G12033-2018.html,ghg_facility_metal_mining_df,
GHG-f36527aa-2022-1,2022,BC-ghg-f36527aa,Silvertip Mine,-127.64762,53.72667,Vancouver,British Columbia,Lead-Zinc Ore Mining,14.53,kilotonnes of carbon dioxide equivalents (kt CO2 eq),https://climate-change.canada.ca/facility-emissions/GHGRP-G12112-2022.html,ghg_facility_metal_mining_df,
GHG-846374e8-2022-1,2022,NB-ghg-846374e8,Caribou Mine,-66.29889,47.58056,Bathurst,New Brunswick,Lead-Zinc Ore Mining,,kilotonnes of carbon dioxide equivalents (kt CO2 eq),https://climate-change.canada.ca/facility-emissions/GHGRP-G12142-2021.html,ghg_facility_metal_mining_df,
GHG-4dd8bd29-2022-1,2022,BC-ghg-4dd8bd29,Mount Milligan Mine,-124.00305,55.12046,Bulkley Nechako C,British Columbia,Copper-Zinc Ore Mining,73.25,kilotonnes of carbon dioxide equivalents (kt CO2 eq),https://climate-change.canada.ca/facility-emissions/GHGRP-G12158-2022.html,ghg_facility_metal_mining_df,BC-MAIN-ed23117f
GHG-264c5f77-2022-1,2022,QC-ghg-264c5f77,Osisko Mining inc Project Windfall,-75.6518,49.07366,Lebel Sur Quévillon,Quebec,Other Support Activities for Mining,21.89,kilotonnes of carbon dioxide equivalents (kt CO2 eq),https://climate-change.canada.ca/facility-emissions/GHGRP-G12184-2022.html,ghg_facility_metal_mining_df,
GHG-559738ac-2022-1,2022,ON-ghg-559738ac,Eagle River Mill,-85.42307,48.10634,Wawa,Ontario,Gold and Silver Ore Mining,12.77,kilotonnes of carbon dioxide equivalents (kt CO2 eq),https://climate-change.canada.ca/facility-emissions/GHGRP-G12304-2022.html,ghg_facility_metal_mining_df,
GHG-7234ff07-2022-1,2022,QC-ghg-7234ff07,Eldorado Gold (Québec) Inc.,-77.45517,48.63633,Val D'or,Quebec,Gold and Silver Ore Mining,15.09,kilotonnes of carbon dioxide equivalents (kt CO2 eq),https://climate-change.canada.ca/facility-emissions/GHGRP-G12404-2022.html,ghg_facility_metal_mining_df,
GHG-7be72216-2022-1,2022,YT-ghg-7be72216,Eagle Gold Mine,-135.8343,64.02545,Vancouver,British Columbia,Gold and Silver Ore Mining,51.74,kilotonnes of carbon dioxide equivalents (kt CO2 eq),https://climate-change.canada.ca/facility-emissions/GHGRP-G12459-2022.html,ghg_facility_metal_mining_df,
GHG-294f6cf3-2022-1,2022,ON-ghg-294f6cf3,Côté Gold,-81.94055,47.55556,Gogama,Ontario,Gold and Silver Ore Mining,12.39,kilotonnes of carbon dioxide equivalents (kt CO2 eq),https://climate-change.canada.ca/facility-emissions/GHGRP-G12466-2022.html,ghg_facility_metal_mining_df,
GHG-218f55b3-2022-1,2022,BC-ghg-218f55b3,Red Chris Mine,-129.76764,57.72573,Dease Lake,British Columbia,Gold and Silver Ore Mining,98.91,kilotonnes of carbon dioxide equivalents (kt CO2 eq),https://climate-change.canada.ca/facility-emissions/GHGRP-G12553-2022.html,ghg_facility_metal_mining_df,BC-MAIN-8eb8be0d
GHG-3e5c7e25-2022-1,2022,AB-ghg-3e5c7e25,Hammerstone Quarry,-111.5539,57.191,Calgary,Alberta,Limestone Mining and Quarrying,16.35,kilotonnes of carbon dioxide equivalents (kt CO2 eq),https://climate-change.canada.ca/facility-emissions/GHGRP-G12660-2022.html,ghg_facility_metal_mining_df,
GHG-d83fac74-2022-1,2022,ON-ghg-d83fac74,Greenstone Mine,-86.92899,49.66714,Geraldton,Ontario,Gold and Silver Ore Mining,28.08,kilotonnes of carbon dioxide equivalents (kt CO2 eq),https://climate-change.canada.ca/facility-emissions/GHGRP-G12678-2022.html,ghg_facility_metal_mining_df,
GHG-06f8c762-2022-1,2022,QC-ghg-06f8c762,Aciérie - ArcelorMittal Contrecoeur,-73.26362,45.82055,Contrecoeur,Quebec,Iron and Steel Mills and Ferro-Alloy Manufacturing,,kilotonnes of carbon dioxide equivalents (kt CO2 eq),https://climate-change.canada.ca/facility-emissions/GHGRP-G10002-2017.html,ghg_facility_metal_manufacturing_df,
GHG-eafdf571-2022-1,2022,BC-ghg-eafdf571,Rio Tinto Alcan Inc.,-128.69531,54.00286,Kitimat,British Columbia,Primary Production of Alumina and Aluminum,420.39,kilotonnes of carbon dioxide equivalents (kt CO2 eq),https://climate-change.canada.ca/facility-emissions/GHGRP-G10010-2022.html,ghg_facility_metal_manufacturing_df,
GHG-75485611-2022-1,2022,ON-ghg-75485611,Algoma Steel Inc,-84.3637,46.5217,Sault Ste. Marie,Ontario,Iron and Steel Mills and Ferro-Alloy Manufacturing,3936.24,kilotonnes of carbon dioxide equivalents (kt CO2 eq),https://climate-change.canada.ca/facility-emissions/GHGRP-G10011-2022.html,ghg_facility_metal_manufacturing_df,ON-MAIN-eab8c362
GHG-75055b14-2022-1,2022,QC-ghg-75055b14,Aluminerie Alouette inc.,-66.4416,50.1583,SeptÎles,Quebec,Primary Production of Alumina and Aluminum,1140.9,kilotonnes of carbon dioxide equivalents (kt CO2 eq),https://climate-change.canada.ca/facility-emissions/GHGRP-G10012-2022.html,ghg_facility_metal_manufacturing_df,QC-MAIN-8d6616b4
GHG-0cff59fb-2022-1,2022,QC-ghg-0cff59fb,Aluminerie de Baie-Comeau,-68.1461,49.2583,Baie Comeau,Quebec,Primary Production of Alumina and Aluminum,534.69,kilotonnes of carbon dioxide equivalents (kt CO2 eq),https://climate-change.canada.ca/facility-emissions/GHGRP-G10013-2022.html,ghg_facility_metal_manufacturing_df,QC-MAIN-52c01ae4
GHG-c633412e-2022-1,2022,QC-ghg-c633412e,Aluminerie de Bécancour inc.,-72.3874,46.3829,Bécancour,Quebec,Primary Production of Alumina and Aluminum,821.53,kilotonnes of carbon dioxide equivalents (kt CO2 eq),https://climate-change.canada.ca/facility-emissions/GHGRP-G10014-2022.html,ghg_facility_metal_manufacturing_df,QC-MAIN-c8966bdc
GHG-b24e8fc9-2022-1,2022,NB-ghg-b24e8fc9,Brunswick Smelter,-65.8339,47.8992,Belledune,New Brunswick,Non-Ferrous Metal (except Aluminum) Smelting and Refining,,kilotonnes of carbon dioxide equivalents (kt CO2 eq),https://climate-change.canada.ca/facility-emissions/GHGRP-G10035-2019.html,ghg_facility_metal_manufacturing_df,
GHG-b9eac430-2022-1,2022,QC-ghg-b9eac430,Rio Tinto Fer et Titane inc.- Complexe  de Sorel-Tracy,-73.13778,46.0475,Sorel Tracy,Quebec,Iron and Steel Mills and Ferro-Alloy Manufacturing,982.93,kilotonnes of carbon dioxide equivalents (kt CO2 eq),https://climate-change.canada.ca/facility-emissions/GHGRP-G10076-2022.html,ghg_facility_metal_manufacturing_df,
GHG-f4bed5dc-2022-1,2022,ON-ghg-f4bed5dc,Copper Cliff Nickel Refinery,-81.0846,46.4452,Copper Cliff,Ontario,Non-Ferrous Metal (except Aluminum) Smelting and Refining,,kilotonnes of carbon dioxide equivalents (kt CO2 eq),https://climate-change.canada.ca/facility-emissions/GHGRP-G10077-2018.html,ghg_facility_metal_manufacturing_df,
GHG-ebe45626-2022-1,2022,ON-ghg-ebe45626,Copper Cliff Smelter,-81.0553,46.4786,Copper Cliff,Ontario,Non-Ferrous Metal (except Aluminum) Smelting and Refining,,kilotonnes of carbon dioxide equivalents (kt CO2 eq),https://climate-change.canada.ca/facility-emissions/GHGRP-G10078-2018.html,ghg_facility_metal_manufacturing_df,ON-MAIN-63b394c3
GHG-3ab6f640-2022-1,2022,ON-ghg-3ab6f640,ArcelorMittal Dofasco,-79.8111,43.2597,Hamilton,Ontario,Iron and Steel Mills and Ferro-Alloy Manufacturing,3960.61,kilotonnes of carbon dioxide equivalents (kt CO2 eq),https://climate-change.canada.ca/facility-emissions/GHGRP-G10091-2022.html,ghg_facility_metal_manufacturing_df,ON-MAIN-4c35e094
GHG-9b5d5290-2022-1,2022,QC-ghg-9b5d5290,Elkem Métal Chicoutimi,-71.1307,48.4124,Chicoutimi,Quebec,Iron and Steel Mills and Ferro-Alloy Manufacturing,121.14,kilotonnes of carbon dioxide equivalents (kt CO2 eq),https://climate-change.canada.ca/facility-emissions/GHGRP-G10103-2022.html,ghg_facility_metal_manufacturing_df,QC-MAIN-5398dfac
GHG-cfc44c94-2022-1,2022,AB-ghg-cfc44c94,Fort Saskatchewan,-113.1917,53.7217,Fort Saskatchewan,Alberta,Non-Ferrous Metal (except Aluminum) Smelting and Refining,283.48,kilotonnes of carbon dioxide equivalents (kt CO2 eq),https://climate-change.canada.ca/facility-emissions/GHGRP-G10119-2022.html,ghg_facility_metal_manufacturing_df,
GHG-0f58bc61-2022-1,2022,ON-ghg-0f58bc61,"Gerdau Ameristeel Corporation, Whitby Mill",-78.9097,43.8578,Whitby,Ontario,Iron and Steel Mills and Ferro-Alloy Manufacturing,124.04,kilotonnes of carbon dioxide equivalents (kt CO2 eq),https://climate-change.canada.ca/facility-emissions/GHGRP-G10128-2022.html,ghg_facility_metal_manufacturing_df,ON-MAIN-21b6ab35
GHG-0c32c039-2022-1,2022,SK-ghg-0c32c039,EVRAZ Inc NA Canada - Regina Facilities,-104.6301,50.5176,Rm of Sherwood,Saskatchewan,Iron and Steel Mills and Ferro-Alloy Manufacturing,243.26,kilotonnes of carbon dioxide equivalents (kt CO2 eq),https://climate-change.canada.ca/facility-emissions/GHGRP-G10150-2022.html,ghg_facility_metal_manufacturing_df,SK-MAIN-26b9aaf3
GHG-af2b7a5d-2022-1,2022,ZZ-ghg-af2b7a5d,Norsk Hydro Canada Inc,0.0,0.0,Bécancour,Quebec,Non-Ferrous Metal (except Aluminum) Smelting and Refining,,kilotonnes of carbon dioxide equivalents (kt CO2 eq),https://climate-change.canada.ca/facility-emissions/GHGRP-G10205-2007.html,ghg_facility_metal_manufacturing_df,
GHG-fbc4483b-2022-1,2022,ZZ-ghg-fbc4483b,Silicium Bécancour inc.,0.0,0.0,Bécancour,Quebec,Iron and Steel Mills and Ferro-Alloy Manufacturing,,kilotonnes of carbon dioxide equivalents (kt CO2 eq),https://climate-change.canada.ca/facility-emissions/GHGRP-G10270-2010.html,ghg_facility_metal_manufacturing_df,
GHG-faed83e7-2022-1,2022,ON-ghg-faed83e7,Hamilton,-79.82723,43.26438,Hamilton,Ontario,Iron and Steel Mills and Ferro-Alloy Manufacturing,279.1,kilotonnes of carbon dioxide equivalents (kt CO2 eq),https://climate-change.canada.ca/facility-emissions/GHGRP-G10275-2022.html,ghg_facility_metal_manufacturing_df,ON-MAIN-020a683c
GHG-16018472-2022-1,2022,ON-ghg-16018472,Lake Erie,-80.0967,42.81,Haldimand County,Ontario,Iron and Steel Mills and Ferro-Alloy Manufacturing,3768.21,kilotonnes of carbon dioxide equivalents (kt CO2 eq),https://climate-change.canada.ca/facility-emissions/GHGRP-G10276-2022.html,ghg_facility_metal_manufacturing_df,ON-MAIN-b2e5c9bb
GHG-bc7266bc-2022-1,2022,ZZ-ghg-bc7266bc,"Timminco Metals, Haley Plant",0.0,0.0,Haley,Ontario,Non-Ferrous Metal (except Aluminum) Smelting and Refining,,kilotonnes of carbon dioxide equivalents (kt CO2 eq),https://climate-change.canada.ca/facility-emissions/GHGRP-G10288-2007.html,ghg_facility_metal_manufacturing_df,
GHG-e676f54b-2022-1,2022,BC-ghg-e676f54b,"Teck Metals Ltd, Trail Operations",-117.71722,49.10194,Trail,British Columbia,Non-Ferrous Metal (except Aluminum) Smelting and Refining,335.35,kilotonnes of carbon dioxide equivalents (kt CO2 eq),https://climate-change.canada.ca/facility-emissions/GHGRP-G10289-2022.html,ghg_facility_metal_manufacturing_df,BC-MAIN-3bb6b7cd
GHG-166ea3d7-2022-1,2022,QC-ghg-166ea3d7,Usine Alma,-71.6889,48.5837,Alma,Quebec,Primary Production of Alumina and Aluminum,899.02,kilotonnes of carbon dioxide equivalents (kt CO2 eq),https://climate-change.canada.ca/facility-emissions/GHGRP-G10295-2022.html,ghg_facility_metal_manufacturing_df,QC-MAIN-3aa117d8
GHG-269f17da-2022-1,2022,QC-ghg-269f17da,Usine Arvida,-71.1599,48.4274,Saguenay,Quebec,Primary Production of Alumina and Aluminum,612.59,kilotonnes of carbon dioxide equivalents (kt CO2 eq),https://climate-change.canada.ca/facility-emissions/GHGRP-G10296-2022.html,ghg_facility_metal_manufacturing_df,QC-MAIN-c1c7eb99
GHG-52f31ff3-2022-1,2022,QC-ghg-52f31ff3,Usine de Beauharnois,-73.8947,45.3079,Melocheville,Quebec,Primary Production of Alumina and Aluminum,,kilotonnes of carbon dioxide equivalents (kt CO2 eq),https://climate-change.canada.ca/facility-emissions/GHGRP-G10297-2020.html,ghg_facility_metal_manufacturing_df,
GHG-276f80a8-2022-1,2022,QC-ghg-276f80a8,Aluminerie de Deschambault,-71.94488,46.69317,Deschambault,Quebec,Primary Production of Alumina and Aluminum,519.72,kilotonnes of carbon dioxide equivalents (kt CO2 eq),https://climate-change.canada.ca/facility-emissions/GHGRP-G10300-2022.html,ghg_facility_metal_manufacturing_df,QC-MAIN-eac5a52b
GHG-82ea78cd-2022-1,2022,QC-ghg-82ea78cd,Usine de fluorure,-71.1718,48.4257,Jonquiere,Quebec,Primary Production of Alumina and Aluminum,,kilotonnes of carbon dioxide equivalents (kt CO2 eq),https://climate-change.canada.ca/facility-emissions/GHGRP-G10301-2016.html,ghg_facility_metal_manufacturing_df,
GHG-5784f8c9-2022-1,2022,QC-ghg-5784f8c9,Usine de réduction - ArcelorMittal Contrecoeur,-73.252,45.8363,Contrecoeur,Quebec,Iron and Steel Mills and Ferro-Alloy Manufacturing,,kilotonnes of carbon dioxide equivalents (kt CO2 eq),https://climate-change.canada.ca/facility-emissions/GHGRP-G10305-2017.html,ghg_facility_metal_manufacturing_df,
GHG-67bcee73-2022-1,2022,QC-ghg-67bcee73,Usine Grande-Baie,-70.5536,48.1821,La Baie,Quebec,Primary Production of Alumina and Aluminum,520.79,kilotonnes of carbon dioxide equivalents (kt CO2 eq),https://climate-change.canada.ca/facility-emissions/GHGRP-G10306-2022.html,ghg_facility_metal_manufacturing_df,
GHG-49bd73f9-2022-1,2022,QC-ghg-49bd73f9,Usine Laterrière,-71.1289,48.3007,Laterriere,Quebec,Primary Production of Alumina and Aluminum,528.57,kilotonnes of carbon dioxide equivalents (kt CO2 eq),https://climate-change.canada.ca/facility-emissions/GHGRP-G10307-2022.html,ghg_facility_metal_manufacturing_df,QC-MAIN-c0e3a48b
GHG-456641d8-2022-1,2022,QC-ghg-456641d8,Usine Shawinigan,-72.7397,46.5586,Shawinigan,Quebec,Primary Production of Alumina and Aluminum,,kilotonnes of carbon dioxide equivalents (kt CO2 eq),https://climate-change.canada.ca/facility-emissions/GHGRP-G10308-2014.html,ghg_facility_metal_manufacturing_df,
GHG-89c2022d-2022-1,2022,ZZ-ghg-89c2022d,Hamilton Specialty Bar Corporation,0.0,0.0,Hamilton,Ontario,Iron and Steel Mills and Ferro-Alloy Manufacturing,,kilotonnes of carbon dioxide equivalents (kt CO2 eq),https://climate-change.canada.ca/facility-emissions/GHGRP-G10333-2006.html,ghg_facility_metal_manufacturing_df,
GHG-1a6cc86c-2022-1,2022,ZZ-ghg-1a6cc86c,ESCO Limited,0.0,0.0,Port Hope,Ontario,Steel Foundries,,kilotonnes of carbon dioxide equivalents (kt CO2 eq),https://climate-change.canada.ca/facility-emissions/GHGRP-G10363-2006.html,ghg_facility_metal_manufacturing_df,
GHG-2b13f7da-2022-1,2022,QC-ghg-2b13f7da,ArcelorMittal Contrecoeur Ouest,-73.2661,45.8206,Contrecoeur,Quebec,Iron and Steel Mills and Ferro-Alloy Manufacturing,90.42,kilotonnes of carbon dioxide equivalents (kt CO2 eq),https://climate-change.canada.ca/facility-emissions/GHGRP-G10369-2022.html,ghg_facility_metal_manufacturing_df,
GHG-c412f4c1-2022-1,2022,ON-ghg-c412f4c1,Sudbury Integrated Nickel Operations Smelter,-80.8042,46.5775,Falconbridge,Ontario,Non-Ferrous Metal (except Aluminum) Smelting and Refining,117.94,kilotonnes of carbon dioxide equivalents (kt CO2 eq),https://climate-change.canada.ca/facility-emissions/GHGRP-G10398-2022.html,ghg_facility_metal_manufacturing_df,ON-MAIN-40ce0593
GHG-b1aa9c27-2022-1,2022,AB-ghg-b1aa9c27,AltaSteel Inc.,-113.3875,53.5291,Edmonton,Alberta,Iron and Steel Mills and Ferro-Alloy Manufacturing,88.1,kilotonnes of carbon dioxide equivalents (kt CO2 eq),https://climate-change.canada.ca/facility-emissions/GHGRP-G10420-2022.html,ghg_facility_metal_manufacturing_df,AB-MAIN-9fed34a8
GHG-f0e3d5d6-2022-1,2022,QC-ghg-f0e3d5d6,"Glencore Canada Corporation, CCR refinery",-73.5125,45.6283,Montréal Est,Quebec,Non-Ferrous Metal (except Aluminum) Smelting and Refining,56.83,kilotonnes of carbon dioxide equivalents (kt CO2 eq),https://climate-change.canada.ca/facility-emissions/GHGRP-G10578-2022.html,ghg_facility_metal_manufacturing_df,QC-MAIN-529c96b4
GHG-97c95cac-2022-1,2022,QC-ghg-97c95cac,Glencore Canada Corporation - Fonderie Horne,-79.01667,48.25417,Rouyn Noranda,Quebec,Non-Ferrous Metal (except Aluminum) Smelting and Refining,191.93,kilotonnes of carbon dioxide equivalents (kt CO2 eq),https://climate-change.canada.ca/facility-emissions/GHGRP-G10579-2022.html,ghg_facility_metal_manufacturing_df,QC-MAIN-30c1828c
GHG-2f860c19-2022-1,2022,ON-ghg-2f860c19,Ivaco Rolling Mills,-74.705,45.6133,L'Orignal,Ontario,Iron and Steel Mills and Ferro-Alloy Manufacturing,102.89,kilotonnes of carbon dioxide equivalents (kt CO2 eq),https://climate-change.canada.ca/facility-emissions/GHGRP-G10614-2022.html,ghg_facility_metal_manufacturing_df,ON-MAIN-fc6f1a44
GHG-c984b15a-2022-1,2022,BC-ghg-c984b15a,Tree Island Industries,-122.959,49.1875,Richmond,British Columbia,Steel Wire Drawing,,kilotonnes of carbon dioxide equivalents (kt CO2 eq),https://climate-change.canada.ca/facility-emissions/GHGRP-G10647-2013.html,ghg_facility_metal_manufacturing_df,
GHG-7431d52b-2022-1,2022,QC-ghg-7431d52b,Quebec Silicon LP,-72.3881,46.3712,Bécancour,Quebec,Iron and Steel Mills and Ferro-Alloy Manufacturing,194.62,kilotonnes of carbon dioxide equivalents (kt CO2 eq),https://climate-change.canada.ca/facility-emissions/GHGRP-G10657-2022.html,ghg_facility_metal_manufacturing_df,
GHG-0681129b-2022-1,2022,MB-ghg-0681129b,"Gerdau Ameristeel Corporation, Manitoba Mill",-96.9013,50.1302,Selkirk,Manitoba,Iron and Steel Mills and Ferro-Alloy Manufacturing,48.05,kilotonnes of carbon dioxide equivalents (kt CO2 eq),https://climate-change.canada.ca/facility-emissions/GHGRP-G10678-2022.html,ghg_facility_metal_manufacturing_df,MB-MAIN-b4ca1426
GHG-166b04c2-2022-1,2022,ON-ghg-166b04c2,"Gerdau Ameristeel Corporation, Cambridge Mill",-80.284,43.3706,Cambridge,Ontario,Iron and Steel Mills and Ferro-Alloy Manufacturing,16.05,kilotonnes of carbon dioxide equivalents (kt CO2 eq),https://climate-change.canada.ca/facility-emissions/GHGRP-G10738-2022.html,ghg_facility_metal_manufacturing_df,ON-MAIN-bddeaef0
GHG-9e2b7537-2022-1,2022,QC-ghg-9e2b7537,Aluminerie Arvida - Centre technologique AP60,-71.15674,48.43193,Jonquière,Quebec,Primary Production of Alumina and Aluminum,96.48,kilotonnes of carbon dioxide equivalents (kt CO2 eq),https://climate-change.canada.ca/facility-emissions/GHGRP-G10791-2022.html,ghg_facility_metal_manufacturing_df,QC-MAIN-c1c7eb99
GHG-ac49829d-2022-1,2022,NL-ghg-ac49829d,Long Harbour Operations,-53.81167,47.40889,Long Harbour,Newfoundland and Labrador,Non-Ferrous Metal (except Aluminum) Smelting and Refining,50.09,kilotonnes of carbon dioxide equivalents (kt CO2 eq),https://climate-change.canada.ca/facility-emissions/GHGRP-G10810-2022.html,ghg_facility_metal_manufacturing_df,NL-MAIN-d9036091
GHG-c8eb82d9-2022-1,2022,QC-ghg-c8eb82d9,Ball Advanced Aluminum Technologies Canada Inc.,-71.92586,45.39009,Sherbrooke,Quebec,"Aluminum Rolling, Drawing, Extruding and Alloying",,kilotonnes of carbon dioxide equivalents (kt CO2 eq),https://climate-change.canada.ca/facility-emissions/GHGRP-G10861-2020.html,ghg_facility_metal_manufacturing_df,
GHG-e4bca8c1-2022-1,2022,QC-ghg-e4bca8c1,SOCIÉTÉ EN COMMANDITE REVENU NORANDA - VALLEYFIELD,-74.1031,45.2281,Salaberry De Valleyfield,Quebec,Non-Ferrous Metal (except Aluminum) Smelting and Refining,48.69,kilotonnes of carbon dioxide equivalents (kt CO2 eq),https://climate-change.canada.ca/facility-emissions/GHGRP-G10903-2022.html,ghg_facility_metal_manufacturing_df,
GHG-23dacd8b-2022-1,2022,ON-ghg-23dacd8b,Matalco Inc.,-79.65764,43.74325,Brampton,Ontario,"Aluminum Rolling, Drawing, Extruding and Alloying",22.34,kilotonnes of carbon dioxide equivalents (kt CO2 eq),https://climate-change.canada.ca/facility-emissions/GHGRP-G11020-2022.html,ghg_facility_metal_manufacturing_df,
GHG-e1faf8a4-2022-1,2022,ON-ghg-e1faf8a4,Real Alloy Mississauga,-79.6679,43.7014,Mississauga,Ontario,"Aluminum Rolling, Drawing, Extruding and Alloying",14.92,kilotonnes of carbon dioxide equivalents (kt CO2 eq),https://climate-change.canada.ca/facility-emissions/GHGRP-G11042-2022.html,ghg_facility_metal_manufacturing_df,ON-MAIN-b466361f
GHG-3338bc02-2022-1,2022,ON-ghg-3338bc02,Great Lakes Copper Ltd.,-81.1842,43.0233,London,Ontario,"Copper Rolling, Drawing, Extruding and Alloying",11.39,kilotonnes of carbon dioxide equivalents (kt CO2 eq),https://climate-change.canada.ca/facility-emissions/GHGRP-G11046-2022.html,ghg_facility_metal_manufacturing_df,
GHG-e746135c-2022-1,2022,QC-ghg-e746135c,Usine de coulée continue de Montréal-Est,-73.5132,45.6291,Montréal Est,Quebec,"Copper Rolling, Drawing, Extruding and Alloying",,kilotonnes of carbon dioxide equivalents (kt CO2 eq),https://climate-change.canada.ca/facility-emissions/GHGRP-G11086-2019.html,ghg_facility_metal_manufacturing_df,
GHG-4f8267ac-2022-1,2022,QC-ghg-4f8267ac,INFASCO,-73.1673,45.431,Marieville,Quebec,Cold-Rolled Steel Shape Manufacturing,15.56,kilotonnes of carbon dioxide equivalents (kt CO2 eq),https://climate-change.canada.ca/facility-emissions/GHGRP-G11095-2022.html,ghg_facility_metal_manufacturing_df,
GHG-9e867d00-2022-1,2022,ON-ghg-9e867d00,Kaiser Aluminum Canada Limited,-81.1408,42.9862,London,Ontario,"Aluminum Rolling, Drawing, Extruding and Alloying",17.46,kilotonnes of carbon dioxide equivalents (kt CO2 eq),https://climate-change.canada.ca/facility-emissions/GHGRP-G11103-2022.html,ghg_facility_metal_manufacturing_df,
GHG-068027f5-2022-1,2022,QC-ghg-068027f5,Sivaco Québec,-73.1676,45.4372,Marieville,Quebec,Steel Wire Drawing,13.86,kilotonnes of carbon dioxide equivalents (kt CO2 eq),https://climate-change.canada.ca/facility-emissions/GHGRP-G11128-2022.html,ghg_facility_metal_manufacturing_df,
GHG-a47ef0b7-2022-1,2022,QC-ghg-a47ef0b7,Laminoir fil machine - ArcelorMittal Contrecoeur,-73.2584,45.8295,Contrecoeur,Quebec,Iron and Steel Mills and Ferro-Alloy Manufacturing,,kilotonnes of carbon dioxide equivalents (kt CO2 eq),https://climate-change.canada.ca/facility-emissions/GHGRP-G11230-2017.html,ghg_facility_metal_manufacturing_df,
GHG-02eca022-2022-1,2022,QC-ghg-02eca022,ArcelorMittal Longueuil,-73.4579,45.5663,Longueuil,Quebec,Iron and Steel Mills and Ferro-Alloy Manufacturing,23.89,kilotonnes of carbon dioxide equivalents (kt CO2 eq),https://climate-change.canada.ca/facility-emissions/GHGRP-G11231-2022.html,ghg_facility_metal_manufacturing_df,
GHG-eea64508-2022-1,2022,ON-ghg-eea64508,Valbruna ASW Inc.,-79.23453,42.99864,Welland,Ontario,Iron and Steel Mills and Ferro-Alloy Manufacturing,12.51,kilotonnes of carbon dioxide equivalents (kt CO2 eq),https://climate-change.canada.ca/facility-emissions/GHGRP-G11368-2022.html,ghg_facility_metal_manufacturing_df,
GHG-ec715f3d-2022-1,2022,QC-ghg-ec715f3d,Fonderie Bibby Sainte-Croix,-71.73606,46.6233,Sainte Croix,Quebec,Iron Foundries,17.86,kilotonnes of carbon dioxide equivalents (kt CO2 eq),https://climate-change.canada.ca/facility-emissions/GHGRP-G11390-2022.html,ghg_facility_metal_manufacturing_df,
GHG-6bae2af4-2022-1,2022,ON-ghg-6bae2af4,North York Division,-79.532,43.736,Toronto,Ontario,"Aluminum Rolling, Drawing, Extruding and Alloying",19.28,kilotonnes of carbon dioxide equivalents (kt CO2 eq),https://climate-change.canada.ca/facility-emissions/GHGRP-G11718-2022.html,ghg_facility_metal_manufacturing_df,
GHG-fd4df9dd-2022-1,2022,ON-ghg-fd4df9dd,Port Colborne Refinery,-79.2405,42.8826,Port Colborne,Ontario,Non-Ferrous Metal (except Aluminum) Smelting and Refining,14.17,kilotonnes of carbon dioxide equivalents (kt CO2 eq),https://climate-change.canada.ca/facility-emissions/GHGRP-G11723-2022.html,ghg_facility_metal_manufacturing_df,ON-MAIN-2e13aaa0
GHG-ae902ae2-2022-1,2022,QC-ghg-ae902ae2,Usine Vaudreuil,-71.1718,48.4257,Jonquière,Quebec,Primary Production of Alumina and Aluminum,380.82,kilotonnes of carbon dioxide equivalents (kt CO2 eq),https://climate-change.canada.ca/facility-emissions/GHGRP-G11730-2022.html,ghg_facility_metal_manufacturing_df,QC-MAIN-92628f16
GHG-1ada58c6-2022-1,2022,ON-ghg-1ada58c6,Pickering,-79.05871,43.82797,Pickering,Ontario,"Aluminum Rolling, Drawing, Extruding and Alloying",14.85,kilotonnes of carbon dioxide equivalents (kt CO2 eq),https://climate-change.canada.ca/facility-emissions/GHGRP-G11744-2022.html,ghg_facility_metal_manufacturing_df,
GHG-99473b92-2022-1,2022,ON-ghg-99473b92,ARCELORMITTAL WINDSOR A DIVISION OF ARCELORMITTAL DOFASCO G.P,-83.1002,42.2605,Windsor,Ontario,Iron and Steel Mills and Ferro-Alloy Manufacturing,24.99,kilotonnes of carbon dioxide equivalents (kt CO2 eq),https://climate-change.canada.ca/facility-emissions/GHGRP-G11750-2022.html,ghg_facility_metal_manufacturing_df,
GHG-7dc06a08-2022-1,2022,ON-ghg-7dc06a08,ArcelorMittal long Products Canada - Hamilton East,-79.7857,43.2625,Hamilton,Ontario,Steel Wire Drawing,15.38,kilotonnes of carbon dioxide equivalents (kt CO2 eq),https://climate-change.canada.ca/facility-emissions/GHGRP-G11765-2022.html,ghg_facility_metal_manufacturing_df,
GHG-edf0d4d6-2022-1,2022,ON-ghg-edf0d4d6,Max Aicher (North America) Limited,-79.82236,43.26654,Hamilton,Ontario,Cold-Rolled Steel Shape Manufacturing,19.24,kilotonnes of carbon dioxide equivalents (kt CO2 eq),https://climate-change.canada.ca/facility-emissions/GHGRP-G11878-2022.html,ghg_facility_metal_manufacturing_df,
GHG-68644b79-2022-1,2022,ON-ghg-68644b79,MASTERLOY PRODUCTS Company,-75.5761,45.2962,Ottawa,Ontario,Iron and Steel Mills and Ferro-Alloy Manufacturing,,kilotonnes of carbon dioxide equivalents (kt CO2 eq),https://climate-change.canada.ca/facility-emissions/GHGRP-G11956-2021.html,ghg_facility_metal_manufacturing_df,
GHG-f38dd90c-2022-1,2022,QC-ghg-f38dd90c,ArcelorMittal Contrecoeur Est,-73.26362,45.82055,Contrecoeur,Quebec,Iron and Steel Mills and Ferro-Alloy Manufacturing,920.48,kilotonnes of carbon dioxide equivalents (kt CO2 eq),https://climate-change.canada.ca/facility-emissions/GHGRP-G11989-2022.html,ghg_facility_metal_manufacturing_df,
GHG-86061a3c-2022-1,2022,ON-ghg-86061a3c,NATT Tools Group Inc.,-79.829,43.2663,Hamilton,Ontario,Cold-Rolled Steel Shape Manufacturing,11.1,kilotonnes of carbon dioxide equivalents (kt CO2 eq),https://climate-change.canada.ca/facility-emissions/GHGRP-G12009-2022.html,ghg_facility_metal_manufacturing_df,
GHG-a09884ba-2022-1,2022,ON-ghg-a09884ba,"Copper Cliff Mining, Smelting and Refining Complex",-81.0553,46.4786,Copper Cliff,Ontario,Non-Ferrous Metal (except Aluminum) Smelting and Refining,330.67,kilotonnes of carbon dioxide equivalents (kt CO2 eq),https://climate-change.canada.ca/facility-emissions/GHGRP-G12298-2022.html,ghg_facility_metal_manufacturing_df,ON-MAIN-63b394c3
GHG-b491dcd1-2022-1,2022,MB-ghg-b491dcd1,GRIFFIN CANADA - WINNIPEG,-97.0025,49.913,Winnipeg,Manitoba,Steel Foundries,,kilotonnes of carbon dioxide equivalents (kt CO2 eq),https://climate-change.canada.ca/facility-emissions/GHGRP-G12301-2019.html,ghg_facility_metal_manufacturing_df,
GHG-a0b37e73-2022-1,2022,BC-ghg-a0b37e73,Molycop Canada Plant 2,-120.09703,50.65598,Kamloops,British Columbia,Iron Foundries,,kilotonnes of carbon dioxide equivalents (kt CO2 eq),https://climate-change.canada.ca/facility-emissions/GHGRP-G12554-2020.html,ghg_facility_metal_manufacturing_df,
GHG-b0f6e48c-2022-1,2022,BC-ghg-b0f6e48c,Moly-Cop Canada,-120.09649,50.65726,Kamloops,British Columbia,Iron Foundries,25.12,kilotonnes of carbon dioxide equivalents (kt CO2 eq),https://climate-change.canada.ca/facility-emissions/GHGRP-G12555-2022.html,ghg_facility_metal_manufacturing_df,
GHG-dbeab108-2022-1,2022,QC-ghg-dbeab108,Fonderie Laperle,-73.1387,45.8947,Saint Ours,Quebec,Iron Foundries,0.51,kilotonnes of carbon dioxide equivalents (kt CO2 eq),https://climate-change.canada.ca/facility-emissions/GHGRP-G12579-2022.html,ghg_facility_metal_manufacturing_df,
GHG-97a6e1fd-2022-1,2022,ON-ghg-97a6e1fd,Extrusion North America - Mississauga,-79.6575,43.6306,Mississauga,Ontario,"Aluminum Rolling, Drawing, Extruding and Alloying",4.89,kilotonnes of carbon dioxide equivalents (kt CO2 eq),https://climate-change.canada.ca/facility-emissions/GHGRP-G12581-2022.html,ghg_facility_metal_manufacturing_df,ON-MAIN-137bbc71
