year,ghg_id,facility_name_ghg,longitude,latitude,city,province,sector,ghge_ktCO2eq,facility_url,source_df,geometry
2022,NL-ghg-cecd6869-1,Carol Project,-66.9002,52.952,Labrador City,Newfoundland and Labrador,Iron Ore Mining,826.03,https://climate-change.canada.ca/facility-emissions/GHGRP-G10052-2022.html,ghg_facility_metal_mining_df,POINT (-66.9002 52.952)
2022,NT-ghg-31241bb1-1,Ekati Diamond Mine,-110.6201,64.7195,Yellowknife,Northwest Territories,Diamond Mining,164.88,https://climate-change.canada.ca/facility-emissions/GHGRP-G10101-2022.html,ghg_facility_metal_mining_df,POINT (-110.6201 64.7195)
2022,MB-ghg-e042d527-1,HBMS Flin Flon Metallurgical Complex,-101.884,54.771,Flin Flon,Manitoba,Copper-Zinc Ore Mining,29.73,https://climate-change.canada.ca/facility-emissions/GHGRP-G10140-2022.html,ghg_facility_metal_mining_df,POINT (-101.884 54.771)
2022,ON-ghg-9d5ad41e-1,Kidd Metallurgical Site,-81.09115,48.57373,Timmins District of Cochrane,Ontario,Copper-Zinc Ore Mining,30.82,https://climate-change.canada.ca/facility-emissions/GHGRP-G10164-2022.html,ghg_facility_metal_mining_df,POINT (-81.09115 48.57373)
2022,QC-ghg-aed00909-1,Mine de Mont-Wright,-67.33306,52.76639,Fermont,Quebec,Iron Ore Mining,293.1,https://climate-change.canada.ca/facility-emissions/GHGRP-G10188-2022.html,ghg_facility_metal_mining_df,POINT (-67.33306 52.76639)
2022,QC-ghg-6043ea82-1,Mines Wabush - Sept-Iles,-66.4838,50.1616,SeptÎles,Quebec,Iron Ore Mining,,https://climate-change.canada.ca/facility-emissions/GHGRP-G10189-2013.html,ghg_facility_metal_mining_df,POINT (-66.4838 50.1616)
2022,SK-ghg-a86dedd8-1,Mosaic Potash Belle Plaine,-105.19838,50.42872,Belle Plaine,Saskatchewan,Potash Mining,717.41,https://climate-change.canada.ca/facility-emissions/GHGRP-G10195-2022.html,ghg_facility_metal_mining_df,POINT (-105.19838 50.42872)
2022,QC-ghg-934c30f3-1,Mine Raglan,-73.6666,61.6916,Rouyn Noranda,Quebec,Nickel-Copper Ore Mining,129.26,https://climate-change.canada.ca/facility-emissions/GHGRP-G10240-2022.html,ghg_facility_metal_mining_df,POINT (-73.6666 61.6916)
2022,QC-ghg-d53e65f8-1,Usine de Bouletage de Port-Cartier,-66.791,50.0334,Port Cartier,Quebec,Iron Ore Mining,909.89,https://climate-change.canada.ca/facility-emissions/GHGRP-G10299-2022.html,ghg_facility_metal_mining_df,POINT (-66.791 50.0334)
2022,NL-ghg-d95421f0-1,Wabush Mines - Scully,-66.86054,52.88682,Wabush,Newfoundland and Labrador,Iron Ore Mining,110.93,https://climate-change.canada.ca/facility-emissions/GHGRP-G10350-2022.html,ghg_facility_metal_mining_df,POINT (-66.86054 52.88682)
2022,NT-ghg-2229ee98-1,Diavik Diamond Mines (2012) Inc.,-110.2832,64.4951,Yellowknife,Northwest Territories,Diamond Mining,194.56,https://climate-change.canada.ca/facility-emissions/GHGRP-G10381-2022.html,ghg_facility_metal_mining_df,POINT (-110.2832 64.4951)
2022,BC-ghg-b17c8365-1,Teck Highland Valley Copper Partnership,-121.02132,50.47235,Logan Lake,British Columbia,Copper-Zinc Ore Mining,167.63,https://climate-change.canada.ca/facility-emissions/GHGRP-G10385-2022.html,ghg_facility_metal_mining_df,POINT (-121.02132 50.47235)
2022,ZZ-ghg-50cbc7e7-1,Kapuskasing Phosphate Operations,0.0,0.0,,Ontario,All Other Non-Metallic Mineral Mining and Quarrying,,https://climate-change.canada.ca/facility-emissions/GHGRP-G10418-2009.html,ghg_facility_metal_mining_df,POINT (0 0)
2022,SK-ghg-d1feba8d-1,Vanscoy Potash Operations,-107.0936,52.0057,Vanscoy,Saskatchewan,Potash Mining,54.75,https://climate-change.canada.ca/facility-emissions/GHGRP-G10419-2022.html,ghg_facility_metal_mining_df,POINT (-107.0936 52.0057)
2022,ON-ghg-83e6ad88-1,Musselwhite Mine,-90.36806,52.60389,"Concession, Kenora District",Ontario,Gold and Silver Ore Mining,42.15,https://climate-change.canada.ca/facility-emissions/GHGRP-G10468-2022.html,ghg_facility_metal_mining_df,POINT (-90.36806 52.60389)
2022,SK-ghg-bdcf5a1d-1,Potash Corp - Allan Division,-106.084,51.9386,Allan,Saskatchewan,Potash Mining,104.14,https://climate-change.canada.ca/facility-emissions/GHGRP-G10533-2022.html,ghg_facility_metal_mining_df,POINT (-106.084 51.9386)
2022,QC-ghg-10adad24-1,Mine Bachelor,-76.1247,49.4934,Desmaraisville,Quebec,Gold and Silver Ore Mining,,https://climate-change.canada.ca/facility-emissions/GHGRP-G10541-2016.html,ghg_facility_metal_mining_df,POINT (-76.1247 49.4934)
2022,QC-ghg-9f967ec1-1,Mine Barry,-75.46,48.59,Desmaraisville,Quebec,Gold and Silver Ore Mining,,https://climate-change.canada.ca/facility-emissions/GHGRP-G10542-2016.html,ghg_facility_metal_mining_df,POINT (-75.46 48.59)
2022,MB-ghg-e1055629-1,Thompson Operations,-97.8561,55.7138,Thompson,Manitoba,Nickel-Copper Ore Mining,20.21,https://climate-change.canada.ca/facility-emissions/GHGRP-G10569-2022.html,ghg_facility_metal_mining_df,POINT (-97.8561 55.7138)
2022,NL-ghg-5f553726-1,Voisey's Bay Mine Site,-62.0985,56.3325,Happy Valley Goose Bay,Newfoundland and Labrador,Nickel-Copper Ore Mining,148.26,https://climate-change.canada.ca/facility-emissions/GHGRP-G10570-2022.html,ghg_facility_metal_mining_df,POINT (-62.0985 56.3325)
2022,ON-ghg-dc8b88c3-1,Sudbury Operations Mines Mill - Onaping Area,-81.3425,46.67417,Onaping,Ontario,Nickel-Copper Ore Mining,28.17,https://climate-change.canada.ca/facility-emissions/GHGRP-G10580-2022.html,ghg_facility_metal_mining_df,POINT (-81.3425 46.67417)
2022,NU-ghg-a9d2dd2b-1,Division Meadowbank,-96.074841,65.021601,Baker Lake,Nunavut,Gold and Silver Ore Mining,248.77,https://climate-change.canada.ca/facility-emissions/GHGRP-G10587-2022.html,ghg_facility_metal_mining_df,POINT (-96.074841 65.021601)
2022,QC-ghg-c5c21e20-1,Mine de Fire Lake,-67.36917,52.35028,Mont Wright,Quebec,Iron Ore Mining,53.8,https://climate-change.canada.ca/facility-emissions/GHGRP-G10589-2022.html,ghg_facility_metal_mining_df,POINT (-67.36917 52.35028)
2022,BC-ghg-47031280-1,Mount Polley Mine,-121.6328,52.5443,Likely,British Columbia,All Other Metal Ore Mining,31.81,https://climate-change.canada.ca/facility-emissions/GHGRP-G10613-2022.html,ghg_facility_metal_mining_df,POINT (-121.6328 52.5443)
2022,ON-ghg-72247ddd-1,Macassa Mine,-80.06056,48.14611,Kirkland Lake,Ontario,Gold and Silver Ore Mining,24.25,https://climate-change.canada.ca/facility-emissions/GHGRP-G10617-2022.html,ghg_facility_metal_mining_df,POINT (-80.06056 48.14611)
2022,SK-ghg-10f9fa1e-1,MOSAIC POTASH ESTERHAZY - K2 SITE,-101.8422,50.6574,Esterhazy,Saskatchewan,Potash Mining,112.68,https://climate-change.canada.ca/facility-emissions/GHGRP-G10620-2022.html,ghg_facility_metal_mining_df,POINT (-101.8422 50.6574)
2022,SK-ghg-7f3e4963-1,PotashCorp Rocanville,-101.5356,50.4613,Rocanville,Saskatchewan,Potash Mining,129.75,https://climate-change.canada.ca/facility-emissions/GHGRP-G10626-2022.html,ghg_facility_metal_mining_df,POINT (-101.5356 50.4613)
2022,NB-ghg-2ad53b0d-1,Brunswick Mine,-65.8897,47.4717,Bathurst,New Brunswick,Lead-Zinc Ore Mining,,https://climate-change.canada.ca/facility-emissions/GHGRP-G10655-2013.html,ghg_facility_metal_mining_df,POINT (-65.8897 47.4717)
2022,SK-ghg-b577e061-1,POTASH CORP - LANIGAN DIVISION,-105.20742,51.85363,Lanigan,Saskatchewan,Potash Mining,97.58,https://climate-change.canada.ca/facility-emissions/GHGRP-G10658-2022.html,ghg_facility_metal_mining_df,POINT (-105.20742 51.85363)
2022,QC-ghg-0f958c53-1,Mine Canadian Malartic GP,-78.12927,48.12451,Malartic,Quebec,Gold and Silver Ore Mining,194.87,https://climate-change.canada.ca/facility-emissions/GHGRP-G10669-2022.html,ghg_facility_metal_mining_df,POINT (-78.12927 48.12451)
2022,BC-ghg-cf2aa434-1,Gibraltar Mine (SFO),-122.2851,52.5299,Mcleese Lake,British Columbia,Copper-Zinc Ore Mining,122.39,https://climate-change.canada.ca/facility-emissions/GHGRP-G10679-2022.html,ghg_facility_metal_mining_df,POINT (-122.2851 52.5299)
2022,NU-ghg-42e46388-1,Hope Bay Project,-106.61072,68.13925,Cambridge Bay,Nunavut,Gold and Silver Ore Mining,34.5,https://climate-change.canada.ca/facility-emissions/GHGRP-G10681-2022.html,ghg_facility_metal_mining_df,POINT (-106.61072 68.13925)
2022,ZZ-ghg-50cbc7e7-2,North Vancouver Office,0.0,0.0,North Vancouver,British Columbia,Gold and Silver Ore Mining,,https://climate-change.canada.ca/facility-emissions/GHGRP-G10682-2011.html,ghg_facility_metal_mining_df,POINT (0 0)
2022,SK-ghg-c497d447-1,CORY,-106.8741,52.0904,Saskatoon,Saskatchewan,Potash Mining,63.84,https://climate-change.canada.ca/facility-emissions/GHGRP-G10715-2022.html,ghg_facility_metal_mining_df,POINT (-106.8741 52.0904)
2022,SK-ghg-b0c7cc05-1,Patience Lake Division,-106.6609,52.117,Saskatoon,Saskatchewan,Potash Mining,59.71,https://climate-change.canada.ca/facility-emissions/GHGRP-G10716-2022.html,ghg_facility_metal_mining_df,POINT (-106.6609 52.117)
2022,QC-ghg-293d78f4-1,Mine du Lac Bloom,-67.29972,52.84556,Fermont,Quebec,Iron Ore Mining,92.88,https://climate-change.canada.ca/facility-emissions/GHGRP-G10722-2022.html,ghg_facility_metal_mining_df,POINT (-67.29972 52.84556)
2022,ZZ-ghg-50cbc7e7-3,James Mine and Silveryards,0.0,0.0,Near Schefferville Quebec,Newfoundland and Labrador,Iron Ore Mining,,https://climate-change.canada.ca/facility-emissions/GHGRP-G10752-2013.html,ghg_facility_metal_mining_df,POINT (0 0)
2022,QC-ghg-206080b6-1,mine langlois,-76.4042,49.1474,Lebel Sur Quevillon,Quebec,Copper-Zinc Ore Mining,,https://climate-change.canada.ca/facility-emissions/GHGRP-G10754-2015.html,ghg_facility_metal_mining_df,POINT (-76.4042 49.1474)
2022,ON-ghg-3e1104aa-1,Detour Lake Project,-79.70393,50.0171,Cochrane,Ontario,Gold and Silver Ore Mining,272.16,https://climate-change.canada.ca/facility-emissions/GHGRP-G10765-2022.html,ghg_facility_metal_mining_df,POINT (-79.70393 50.0171)
2022,SK-ghg-00bc1f2c-1,Mosaic Potash Colonsay,-105.7638,51.9333,Colonsay,Saskatchewan,Potash Mining,40.84,https://climate-change.canada.ca/facility-emissions/GHGRP-G10783-2022.html,ghg_facility_metal_mining_df,POINT (-105.7638 51.9333)
2022,BC-ghg-64ad2c12-1,Myra Falls Mine Ltd.,-125.60194,49.57694,Campbell River,British Columbia,Copper-Zinc Ore Mining,26.43,https://climate-change.canada.ca/facility-emissions/GHGRP-G10785-2022.html,ghg_facility_metal_mining_df,POINT (-125.60194 49.57694)
2022,NB-ghg-c44de5bf-1,New Brunswick Division,-65.4205,45.7553,Penobsquis,New Brunswick,Potash Mining,,https://climate-change.canada.ca/facility-emissions/GHGRP-G10820-2015.html,ghg_facility_metal_mining_df,POINT (-65.4205 45.7553)
2022,NU-ghg-25862b9b-1,Mary River Mine Site,-79.28194,71.3146,,Nunavut,Iron Ore Mining,97.4,https://climate-change.canada.ca/facility-emissions/GHGRP-G10835-2022.html,ghg_facility_metal_mining_df,POINT (-79.28194 71.3146)
2022,ON-ghg-4da5c703-1,Windsor Plant,-83.0921,42.2875,Windsor,Ontario,Salt Mining,44.0,https://climate-change.canada.ca/facility-emissions/GHGRP-G10838-2022.html,ghg_facility_metal_mining_df,POINT (-83.0921 42.2875)
2022,ON-ghg-e6e2eb4a-1,Williams Mine,-85.9188,48.6942,Marathon,Ontario,Gold and Silver Ore Mining,21.28,https://climate-change.canada.ca/facility-emissions/GHGRP-G10857-2022.html,ghg_facility_metal_mining_df,POINT (-85.9188 48.6942)
2022,NU-ghg-6e5343a2-1,Meliadine Gold Project,-92.13417,63.22417,Rankin Inlet,Nunavut,Gold and Silver Ore Mining,131.23,https://climate-change.canada.ca/facility-emissions/GHGRP-G10863-2022.html,ghg_facility_metal_mining_df,POINT (-92.13417 63.22417)
2022,BC-ghg-e2bdabb7-1,Brucejack Gold Mine,-130.18596,56.46624,Stewart,British Columbia,Gold and Silver Ore Mining,30.52,https://climate-change.canada.ca/facility-emissions/GHGRP-G10873-2022.html,ghg_facility_metal_mining_df,POINT (-130.18596 56.46624)
2022,SK-ghg-ea45ae30-1,Seabee,-103.2255,55.241,Saskatoon,Saskatchewan,Gold and Silver Ore Mining,15.06,https://climate-change.canada.ca/facility-emissions/GHGRP-G10890-2022.html,ghg_facility_metal_mining_df,POINT (-103.2255 55.241)
2022,ZZ-ghg-645ee1cc-1,Shelburne Basin Venture,-62.93907,42.32611,Halifax,Nova Scotia,Oil and Gas Contract Drilling,,https://climate-change.canada.ca/facility-emissions/GHGRP-G10898-2016.html,ghg_facility_metal_mining_df,POINT (-62.93907 42.32611)
2022,NU-ghg-378cc14a-1,Milne Port Site,-80.88611,71.88444,,Nunavut,Iron Ore Mining,85.14,https://climate-change.canada.ca/facility-emissions/GHGRP-G10900-2022.html,ghg_facility_metal_mining_df,POINT (-80.88611 71.88444)
2022,ON-ghg-d792cb90-1,Red Lake Gold Mines,-93.74433,51.06078,Balmertown,Ontario,Gold and Silver Ore Mining,,https://climate-change.canada.ca/facility-emissions/GHGRP-G10902-2017.html,ghg_facility_metal_mining_df,POINT (-93.74433 51.06078)
2022,QC-ghg-a31a9749-1,Casa Berardi,-79.1646,49.3357,Eeyou Istchee,Quebec,Gold and Silver Ore Mining,30.08,https://climate-change.canada.ca/facility-emissions/GHGRP-G10904-2022.html,ghg_facility_metal_mining_df,POINT (-79.1646 49.3357)
2022,ON-ghg-ac695335-1,Clarabelle Mill,-81.0561,46.495,Copper Cliff,Ontario,Nickel-Copper Ore Mining,,https://climate-change.canada.ca/facility-emissions/GHGRP-G10905-2018.html,ghg_facility_metal_mining_df,POINT (-81.0561 46.495)
2022,ON-ghg-29c218f1-1,Coleman Mine,-81.3836,46.6435,Levack,Ontario,Nickel-Copper Ore Mining,,https://climate-change.canada.ca/facility-emissions/GHGRP-G10906-2018.html,ghg_facility_metal_mining_df,POINT (-81.3836 46.6435)
2022,QC-ghg-cd561fab-1,La Mine Niobec,-71.1578,48.5322,Saint Honoré,Quebec,All Other Metal Ore Mining,14.23,https://climate-change.canada.ca/facility-emissions/GHGRP-G10907-2022.html,ghg_facility_metal_mining_df,POINT (-71.1578 48.5322)
2022,SK-ghg-9d2ae138-1,McClean Lake Operations,-103.91694,58.25,Saskatoon,Saskatchewan,Uranium Ore Mining,25.36,https://climate-change.canada.ca/facility-emissions/GHGRP-G10908-2022.html,ghg_facility_metal_mining_df,POINT (-103.91694 58.25)
2022,SK-ghg-64d4e2c5-1,MOSAIC POTASH ESTERHAZY - K1 SITE,-101.9308,50.7283,Regina,Saskatchewan,Potash Mining,48.43,https://climate-change.canada.ca/facility-emissions/GHGRP-G10909-2022.html,ghg_facility_metal_mining_df,POINT (-101.9308 50.7283)
2022,ON-ghg-37f54e70-1,Victor Mine,-83.9696,52.8279,Kenora,Ontario,Diamond Mining,11.51,https://climate-change.canada.ca/facility-emissions/GHGRP-G10910-2022.html,ghg_facility_metal_mining_df,POINT (-83.9696 52.8279)
2022,QC-ghg-82d15e92-1,La mine Doyon,-78.4354,48.2526,Preissac,Quebec,Gold and Silver Ore Mining,15.71,https://climate-change.canada.ca/facility-emissions/GHGRP-G10911-2022.html,ghg_facility_metal_mining_df,POINT (-78.4354 48.2526)
2022,ON-ghg-7ab8863e-1,Timmins Micronizing Plant,-81.318,48.4745,Timmins,Ontario,All Other Non-Metallic Mineral Mining and Quarrying,11.07,https://climate-change.canada.ca/facility-emissions/GHGRP-G10912-2022.html,ghg_facility_metal_mining_df,POINT (-81.318 48.4745)
2022,SK-ghg-62314943-1,Key Lake Operation,-105.67861,57.21194,Saskatoon,Saskatchewan,Uranium Ore Mining,26.67,https://climate-change.canada.ca/facility-emissions/GHGRP-G10913-2022.html,ghg_facility_metal_mining_df,POINT (-105.67861 57.21194)
2022,ON-ghg-578ed6cd-1,Island Gold Mine,-84.55278,48.35028,Dubreuilville,Ontario,Gold and Silver Ore Mining,15.75,https://climate-change.canada.ca/facility-emissions/GHGRP-G10917-2022.html,ghg_facility_metal_mining_df,POINT (-84.55278 48.35028)
2022,SK-ghg-704da30e-1,Rabbit Lake Operation,-103.7158,58.1938,Saskatoon,Saskatchewan,Uranium Ore Mining,,https://climate-change.canada.ca/facility-emissions/GHGRP-G10918-2018.html,ghg_facility_metal_mining_df,POINT (-103.7158 58.1938)
2022,ON-ghg-622ff68f-1,GODERICH PLANT,-81.6965,43.7375,Goderich,Ontario,Salt Mining,19.18,https://climate-change.canada.ca/facility-emissions/GHGRP-G10919-2022.html,ghg_facility_metal_mining_df,POINT (-81.6965 43.7375)
2022,ON-ghg-fe26909d-1,Nepheline Syenite Operations,-77.9456,44.6746,Havelock,Ontario,"Shale, Clay and Refractory Mineral Mining and Quarrying",11.73,https://climate-change.canada.ca/facility-emissions/GHGRP-G10920-2022.html,ghg_facility_metal_mining_df,POINT (-77.9456 44.6746)
2022,MB-ghg-eb26b667-1,HBMS Chisel Lake Mine,-100.12,54.83,Snow Lake,Manitoba,Copper-Zinc Ore Mining,27.22,https://climate-change.canada.ca/facility-emissions/GHGRP-G10921-2022.html,ghg_facility_metal_mining_df,POINT (-100.12 54.83)
2022,SK-ghg-30608c17-1,McArthur River Operation,-105.065,57.75556,Saskatoon,Saskatchewan,Uranium Ore Mining,20.51,https://climate-change.canada.ca/facility-emissions/GHGRP-G10922-2022.html,ghg_facility_metal_mining_df,POINT (-105.065 57.75556)
2022,SK-ghg-54bc1be1-1,Cigar Lake Operation,-104.542,58.0676,Sasktoon,Saskatchewan,Uranium Ore Mining,25.21,https://climate-change.canada.ca/facility-emissions/GHGRP-G10923-2022.html,ghg_facility_metal_mining_df,POINT (-104.542 58.0676)
2022,ON-ghg-edee9500-1,Porcupine Gold Mines,-81.2475,48.46306,South Porcupine,Ontario,Gold and Silver Ore Mining,55.28,https://climate-change.canada.ca/facility-emissions/GHGRP-G10924-2022.html,ghg_facility_metal_mining_df,POINT (-81.2475 48.46306)
2022,ON-ghg-1f1086af-1,Impala Canada Ltd.,-89.61435,49.16168,Thunder Bay,Ontario,All Other Metal Ore Mining,56.48,https://climate-change.canada.ca/facility-emissions/GHGRP-G10926-2022.html,ghg_facility_metal_mining_df,POINT (-89.61435 49.16168)
2022,ON-ghg-acd971a1-1,Lake Shore Gold Timmins West Mine,-81.5575,48.384,Timmins,Ontario,Gold and Silver Ore Mining,14.34,https://climate-change.canada.ca/facility-emissions/GHGRP-G10929-2022.html,ghg_facility_metal_mining_df,POINT (-81.5575 48.384)
2022,ON-ghg-de98873b-1,McEwen Ontario Black Fox Mine,-80.21,48.3,Matheson,Ontario,Gold and Silver Ore Mining,9.06,https://climate-change.canada.ca/facility-emissions/GHGRP-G10930-2022.html,ghg_facility_metal_mining_df,POINT (-80.21 48.3)
2022,ON-ghg-7af3989a-1,Bell Creek Complex,-81.173,48.5523,Porcupine,Ontario,Gold and Silver Ore Mining,11.32,https://climate-change.canada.ca/facility-emissions/GHGRP-G10931-2022.html,ghg_facility_metal_mining_df,POINT (-81.173 48.5523)
2022,QC-ghg-16e95300-1,Bracemac-McLeod,-77.41739,49.41487,Matagami,Quebec,Copper-Zinc Ore Mining,,https://climate-change.canada.ca/facility-emissions/GHGRP-G11336-2021.html,ghg_facility_metal_mining_df,POINT (-77.41739 49.41487)
2022,ON-ghg-41da54e0-1,Young-Davidson,-80.67722,47.94722,Matachewan,Ontario,Gold and Silver Ore Mining,24.61,https://climate-change.canada.ca/facility-emissions/GHGRP-G11375-2022.html,ghg_facility_metal_mining_df,POINT (-80.67722 47.94722)
2022,QC-ghg-699b2a3d-1,Projet Nunavik Nickel,-73.3234,61.3239,Kattiniq,Quebec,Nickel-Copper Ore Mining,129.62,https://climate-change.canada.ca/facility-emissions/GHGRP-G11382-2022.html,ghg_facility_metal_mining_df,POINT (-73.3234 61.3239)
2022,SK-ghg-81fea575-1,Jansen Project,-104.7276,51.88147,Saskatoon,Saskatchewan,Potash Mining,20.51,https://climate-change.canada.ca/facility-emissions/GHGRP-G11389-2022.html,ghg_facility_metal_mining_df,POINT (-104.7276 51.88147)
2022,MB-ghg-8716fe01-1,HBMS Reed Mine,-100.63,54.58,Flin Flon,Manitoba,Copper-Zinc Ore Mining,,https://climate-change.canada.ca/facility-emissions/GHGRP-G11422-2017.html,ghg_facility_metal_mining_df,POINT (-100.63 54.58)
2022,NT-ghg-afd8de6e-1,Gahcho Kue Mine,-109.2,63.43,Kennady Lake,Northwest Territories,Diamond Mining,116.27,https://climate-change.canada.ca/facility-emissions/GHGRP-G11472-2022.html,ghg_facility_metal_mining_df,POINT (-109.2 63.43)
2022,ON-ghg-9a693221-1,Rainy River Mine,-94.003,48.848,Emo,Ontario,Gold and Silver Ore Mining,128.42,https://climate-change.canada.ca/facility-emissions/GHGRP-G11496-2022.html,ghg_facility_metal_mining_df,POINT (-94.003 48.848)
2022,SK-ghg-3a37c847-1,Bethune Mine,-105.38,50.65,Bethune,Saskatchewan,Potash Mining,739.45,https://climate-change.canada.ca/facility-emissions/GHGRP-G11513-2022.html,ghg_facility_metal_mining_df,POINT (-105.38 50.65)
2022,QC-ghg-3dd74a7d-1,Mine Renard,-72.21557,52.81068,Baie James,Quebec,Diamond Mining,67.2,https://climate-change.canada.ca/facility-emissions/GHGRP-G11519-2022.html,ghg_facility_metal_mining_df,POINT (-72.21557 52.81068)
2022,ZZ-ghg-76b6e03e-1,Henry Goodrich,-48.0393,46.7868,St. John's,Newfoundland and Labrador,Oil and Gas Contract Drilling,,https://climate-change.canada.ca/facility-emissions/GHGRP-G11634-2019.html,ghg_facility_metal_mining_df,POINT (-48.0393 46.7868)
2022,ZZ-ghg-9f9b6218-1,Transocean Barents,-48.4979,46.4619,St. John's,Newfoundland and Labrador,Oil and Gas Contract Drilling,,https://climate-change.canada.ca/facility-emissions/GHGRP-G11635-2019.html,ghg_facility_metal_mining_df,POINT (-48.4979 46.4619)
2022,NL-ghg-c7b9db67-1,DSO Timmins Project,-67.08321,54.88983,,Newfoundland and Labrador,Iron Ore Mining,40.69,https://climate-change.canada.ca/facility-emissions/GHGRP-G11734-2022.html,ghg_facility_metal_mining_df,POINT (-67.08321 54.88983)
2022,QC-ghg-18a369d4-1,North American Lithium,-77.82782,48.40579,La Corne,Quebec,All Other Metal Ore Mining,,https://climate-change.canada.ca/facility-emissions/GHGRP-G11736-2018.html,ghg_facility_metal_mining_df,POINT (-77.82782 48.40579)
2022,AB-ghg-c748afe6-1,Sil Industrial Minerals Lamont Plant,-112.92419,53.9063,Bruderheim,Alberta,All Other Non-Metallic Mineral Mining and Quarrying,17.38,https://climate-change.canada.ca/facility-emissions/GHGRP-G11766-2022.html,ghg_facility_metal_mining_df,POINT (-112.92419 53.9063)
2022,QC-ghg-5f0ef30d-1,Rio Tinto Fer et Titane inc. - HAVRE-SAINT-PIERRE,-63.6064,50.2435,Havre Saint Pierre,Quebec,Iron Ore Mining,25.05,https://climate-change.canada.ca/facility-emissions/GHGRP-G11767-2022.html,ghg_facility_metal_mining_df,POINT (-63.6064 50.2435)
2022,QC-ghg-37889593-1,Division Goldex,-77.874,48.0923,Val D'or,Quebec,Gold and Silver Ore Mining,13.78,https://climate-change.canada.ca/facility-emissions/GHGRP-G11770-2022.html,ghg_facility_metal_mining_df,POINT (-77.874 48.0923)
2022,QC-ghg-b386b59f-1,Division Laronde,-78.3958,48.2375,Rouyn Noranda,Quebec,Gold and Silver Ore Mining,40.79,https://climate-change.canada.ca/facility-emissions/GHGRP-G11794-2022.html,ghg_facility_metal_mining_df,POINT (-78.3958 48.2375)
2022,QC-ghg-0a3ef21e-1,Mine Éléonore,-76.04389,52.42083,Rouyn Noranda,Quebec,Gold and Silver Ore Mining,27.84,https://climate-change.canada.ca/facility-emissions/GHGRP-G11804-2022.html,ghg_facility_metal_mining_df,POINT (-76.04389 52.42083)
2022,ON-ghg-f4d7405f-1,IKO Madoc,-77.5348,44.4961,Madoc,Ontario,All Other Non-Metallic Mineral Mining and Quarrying,25.16,https://climate-change.canada.ca/facility-emissions/GHGRP-G11827-2022.html,ghg_facility_metal_mining_df,POINT (-77.5348 44.4961)
2022,YT-ghg-8b38cc15-1,Minto Mine,-137.15,62.37,Unorganized Yukon,Yukon,All Other Metal Ore Mining,,https://climate-change.canada.ca/facility-emissions/GHGRP-G11842-2021.html,ghg_facility_metal_mining_df,POINT (-137.15 62.37)
2022,SK-ghg-983a8937-1,Chaplin,-106.66843,50.4615,Chaplin,Saskatchewan,Salt Mining,11.31,https://climate-change.canada.ca/facility-emissions/GHGRP-G11876-2022.html,ghg_facility_metal_mining_df,POINT (-106.66843 50.4615)
2022,BC-ghg-446506a4-1,Copper Mountain Mine,-120.51,49.34556,Princeton,British Columbia,Copper-Zinc Ore Mining,82.92,https://climate-change.canada.ca/facility-emissions/GHGRP-G11894-2022.html,ghg_facility_metal_mining_df,POINT (-120.51 49.34556)
2022,ON-ghg-e583d1c5-1,Red Lake Operation,-93.74407,51.0597,Balmertown,Ontario,Gold and Silver Ore Mining,31.68,https://climate-change.canada.ca/facility-emissions/GHGRP-G11951-2022.html,ghg_facility_metal_mining_df,POINT (-93.74407 51.0597)
2022,SK-ghg-fdd11bc9-1,UNITY PLANT,-109.1111,52.4294,Unity,Saskatchewan,Salt Mining,26.91,https://climate-change.canada.ca/facility-emissions/GHGRP-G11981-2022.html,ghg_facility_metal_mining_df,POINT (-109.1111 52.4294)
2022,NS-ghg-38888029-1,Touquoy Mine,-62.91917,44.97361,Middle Musquodoboit,Nova Scotia,Gold and Silver Ore Mining,9.72,https://climate-change.canada.ca/facility-emissions/GHGRP-G12010-2022.html,ghg_facility_metal_mining_df,POINT (-62.91917 44.97361)
2022,ON-ghg-05028538-1,Garson Mine,-80.8562,46.5667,Garson,Ontario,Nickel-Copper Ore Mining,,https://climate-change.canada.ca/facility-emissions/GHGRP-G12032-2018.html,ghg_facility_metal_mining_df,POINT (-80.8562 46.5667)
2022,ON-ghg-b70c32c0-1,Copper Cliff Mine (South),-81.0758,46.459,Copper Cliff,Ontario,Nickel-Copper Ore Mining,,https://climate-change.canada.ca/facility-emissions/GHGRP-G12033-2018.html,ghg_facility_metal_mining_df,POINT (-81.0758 46.459)
2022,BC-ghg-3e19af76-1,Silvertip Mine,-127.64762,53.72667,Vancouver,British Columbia,Lead-Zinc Ore Mining,14.53,https://climate-change.canada.ca/facility-emissions/GHGRP-G12112-2022.html,ghg_facility_metal_mining_df,POINT (-127.64762 53.72667)
2022,NB-ghg-d59ee3e4-1,Caribou Mine,-66.29889,47.58056,Bathurst,New Brunswick,Lead-Zinc Ore Mining,,https://climate-change.canada.ca/facility-emissions/GHGRP-G12142-2021.html,ghg_facility_metal_mining_df,POINT (-66.29889 47.58056)
2022,BC-ghg-d1dab6dd-1,Mount Milligan Mine,-124.00305,55.12046,Bulkley Nechako C,British Columbia,Copper-Zinc Ore Mining,73.25,https://climate-change.canada.ca/facility-emissions/GHGRP-G12158-2022.html,ghg_facility_metal_mining_df,POINT (-124.00305 55.12046)
2022,QC-ghg-a8fb1863-1,Osisko Mining inc Project Windfall,-75.6518,49.07366,Lebel Sur Quévillon,Quebec,Other Support Activities for Mining,21.89,https://climate-change.canada.ca/facility-emissions/GHGRP-G12184-2022.html,ghg_facility_metal_mining_df,POINT (-75.6518 49.07366)
2022,ON-ghg-35f85a4c-1,Eagle River Mill,-85.42307,48.10634,Wawa,Ontario,Gold and Silver Ore Mining,12.77,https://climate-change.canada.ca/facility-emissions/GHGRP-G12304-2022.html,ghg_facility_metal_mining_df,POINT (-85.42307 48.10634)
2022,QC-ghg-813f1b0a-1,Eldorado Gold (Québec) Inc.,-77.45517,48.63633,Val D'or,Quebec,Gold and Silver Ore Mining,15.09,https://climate-change.canada.ca/facility-emissions/GHGRP-G12404-2022.html,ghg_facility_metal_mining_df,POINT (-77.45517 48.63633)
2022,YT-ghg-04e8efc0-1,Eagle Gold Mine,-135.8343,64.02545,Vancouver,British Columbia,Gold and Silver Ore Mining,51.74,https://climate-change.canada.ca/facility-emissions/GHGRP-G12459-2022.html,ghg_facility_metal_mining_df,POINT (-135.8343 64.02545)
2022,ON-ghg-db08cfd5-1,Côté Gold,-81.94055,47.55556,Gogama,Ontario,Gold and Silver Ore Mining,12.39,https://climate-change.canada.ca/facility-emissions/GHGRP-G12466-2022.html,ghg_facility_metal_mining_df,POINT (-81.94055 47.55556)
2022,BC-ghg-10352a70-1,Red Chris Mine,-129.76764,57.72573,Dease Lake,British Columbia,Gold and Silver Ore Mining,98.91,https://climate-change.canada.ca/facility-emissions/GHGRP-G12553-2022.html,ghg_facility_metal_mining_df,POINT (-129.76764 57.72573)
2022,AB-ghg-3c22c727-1,Hammerstone Quarry,-111.5539,57.191,Calgary,Alberta,Limestone Mining and Quarrying,16.35,https://climate-change.canada.ca/facility-emissions/GHGRP-G12660-2022.html,ghg_facility_metal_mining_df,POINT (-111.5539 57.191)
2022,ON-ghg-46f14e99-1,Greenstone Mine,-86.92899,49.66714,Geraldton,Ontario,Gold and Silver Ore Mining,28.08,https://climate-change.canada.ca/facility-emissions/GHGRP-G12678-2022.html,ghg_facility_metal_mining_df,POINT (-86.92899 49.66714)
2022,QC-ghg-c08d1f77-1,Aciérie - ArcelorMittal Contrecoeur,-73.26362,45.82055,Contrecoeur,Quebec,Iron and Steel Mills and Ferro-Alloy Manufacturing,,https://climate-change.canada.ca/facility-emissions/GHGRP-G10002-2017.html,ghg_facility_metal_manufacturing_df,POINT (-73.26362 45.82055)
2022,BC-ghg-c8a5ba7a-1,Rio Tinto Alcan Inc.,-128.69531,54.00286,Kitimat,British Columbia,Primary Production of Alumina and Aluminum,420.39,https://climate-change.canada.ca/facility-emissions/GHGRP-G10010-2022.html,ghg_facility_metal_manufacturing_df,POINT (-128.69531 54.00286)
2022,ON-ghg-d35534ff-1,Algoma Steel Inc,-84.3637,46.5217,Sault Ste. Marie,Ontario,Iron and Steel Mills and Ferro-Alloy Manufacturing,3936.24,https://climate-change.canada.ca/facility-emissions/GHGRP-G10011-2022.html,ghg_facility_metal_manufacturing_df,POINT (-84.3637 46.5217)
2022,QC-ghg-e5d8d3e5-1,Aluminerie Alouette inc.,-66.4416,50.1583,SeptÎles,Quebec,Primary Production of Alumina and Aluminum,1140.9,https://climate-change.canada.ca/facility-emissions/GHGRP-G10012-2022.html,ghg_facility_metal_manufacturing_df,POINT (-66.4416 50.1583)
2022,QC-ghg-a3d43452-1,Aluminerie de Baie-Comeau,-68.1461,49.2583,Baie Comeau,Quebec,Primary Production of Alumina and Aluminum,534.69,https://climate-change.canada.ca/facility-emissions/GHGRP-G10013-2022.html,ghg_facility_metal_manufacturing_df,POINT (-68.1461 49.2583)
2022,QC-ghg-d961af5d-1,Aluminerie de Bécancour inc.,-72.3874,46.3829,Bécancour,Quebec,Primary Production of Alumina and Aluminum,821.53,https://climate-change.canada.ca/facility-emissions/GHGRP-G10014-2022.html,ghg_facility_metal_manufacturing_df,POINT (-72.3874 46.3829)
2022,NB-ghg-9b4ce248-1,Brunswick Smelter,-65.8339,47.8992,Belledune,New Brunswick,Non-Ferrous Metal (except Aluminum) Smelting and Refining,,https://climate-change.canada.ca/facility-emissions/GHGRP-G10035-2019.html,ghg_facility_metal_manufacturing_df,POINT (-65.8339 47.8992)
2022,QC-ghg-b5f2767c-1,Rio Tinto Fer et Titane inc.- Complexe  de Sorel-Tracy,-73.13778,46.0475,Sorel Tracy,Quebec,Iron and Steel Mills and Ferro-Alloy Manufacturing,982.93,https://climate-change.canada.ca/facility-emissions/GHGRP-G10076-2022.html,ghg_facility_metal_manufacturing_df,POINT (-73.13778 46.0475)
2022,ON-ghg-b9e79d29-1,Copper Cliff Nickel Refinery,-81.0846,46.4452,Copper Cliff,Ontario,Non-Ferrous Metal (except Aluminum) Smelting and Refining,,https://climate-change.canada.ca/facility-emissions/GHGRP-G10077-2018.html,ghg_facility_metal_manufacturing_df,POINT (-81.0846 46.4452)
2022,ON-ghg-4ec03d13-1,Copper Cliff Smelter,-81.0553,46.4786,Copper Cliff,Ontario,Non-Ferrous Metal (except Aluminum) Smelting and Refining,,https://climate-change.canada.ca/facility-emissions/GHGRP-G10078-2018.html,ghg_facility_metal_manufacturing_df,POINT (-81.0553 46.4786)
2022,ON-ghg-fbf9f05c-1,ArcelorMittal Dofasco,-79.8111,43.2597,Hamilton,Ontario,Iron and Steel Mills and Ferro-Alloy Manufacturing,3960.61,https://climate-change.canada.ca/facility-emissions/GHGRP-G10091-2022.html,ghg_facility_metal_manufacturing_df,POINT (-79.8111 43.2597)
2022,QC-ghg-db735773-1,Elkem Métal Chicoutimi,-71.1307,48.4124,Chicoutimi,Quebec,Iron and Steel Mills and Ferro-Alloy Manufacturing,121.14,https://climate-change.canada.ca/facility-emissions/GHGRP-G10103-2022.html,ghg_facility_metal_manufacturing_df,POINT (-71.1307 48.4124)
2022,AB-ghg-eaa67c1a-1,Fort Saskatchewan,-113.1917,53.7217,Fort Saskatchewan,Alberta,Non-Ferrous Metal (except Aluminum) Smelting and Refining,283.48,https://climate-change.canada.ca/facility-emissions/GHGRP-G10119-2022.html,ghg_facility_metal_manufacturing_df,POINT (-113.1917 53.7217)
2022,ON-ghg-e3a66c00-1,"Gerdau Ameristeel Corporation, Whitby Mill",-78.9097,43.8578,Whitby,Ontario,Iron and Steel Mills and Ferro-Alloy Manufacturing,124.04,https://climate-change.canada.ca/facility-emissions/GHGRP-G10128-2022.html,ghg_facility_metal_manufacturing_df,POINT (-78.9097 43.8578)
2022,SK-ghg-84523ace-1,EVRAZ Inc NA Canada - Regina Facilities,-104.6301,50.5176,Rm of Sherwood,Saskatchewan,Iron and Steel Mills and Ferro-Alloy Manufacturing,243.26,https://climate-change.canada.ca/facility-emissions/GHGRP-G10150-2022.html,ghg_facility_metal_manufacturing_df,POINT (-104.6301 50.5176)
2022,ZZ-ghg-50cbc7e7-4,Norsk Hydro Canada Inc,0.0,0.0,Bécancour,Quebec,Non-Ferrous Metal (except Aluminum) Smelting and Refining,,https://climate-change.canada.ca/facility-emissions/GHGRP-G10205-2007.html,ghg_facility_metal_manufacturing_df,POINT (0 0)
2022,ZZ-ghg-50cbc7e7-5,Silicium Bécancour inc.,0.0,0.0,Bécancour,Quebec,Iron and Steel Mills and Ferro-Alloy Manufacturing,,https://climate-change.canada.ca/facility-emissions/GHGRP-G10270-2010.html,ghg_facility_metal_manufacturing_df,POINT (0 0)
2022,ON-ghg-e83abe0a-1,Hamilton,-79.82723,43.26438,Hamilton,Ontario,Iron and Steel Mills and Ferro-Alloy Manufacturing,279.1,https://climate-change.canada.ca/facility-emissions/GHGRP-G10275-2022.html,ghg_facility_metal_manufacturing_df,POINT (-79.82723 43.26438)
2022,ON-ghg-8eedbabd-1,Lake Erie,-80.0967,42.81,Haldimand County,Ontario,Iron and Steel Mills and Ferro-Alloy Manufacturing,3768.21,https://climate-change.canada.ca/facility-emissions/GHGRP-G10276-2022.html,ghg_facility_metal_manufacturing_df,POINT (-80.0967 42.81)
2022,ZZ-ghg-50cbc7e7-6,"Timminco Metals, Haley Plant",0.0,0.0,Haley,Ontario,Non-Ferrous Metal (except Aluminum) Smelting and Refining,,https://climate-change.canada.ca/facility-emissions/GHGRP-G10288-2007.html,ghg_facility_metal_manufacturing_df,POINT (0 0)
2022,BC-ghg-099f9047-1,"Teck Metals Ltd, Trail Operations",-117.71722,49.10194,Trail,British Columbia,Non-Ferrous Metal (except Aluminum) Smelting and Refining,335.35,https://climate-change.canada.ca/facility-emissions/GHGRP-G10289-2022.html,ghg_facility_metal_manufacturing_df,POINT (-117.71722 49.10194)
2022,QC-ghg-ab2032af-1,Usine Alma,-71.6889,48.5837,Alma,Quebec,Primary Production of Alumina and Aluminum,899.02,https://climate-change.canada.ca/facility-emissions/GHGRP-G10295-2022.html,ghg_facility_metal_manufacturing_df,POINT (-71.6889 48.5837)
2022,QC-ghg-92bbe443-1,Usine Arvida,-71.1599,48.4274,Saguenay,Quebec,Primary Production of Alumina and Aluminum,612.59,https://climate-change.canada.ca/facility-emissions/GHGRP-G10296-2022.html,ghg_facility_metal_manufacturing_df,POINT (-71.1599 48.4274)
2022,QC-ghg-29886c13-1,Usine de Beauharnois,-73.8947,45.3079,Melocheville,Quebec,Primary Production of Alumina and Aluminum,,https://climate-change.canada.ca/facility-emissions/GHGRP-G10297-2020.html,ghg_facility_metal_manufacturing_df,POINT (-73.8947 45.3079)
2022,QC-ghg-4b392c0c-1,Aluminerie de Deschambault,-71.94488,46.69317,Deschambault,Quebec,Primary Production of Alumina and Aluminum,519.72,https://climate-change.canada.ca/facility-emissions/GHGRP-G10300-2022.html,ghg_facility_metal_manufacturing_df,POINT (-71.94488 46.69317)
2022,QC-ghg-fe8b4c3e-1,Usine de fluorure,-71.1718,48.4257,Jonquiere,Quebec,Primary Production of Alumina and Aluminum,,https://climate-change.canada.ca/facility-emissions/GHGRP-G10301-2016.html,ghg_facility_metal_manufacturing_df,POINT (-71.1718 48.4257)
2022,QC-ghg-34078b17-1,Usine de réduction - ArcelorMittal Contrecoeur,-73.252,45.8363,Contrecoeur,Quebec,Iron and Steel Mills and Ferro-Alloy Manufacturing,,https://climate-change.canada.ca/facility-emissions/GHGRP-G10305-2017.html,ghg_facility_metal_manufacturing_df,POINT (-73.252 45.8363)
2022,QC-ghg-8d596147-1,Usine Grande-Baie,-70.5536,48.1821,La Baie,Quebec,Primary Production of Alumina and Aluminum,520.79,https://climate-change.canada.ca/facility-emissions/GHGRP-G10306-2022.html,ghg_facility_metal_manufacturing_df,POINT (-70.5536 48.1821)
2022,QC-ghg-a84faf1c-1,Usine Laterrière,-71.1289,48.3007,Laterriere,Quebec,Primary Production of Alumina and Aluminum,528.57,https://climate-change.canada.ca/facility-emissions/GHGRP-G10307-2022.html,ghg_facility_metal_manufacturing_df,POINT (-71.1289 48.3007)
2022,QC-ghg-af11fc25-1,Usine Shawinigan,-72.7397,46.5586,Shawinigan,Quebec,Primary Production of Alumina and Aluminum,,https://climate-change.canada.ca/facility-emissions/GHGRP-G10308-2014.html,ghg_facility_metal_manufacturing_df,POINT (-72.7397 46.5586)
2022,ZZ-ghg-50cbc7e7-7,Hamilton Specialty Bar Corporation,0.0,0.0,Hamilton,Ontario,Iron and Steel Mills and Ferro-Alloy Manufacturing,,https://climate-change.canada.ca/facility-emissions/GHGRP-G10333-2006.html,ghg_facility_metal_manufacturing_df,POINT (0 0)
2022,ZZ-ghg-50cbc7e7-8,ESCO Limited,0.0,0.0,Port Hope,Ontario,Steel Foundries,,https://climate-change.canada.ca/facility-emissions/GHGRP-G10363-2006.html,ghg_facility_metal_manufacturing_df,POINT (0 0)
2022,QC-ghg-0fc47017-1,ArcelorMittal Contrecoeur Ouest,-73.2661,45.8206,Contrecoeur,Quebec,Iron and Steel Mills and Ferro-Alloy Manufacturing,90.42,https://climate-change.canada.ca/facility-emissions/GHGRP-G10369-2022.html,ghg_facility_metal_manufacturing_df,POINT (-73.2661 45.8206)
2022,ON-ghg-c3e602e7-1,Sudbury Integrated Nickel Operations Smelter,-80.8042,46.5775,Falconbridge,Ontario,Non-Ferrous Metal (except Aluminum) Smelting and Refining,117.94,https://climate-change.canada.ca/facility-emissions/GHGRP-G10398-2022.html,ghg_facility_metal_manufacturing_df,POINT (-80.8042 46.5775)
2022,AB-ghg-f107ca09-1,AltaSteel Inc.,-113.3875,53.5291,Edmonton,Alberta,Iron and Steel Mills and Ferro-Alloy Manufacturing,88.1,https://climate-change.canada.ca/facility-emissions/GHGRP-G10420-2022.html,ghg_facility_metal_manufacturing_df,POINT (-113.3875 53.5291)
2022,QC-ghg-2f112702-1,"Glencore Canada Corporation, CCR refinery",-73.5125,45.6283,Montréal Est,Quebec,Non-Ferrous Metal (except Aluminum) Smelting and Refining,56.83,https://climate-change.canada.ca/facility-emissions/GHGRP-G10578-2022.html,ghg_facility_metal_manufacturing_df,POINT (-73.5125 45.6283)
2022,QC-ghg-a74c15f5-1,Glencore Canada Corporation - Fonderie Horne,-79.01667,48.25417,Rouyn Noranda,Quebec,Non-Ferrous Metal (except Aluminum) Smelting and Refining,191.93,https://climate-change.canada.ca/facility-emissions/GHGRP-G10579-2022.html,ghg_facility_metal_manufacturing_df,POINT (-79.01667 48.25417)
2022,ON-ghg-a0709ec5-1,Ivaco Rolling Mills,-74.705,45.6133,L'Orignal,Ontario,Iron and Steel Mills and Ferro-Alloy Manufacturing,102.89,https://climate-change.canada.ca/facility-emissions/GHGRP-G10614-2022.html,ghg_facility_metal_manufacturing_df,POINT (-74.705 45.6133)
2022,BC-ghg-39392cae-1,Tree Island Industries,-122.959,49.1875,Richmond,British Columbia,Steel Wire Drawing,,https://climate-change.canada.ca/facility-emissions/GHGRP-G10647-2013.html,ghg_facility_metal_manufacturing_df,POINT (-122.959 49.1875)
2022,QC-ghg-e359e08c-1,Quebec Silicon LP,-72.3881,46.3712,Bécancour,Quebec,Iron and Steel Mills and Ferro-Alloy Manufacturing,194.62,https://climate-change.canada.ca/facility-emissions/GHGRP-G10657-2022.html,ghg_facility_metal_manufacturing_df,POINT (-72.3881 46.3712)
2022,MB-ghg-2eaac194-1,"Gerdau Ameristeel Corporation, Manitoba Mill",-96.9013,50.1302,Selkirk,Manitoba,Iron and Steel Mills and Ferro-Alloy Manufacturing,48.05,https://climate-change.canada.ca/facility-emissions/GHGRP-G10678-2022.html,ghg_facility_metal_manufacturing_df,POINT (-96.9013 50.1302)
2022,ON-ghg-dbc7c20d-1,"Gerdau Ameristeel Corporation, Cambridge Mill",-80.284,43.3706,Cambridge,Ontario,Iron and Steel Mills and Ferro-Alloy Manufacturing,16.05,https://climate-change.canada.ca/facility-emissions/GHGRP-G10738-2022.html,ghg_facility_metal_manufacturing_df,POINT (-80.284 43.3706)
2022,QC-ghg-1129bd74-1,Aluminerie Arvida - Centre technologique AP60,-71.15674,48.43193,Jonquière,Quebec,Primary Production of Alumina and Aluminum,96.48,https://climate-change.canada.ca/facility-emissions/GHGRP-G10791-2022.html,ghg_facility_metal_manufacturing_df,POINT (-71.15674 48.43193)
2022,NL-ghg-e47797cb-1,Long Harbour Operations,-53.81167,47.40889,Long Harbour,Newfoundland and Labrador,Non-Ferrous Metal (except Aluminum) Smelting and Refining,50.09,https://climate-change.canada.ca/facility-emissions/GHGRP-G10810-2022.html,ghg_facility_metal_manufacturing_df,POINT (-53.81167 47.40889)
2022,QC-ghg-4a69394e-1,Ball Advanced Aluminum Technologies Canada Inc.,-71.92586,45.39009,Sherbrooke,Quebec,"Aluminum Rolling, Drawing, Extruding and Alloying",,https://climate-change.canada.ca/facility-emissions/GHGRP-G10861-2020.html,ghg_facility_metal_manufacturing_df,POINT (-71.92586 45.39009)
2022,QC-ghg-eaac9aab-1,SOCIÉTÉ EN COMMANDITE REVENU NORANDA - VALLEYFIELD,-74.1031,45.2281,Salaberry De Valleyfield,Quebec,Non-Ferrous Metal (except Aluminum) Smelting and Refining,48.69,https://climate-change.canada.ca/facility-emissions/GHGRP-G10903-2022.html,ghg_facility_metal_manufacturing_df,POINT (-74.1031 45.2281)
2022,ON-ghg-5d2ce3eb-1,Matalco Inc.,-79.65764,43.74325,Brampton,Ontario,"Aluminum Rolling, Drawing, Extruding and Alloying",22.34,https://climate-change.canada.ca/facility-emissions/GHGRP-G11020-2022.html,ghg_facility_metal_manufacturing_df,POINT (-79.65764 43.74325)
2022,ON-ghg-0cfdee6b-1,Real Alloy Mississauga,-79.6679,43.7014,Mississauga,Ontario,"Aluminum Rolling, Drawing, Extruding and Alloying",14.92,https://climate-change.canada.ca/facility-emissions/GHGRP-G11042-2022.html,ghg_facility_metal_manufacturing_df,POINT (-79.6679 43.7014)
2022,ON-ghg-56c3cc9c-1,Great Lakes Copper Ltd.,-81.1842,43.0233,London,Ontario,"Copper Rolling, Drawing, Extruding and Alloying",11.39,https://climate-change.canada.ca/facility-emissions/GHGRP-G11046-2022.html,ghg_facility_metal_manufacturing_df,POINT (-81.1842 43.0233)
2022,QC-ghg-f6d132e6-1,Usine de coulée continue de Montréal-Est,-73.5132,45.6291,Montréal Est,Quebec,"Copper Rolling, Drawing, Extruding and Alloying",,https://climate-change.canada.ca/facility-emissions/GHGRP-G11086-2019.html,ghg_facility_metal_manufacturing_df,POINT (-73.5132 45.6291)
2022,QC-ghg-19b3f45d-1,INFASCO,-73.1673,45.431,Marieville,Quebec,Cold-Rolled Steel Shape Manufacturing,15.56,https://climate-change.canada.ca/facility-emissions/GHGRP-G11095-2022.html,ghg_facility_metal_manufacturing_df,POINT (-73.1673 45.431)
2022,ON-ghg-689404a4-1,Kaiser Aluminum Canada Limited,-81.1408,42.9862,London,Ontario,"Aluminum Rolling, Drawing, Extruding and Alloying",17.46,https://climate-change.canada.ca/facility-emissions/GHGRP-G11103-2022.html,ghg_facility_metal_manufacturing_df,POINT (-81.1408 42.9862)
2022,QC-ghg-cf75b8a9-1,Sivaco Québec,-73.1676,45.4372,Marieville,Quebec,Steel Wire Drawing,13.86,https://climate-change.canada.ca/facility-emissions/GHGRP-G11128-2022.html,ghg_facility_metal_manufacturing_df,POINT (-73.1676 45.4372)
2022,QC-ghg-9623c9b4-1,Laminoir fil machine - ArcelorMittal Contrecoeur,-73.2584,45.8295,Contrecoeur,Quebec,Iron and Steel Mills and Ferro-Alloy Manufacturing,,https://climate-change.canada.ca/facility-emissions/GHGRP-G11230-2017.html,ghg_facility_metal_manufacturing_df,POINT (-73.2584 45.8295)
2022,QC-ghg-ff1967c4-1,ArcelorMittal Longueuil,-73.4579,45.5663,Longueuil,Quebec,Iron and Steel Mills and Ferro-Alloy Manufacturing,23.89,https://climate-change.canada.ca/facility-emissions/GHGRP-G11231-2022.html,ghg_facility_metal_manufacturing_df,POINT (-73.4579 45.5663)
2022,ON-ghg-468bcb87-1,Valbruna ASW Inc.,-79.23453,42.99864,Welland,Ontario,Iron and Steel Mills and Ferro-Alloy Manufacturing,12.51,https://climate-change.canada.ca/facility-emissions/GHGRP-G11368-2022.html,ghg_facility_metal_manufacturing_df,POINT (-79.23453 42.99864)
2022,QC-ghg-4b74bf62-1,Fonderie Bibby Sainte-Croix,-71.73606,46.6233,Sainte Croix,Quebec,Iron Foundries,17.86,https://climate-change.canada.ca/facility-emissions/GHGRP-G11390-2022.html,ghg_facility_metal_manufacturing_df,POINT (-71.73606 46.6233)
2022,ON-ghg-4c4b8519-1,North York Division,-79.532,43.736,Toronto,Ontario,"Aluminum Rolling, Drawing, Extruding and Alloying",19.28,https://climate-change.canada.ca/facility-emissions/GHGRP-G11718-2022.html,ghg_facility_metal_manufacturing_df,POINT (-79.532 43.736)
2022,ON-ghg-c1f29931-1,Port Colborne Refinery,-79.2405,42.8826,Port Colborne,Ontario,Non-Ferrous Metal (except Aluminum) Smelting and Refining,14.17,https://climate-change.canada.ca/facility-emissions/GHGRP-G11723-2022.html,ghg_facility_metal_manufacturing_df,POINT (-79.2405 42.8826)
2022,QC-ghg-fe8b4c3e-2,Usine Vaudreuil,-71.1718,48.4257,Jonquière,Quebec,Primary Production of Alumina and Aluminum,380.82,https://climate-change.canada.ca/facility-emissions/GHGRP-G11730-2022.html,ghg_facility_metal_manufacturing_df,POINT (-71.1718 48.4257)
2022,ON-ghg-6104186e-1,Pickering,-79.05871,43.82797,Pickering,Ontario,"Aluminum Rolling, Drawing, Extruding and Alloying",14.85,https://climate-change.canada.ca/facility-emissions/GHGRP-G11744-2022.html,ghg_facility_metal_manufacturing_df,POINT (-79.05871 43.82797)
2022,ON-ghg-0a8ea553-1,ARCELORMITTAL WINDSOR A DIVISION OF ARCELORMITTAL DOFASCO G.P,-83.1002,42.2605,Windsor,Ontario,Iron and Steel Mills and Ferro-Alloy Manufacturing,24.99,https://climate-change.canada.ca/facility-emissions/GHGRP-G11750-2022.html,ghg_facility_metal_manufacturing_df,POINT (-83.1002 42.2605)
2022,ON-ghg-d7d84aa7-1,ArcelorMittal long Products Canada - Hamilton East,-79.7857,43.2625,Hamilton,Ontario,Steel Wire Drawing,15.38,https://climate-change.canada.ca/facility-emissions/GHGRP-G11765-2022.html,ghg_facility_metal_manufacturing_df,POINT (-79.7857 43.2625)
2022,ON-ghg-57634ce0-1,Max Aicher (North America) Limited,-79.82236,43.26654,Hamilton,Ontario,Cold-Rolled Steel Shape Manufacturing,19.24,https://climate-change.canada.ca/facility-emissions/GHGRP-G11878-2022.html,ghg_facility_metal_manufacturing_df,POINT (-79.82236 43.26654)
2022,ON-ghg-c856cd7c-1,MASTERLOY PRODUCTS Company,-75.5761,45.2962,Ottawa,Ontario,Iron and Steel Mills and Ferro-Alloy Manufacturing,,https://climate-change.canada.ca/facility-emissions/GHGRP-G11956-2021.html,ghg_facility_metal_manufacturing_df,POINT (-75.5761 45.2962)
2022,QC-ghg-c08d1f77-2,ArcelorMittal Contrecoeur Est,-73.26362,45.82055,Contrecoeur,Quebec,Iron and Steel Mills and Ferro-Alloy Manufacturing,920.48,https://climate-change.canada.ca/facility-emissions/GHGRP-G11989-2022.html,ghg_facility_metal_manufacturing_df,POINT (-73.26362 45.82055)
2022,ON-ghg-1e2d9387-1,NATT Tools Group Inc.,-79.829,43.2663,Hamilton,Ontario,Cold-Rolled Steel Shape Manufacturing,11.1,https://climate-change.canada.ca/facility-emissions/GHGRP-G12009-2022.html,ghg_facility_metal_manufacturing_df,POINT (-79.829 43.2663)
2022,ON-ghg-4ec03d13-2,"Copper Cliff Mining, Smelting and Refining Complex",-81.0553,46.4786,Copper Cliff,Ontario,Non-Ferrous Metal (except Aluminum) Smelting and Refining,330.67,https://climate-change.canada.ca/facility-emissions/GHGRP-G12298-2022.html,ghg_facility_metal_manufacturing_df,POINT (-81.0553 46.4786)
2022,MB-ghg-9bf35160-1,GRIFFIN CANADA - WINNIPEG,-97.0025,49.913,Winnipeg,Manitoba,Steel Foundries,,https://climate-change.canada.ca/facility-emissions/GHGRP-G12301-2019.html,ghg_facility_metal_manufacturing_df,POINT (-97.0025 49.913)
2022,BC-ghg-ee8c6b46-1,Molycop Canada Plant 2,-120.09703,50.65598,Kamloops,British Columbia,Iron Foundries,,https://climate-change.canada.ca/facility-emissions/GHGRP-G12554-2020.html,ghg_facility_metal_manufacturing_df,POINT (-120.09703 50.65598)
2022,BC-ghg-9b5789c0-1,Moly-Cop Canada,-120.09649,50.65726,Kamloops,British Columbia,Iron Foundries,25.12,https://climate-change.canada.ca/facility-emissions/GHGRP-G12555-2022.html,ghg_facility_metal_manufacturing_df,POINT (-120.09649 50.65726)
2022,QC-ghg-4f31b39e-1,Fonderie Laperle,-73.1387,45.8947,Saint Ours,Quebec,Iron Foundries,0.51,https://climate-change.canada.ca/facility-emissions/GHGRP-G12579-2022.html,ghg_facility_metal_manufacturing_df,POINT (-73.1387 45.8947)
2022,ON-ghg-28f1b9e6-1,Extrusion North America - Mississauga,-79.6575,43.6306,Mississauga,Ontario,"Aluminum Rolling, Drawing, Extruding and Alloying",4.89,https://climate-change.canada.ca/facility-emissions/GHGRP-G12581-2022.html,ghg_facility_metal_manufacturing_df,POINT (-79.6575 43.6306)
