main_id,facility_name,reported_company,longitude,latitude,city,province,status,activity_status,development_stage,facility_type,mining_processing_type,commodity_group,primary_commodity,commodities,source,source_df,geometry
QC-MAIN-5801b453,Abcourt-Barvue,Abcourt Mines Inc.,-77.67901,48.52154,,Quebec,project_facility,Active,Advanced project,project,,,Zinc,"Zinc, silver",,nrcan_critical_df,POINT (-77.67901 48.52154)
QC-MAIN-d29e0839,Sleeping Giant,Abcourt Mines Inc.,-77.97434,49.13259,north of Amos,Quebec,active_facility,,,mining,Concentrator,Precious metals,Gold,"Gold, silver",,nrcan_mining_df,POINT (-77.97434 49.13259)
QC-MAIN-f1ff4920,Akasaba West,Agnico Eagle Mines Limited,-77.58,48.04,,Quebec,project_facility,Active,Advanced project,project,,,Gold,"Gold, copper",,nrcan_critical_df,POINT (-77.58 48.04)
NU-MAIN-4ea8ac9d,Amaruq,Agnico Eagle Mines Limited,-96.697,65.415,Baker Lake,Nunavut,active_facility,,,mining,"Open-pit, underground",Precious metals,Gold,Gold,,nrcan_mining_df,POINT (-96.697 65.415)
QC-MAIN-e7e6a960,Canadian Malartic,Agnico Eagle Mines Limited,-78.130824,48.122223,Malartic,Quebec,active_facility,,,mining,"Open-pit, concentrator",Precious metals,Gold,"Gold, silver",,nrcan_mining_df,POINT (-78.130824 48.122223)
ON-MAIN-aeafbb59,Detour Lake,Agnico Eagle Mines Limited,-79.717631,50.018143,Northeast of Cochrane,Ontario,active_facility,,,mining,"Open-pit, concentrator",Precious metals,Gold,Gold,,nrcan_mining_df,POINT (-79.717631 50.018143)
QC-MAIN-c0660aec,Goldex,Agnico Eagle Mines Limited,-77.8733,48.0926,Val-d’Or,Quebec,active_facility,,,mining,"Underground, concentrator",Precious metals,Gold,"Gold, silver",,nrcan_mining_df,POINT (-77.8733 48.0926)
QC-MAIN-e51eda66,LaRonde,Agnico Eagle Mines Limited,-78.428,48.2516,Preissac,Quebec,active_facility,,,mining,"Underground, concentrator",Precious metals,Gold,"Gold, zinc, copper, silver, cadmium",,nrcan_mining_df,POINT (-78.428 48.2516)
ON-MAIN-1f126a43,Macassa,Agnico Eagle Mines Limited,-80.071637,48.142528,Kirkland Lake area,Ontario,active_facility,,,mining,"Underground, concentrator",Precious metals,Gold,"Gold, silver",,nrcan_mining_df,POINT (-80.071637 48.142528)
NU-MAIN-730aefe3,Meadowbank,Agnico Eagle Mines Limited,-96.071313,65.0199956,Baker Lake,Nunavut,active_facility,,,mining,Concentrator,Precious metals,Gold,Gold,,nrcan_mining_df,POINT (-96.071313 65.0199956)
NU-MAIN-8b0264c9,Meliadine,Agnico Eagle Mines Limited,-92.220206,63.031529,Rankin Inlet,Nunavut,active_facility,,,mining,"Open-pit, underground, concentrator",Precious metals,Gold,Gold,,nrcan_mining_df,POINT (-92.220206 63.031529)
MB-MAIN-5d21dbd5,Monument Bay,Agnico Eagle Mines Limited,-92.914016,54.446415,,Manitoba,project_facility,Active,Advanced project,project,,,Gold,"Gold, tungsten",,nrcan_critical_df,POINT (-92.914016 54.446415)
ON-MAIN-74997012,Upper Beaver,Agnico Eagle Mines Limited,-79.76,48.16,,Ontario,project_facility,Active,Advanced project,project,,,Gold,"Gold, copper",,nrcan_critical_df,POINT (-79.76 48.16)
ON-MAIN-687b8c8d,Island,Alamos Gold Inc.,-84.449604,48.285667,Dubreuilville,Ontario,active_facility,,,mining,"Underground, concentrator",Precious metals,Gold,Gold,,nrcan_mining_df,POINT (-84.449604 48.285667)
ON-MAIN-7607a50e,Young-Davidson,Alamos Gold Inc.,-80.67444,47.94667,Matachewan,Ontario,active_facility,,,mining,"Underground, concentrator",Precious metals,Gold,Gold,,nrcan_mining_df,POINT (-80.67444 47.94667)
QC-MAIN-52c01ae4,Baie-Comeau,Alcoa Corporation,-68.1491,49.2562,,Quebec,active_facility,,,manufacturing,Smelter,Aluminum,Aluminum (pure or alloyed),Aluminum (pure or alloyed),,nrcan_manufacturing_df,POINT (-68.1491 49.2562)
QC-MAIN-eac5a52b,Deschambault,Alcoa Corporation,-71.9467,46.6939,,Quebec,active_facility,,,manufacturing,Smelter,Aluminum,Aluminum (pure),Aluminum (pure),,nrcan_manufacturing_df,POINT (-71.9467 46.6939)
QC-MAIN-81a288d0,Elysis,Alcoa Corporation / Rio Tinto Aluminum Inc.,-71.17565,48.43214,,Quebec,project_facility,Active,Advanced processing project,project,,,Aluminum,Aluminum,,nrcan_critical_df,POINT (-71.17565 48.43214)
QC-MAIN-c8966bdc,Bécancour,Alcoa Corporation and Rio Tinto Aluminum Inc.,-72.3852,46.381,,Quebec,active_facility,,,manufacturing,Smelter,Aluminum,Aluminum (pure or alloyed),Aluminum (pure or alloyed),,nrcan_manufacturing_df,POINT (-72.3852 46.381)
ON-MAIN-eab8c362,Algoma Steel,Algoma Steel Inc.,-84.36664,46.52055,,Ontario,active_facility,,,manufacturing,Basic oxygen furnace,Iron ore,Steel,Steel,,nrcan_manufacturing_df,POINT (-84.36664 46.52055)
QC-MAIN-8c7063b2,James Bay Lithium,Allkem Limited,-77.06667,52.23333,,Quebec,project_facility,Active,Advanced project,project,,,Lithium (spodumene),Lithium (spodumene),,nrcan_critical_df,POINT (-77.06667 52.23333)
BC-MAIN-3ef4f421,Avanti Kitsault,Alloycorp Mining Inc.,-129.419,55.422,,British Columbia,project_facility,Active,Advanced project,project,,,Molybdenum,"Molybdenum, silver, lead",,nrcan_critical_df,POINT (-129.419 55.422)
AB-MAIN-9fed34a8,AltaSteel,AltaSteel Inc.,-113.387962,53.492783,,Alberta,active_facility,,,manufacturing,Electric arc furnace,Iron ore,Steel,Steel,,nrcan_manufacturing_df,POINT (-113.387962 53.492783)
NB-MAIN-9e0c4fb2,AIM Recycling Atlantic,American Iron & Metal Co. Inc.,-66.064603,45.261306,,New Brunswick,active_facility,,,manufacturing,,,,,,nrcan_manufacturing_df,POINT (-66.064603 45.261306)
ON-MAIN-9623499f,AIM Recycling Hamilton,American Iron & Metal Co. Inc.,-79.778036,43.259378,,Ontario,active_facility,,,manufacturing,,,,,,nrcan_manufacturing_df,POINT (-79.778036 43.259378)
QC-MAIN-abe563b5,AIM Recycling La Prairie,American Iron & Metal Co. Inc.,-73.500867,45.396324,,Quebec,active_facility,,,manufacturing,,,,,,nrcan_manufacturing_df,POINT (-73.500867 45.396324)
QC-MAIN-a1159813,AIM Recycling Laval,American Iron & Metal Co. Inc.,-73.644813,45.66641,,Quebec,active_facility,,,manufacturing,,,,,,nrcan_manufacturing_df,POINT (-73.644813 45.66641)
QC-MAIN-15d7c629,AIM Recycling Lévis,American Iron & Metal Co. Inc.,-71.177734,46.74789,,Quebec,active_facility,,,manufacturing,,,,,,nrcan_manufacturing_df,POINT (-71.177734 46.74789)
QC-MAIN-41bf5ea5,AIM Recycling Montréal-Est,American Iron & Metal Co. Inc.,-73.5522,45.6309,,Quebec,active_facility,,,manufacturing,,,,,,nrcan_manufacturing_df,POINT (-73.5522 45.6309)
ON-MAIN-8056a739,AIM Recycling Ottawa East,American Iron & Metal Co. Inc.,-75.606364,45.407485,,Ontario,active_facility,,,manufacturing,,,,,,nrcan_manufacturing_df,POINT (-75.606364 45.407485)
QC-MAIN-30ff61c3,Contrecœur-Feruni,ArcelorMittal,-73.260949,45.83316,,Quebec,active_facility,,,manufacturing,,,,,,nrcan_manufacturing_df,POINT (-73.260949 45.83316)
QC-MAIN-33c09b8b,Fire Lake,ArcelorMittal,-67.363935,52.352998,Fermont,Quebec,active_facility,,,mining,Open-pit,Iron ore,Iron,Iron,,nrcan_mining_df,POINT (-67.363935 52.352998)
QC-MAIN-084bd95c,Mont-Wright,ArcelorMittal,-67.330058,52.757053,Fermont,Quebec,active_facility,,,mining,"Open-pit, concentrator",Iron ore,Iron,Iron,,nrcan_mining_df,POINT (-67.330058 52.757053)
QC-MAIN-1eee4ace,Contrecœur East,ArcelorMittal Long Products Canada,-73.249081,45.837723,,Quebec,active_facility,,,manufacturing,Electric arc furnace,Iron ore,Steel,Steel,,nrcan_manufacturing_df,POINT (-73.249081 45.837723)
QC-MAIN-844dcc47,Contrecœur West,ArcelorMittal Long Products Canada,-73.263268,45.819938,,Quebec,active_facility,,,manufacturing,Electric arc furnace,Iron ore,Steel,Steel,,nrcan_manufacturing_df,POINT (-73.263268 45.819938)
QC-MAIN-e25eed27,Port-Cartier,ArcelorMittal Mining Canada,-66.797531,50.03213,,Quebec,active_facility,,,manufacturing,Pelletizing plant,Iron ore,Iron ore,Iron ore,,nrcan_manufacturing_df,POINT (-66.797531 50.03213)
ON-MAIN-4c35e094,ArcelorMittal Dofasco,ArcelorMittal S.A.,-79.805204,43.269132,,Ontario,active_facility,,,manufacturing,"Basic oxygen furnace, electric arc furnace",Iron ore,Steel,Steel,,nrcan_manufacturing_df,POINT (-79.805204 43.269132)
ON-MAIN-8825d90d,Magino,Argonaut Gold Inc.,-84.45744,48.28869,Timmins,Ontario,active_facility,,,mining,"Open-pit, concentrator",Precious metals,Gold,"Gold, silver",,nrcan_mining_df,POINT (-84.45744 48.28869)
SK-MAIN-de2e2f8e,Prairie Lithium,Arizona Lithium Ltd,-103.63518,49.21363,,Saskatchewan,project_facility,Active,Advanced unconventional project,project,,,Lithium (brine),Lithium (brine),,nrcan_critical_df,POINT (-103.63518 49.21363)
ON-MAIN-e928d96a,Brampton,Asahi Refining Canada Ltd.,-79.722125,43.691066,,Ontario,active_facility,,,manufacturing,Refinery,Precious metals,Gold,"Gold, silver",,nrcan_manufacturing_df,POINT (-79.722125 43.691066)
NB-MAIN-e55cb3d1,Millstream,Atlantic Potash Corporation,-65.63,45.705,,New Brunswick,project_facility,Active,Advanced project,project,,,Potash,Potash,,nrcan_critical_df,POINT (-65.63 45.705)
NT-MAIN-4f11f183,Nechalacho - Basal Zone,Avalon Advanced Materials Inc.,-112.59972,62.11806,,Northwest Territories,project_facility,Active,Advanced project,project,,,Rare earth elements,"Rare earth elements, niobium, tantalum, zirconium",,nrcan_critical_df,POINT (-112.59972 62.11806)
ON-MAIN-46f71d5b,Separation Rapids,Avalon Advanced Materials Inc.,-94.58258,50.266,,Ontario,project_facility,Active,Advanced project,project,,,Lithium (spodumene),Lithium (spodumene),,nrcan_critical_df,POINT (-94.58258 50.266)
SK-MAIN-f79436ec,Jansen,BHP Group,-104.71415,51.8991,,Saskatchewan,project_facility,Active,Advanced project,project,,,Potash,Potash,,nrcan_critical_df,POINT (-104.71415 51.8991)
YT-MAIN-2cc9bb06,Kudz Ze Kayah,BMC (UK) Limited,-130.59894,61.47108,,Yukon,project_facility,Active,Advanced project,project,,,Zinc,"Zinc, lead, copper, silver, gold",,nrcan_critical_df,POINT (-130.59894 61.47108)
NU-MAIN-5154702a,Mary River,Baffinland Iron Mines Corporation,-78.556869,71.340446,Pond Inlet,Nunavut,active_facility,,,mining,Open-pit,Iron ore,Iron,Iron,,nrcan_mining_df,POINT (-78.556869 71.340446)
ON-MAIN-6e9be24e,Hemlo (Williams),Barrick Gold Corporation,-85.91598,48.695726,Marathon,Ontario,active_facility,,,mining,"Open-pit, underground, concentrator",Precious metals,Gold,Gold,,nrcan_mining_df,POINT (-85.91598 48.695726)
AB-MAIN-8434dce0,Baymag,Baymag Inc.,-115.210061,51.060022,,Alberta,active_facility,,,manufacturing,Plant,Base metals,Magnesium oxide,Magnesium oxide,,nrcan_manufacturing_df,POINT (-115.210061 51.060022)
NL-MAIN-895cb178,Buchans River,Buchans Resources Limited,-56.855965,48.829018,,Newfoundland and Labrador,project_facility,Active,Advanced project,project,,,Zinc,"Zinc, lead, copper, silver, gold",,nrcan_critical_df,POINT (-56.855965 48.829018)
NT-MAIN-6c1d6ee6,Ekati,Burgundy Diamond Mines,-110.618,64.715,Lac de Gras,Northwest Territories,active_facility,,,mining,"Underground, plant",Diamonds,Diamonds,Diamonds,,nrcan_mining_df,POINT (-110.618 64.715)
QC-MAIN-715d4318,Horizon,CVW CleanTech Inc.,-73.450825,45.57462,,Alberta,project_facility,Active,Advanced unconventional project,project,,,Zircon,"Zircon, titanium, rare earth elements",,nrcan_critical_df,POINT (-73.450825 45.57462)
AB-MAIN-2951d12e,Calgary Facility,Calgary Metal Recycling Inc.,-114.031993,51.02419,,Alberta,active_facility,,,manufacturing,,,,,,nrcan_manufacturing_df,POINT (-114.031993 51.02419)
NB-MAIN-0c5b40d8,Nash Creek,Callinex Mines Inc.,-66.09771,47.88939,,New Brunswick,project_facility,Active,Advanced project,project,,,Zinc,"Zinc, lead, silver",,nrcan_critical_df,POINT (-66.09771 47.88939)
ON-MAIN-484e4fa3,Blind River,Cameco Corporation,-83.017246,46.180896,,Ontario,active_facility,,,manufacturing,Refinery,Uranium,Uranium (trioxide),Uranium (trioxide),,nrcan_manufacturing_df,POINT (-83.017246 46.180896)
SK-MAIN-91cf5448,Cigar Lake,Cameco Corporation,-104.54123,58.06819,Waterbury Lake,Saskatchewan,active_facility,,,mining,Underground,Uranium,Uranium,Uranium,,nrcan_mining_df,POINT (-104.54123 58.06819)
SK-MAIN-bb89158f,Key Lake,Cameco Corporation,-105.647,57.207,north of Highrock Lake,Saskatchewan,active_facility,,,mining,Concentrator,Uranium,Uranium,Uranium,,nrcan_mining_df,POINT (-105.647 57.207)
SK-MAIN-d3c471e8,McArthur River,Cameco Corporation,-105.053,57.7637,north of Key Lake,Saskatchewan,active_facility,,,mining,Underground,Uranium,Uranium,Uranium,,nrcan_mining_df,POINT (-105.053 57.7637)
ON-MAIN-237587f6,Port Hope,Cameco Corporation,-78.2943,43.9429,,Ontario,active_facility,,,manufacturing,Conversion facility,Uranium,Uranium (hexafluoride,"Uranium (hexafluoride, dioxide, metals, alloys)",,nrcan_manufacturing_df,POINT (-78.2943 43.9429)
ON-MAIN-4c5c1179,Crawford,Canada Nickel Company Inc.,-81.37309,48.83972,,Ontario,project_facility,Active,Advanced project,project,,,Nickel,"Nickel, iron ore, cobalt, palladium, platinum, chromite",,nrcan_critical_df,POINT (-81.37309 48.83972)
NB-MAIN-8e04eb21,Murray Brook,Canadian Copper,-66.43167,47.52528,,New Brunswick,project_facility,Active,Advanced project,project,,,Zinc,"Zinc, lead, silver, copper, gold",,nrcan_critical_df,POINT (-66.43167 47.52528)
ON-MAIN-37e9571e,Thierry,Canadian Critical Minerals Inc,-90.34694,51.49667,,Ontario,project_facility,Active,Advanced project,project,,,Copper,"Copper, nickel, silver, gold, platinum, palladium",,nrcan_critical_df,POINT (-90.34694 51.49667)
NB-MAIN-3e7d42ac,Woodstock,Canadian Manganese Company Inc.,-67.64,46.18,,New Brunswick,project_facility,Active,Advanced project,project,,,Manganese,"Manganese, iron ore",,nrcan_critical_df,POINT (-67.64 46.18)
NU-MAIN-eae1621e,Ferguson Lake,Canadian North Resources Inc.,-96.83306,62.87306,,Nunavut,project_facility,Active,Advanced project,project,,,Nickel,"Nickel, copper, palladium, platinum, cobalt",,nrcan_critical_df,POINT (-96.83306 62.87306)
QC-MAIN-5ce331b8,Nunavik Nickel,Canadian Royalties Inc.,-74.1375,61.420856,Kangiqsujuaq,Quebec,active_facility,,,mining,"Open-pit, underground, concentrator",Base metals,Nickel,"Nickel, copper, platinum group metals, cobalt",,nrcan_mining_df,POINT (-74.1375 61.420856)
BC-MAIN-eba3e309,Golden Crown,Canxgold Mining Corp.,-118.59,49.09,,British Columbia,project_facility,Active,Advanced project,project,,,Gold,"Gold, copper",,nrcan_critical_df,POINT (-118.59 49.09)
BC-MAIN-e34feb4d,Kemess,Centerra Gold Inc.,-126.77117,57.05037,,British Columbia,project_facility,Active,Advanced project,project,,,Copper,"Copper, gold, silver",,nrcan_critical_df,POINT (-126.77117 57.05037)
BC-MAIN-ed23117f,Mount Milligan,Centerra Gold Inc.,-124.031,55.118,Fort St. James,British Columbia,active_facility,,,mining,"Open-pit, concentrator",Base metals and precious metals,Copper,"Copper, gold, silver",,nrcan_mining_df,POINT (-124.031 55.118)
QC-MAIN-089f3c60,Bloom Lake,Champion Iron Ltd.,-67.28,52.84,Fermont,Quebec,active_facility,,,mining,Open-pit,Iron ore,Iron,Iron,,nrcan_mining_df,POINT (-67.28 52.84)
NL-MAIN-251d6364,Beaver Brook,China Minmetals Rare Earth Group Co. Ltd.,-55.196,48.715909,Glenwood,Newfoundland and Labrador,active_facility,,,mining,"Underground, concentrator",Other metals,Antimony,Antimony,,nrcan_mining_df,POINT (-55.196 48.715909)
ON-MAIN-be399420,Thunder Bay North,Clean Air Metals Inc.,-88.931,48.79,,Ontario,project_facility,Active,Advanced project,project,,,Platinum,"Platinum, palladium, gold, nickel, copper, silver, rhodium, cobalt",,nrcan_critical_df,POINT (-88.931 48.79)
QC-MAIN-3330383b,Eldor (Ashram),Commerce Resources Corp.,-68.40417,56.94583,,Quebec,project_facility,Active,Advanced project,project,,,Rare earth elements,Rare earth elements,,nrcan_critical_df,POINT (-68.40417 56.94583)
MB-MAIN-6fca9d6d,Lynn Lake,Corazon Mining Limited,-101.03486,56.85217,,Manitoba,project_facility,Active,Advanced project,project,,,Nickel,"Nickel, copper, cobalt",,nrcan_critical_df,POINT (-101.03486 56.85217)
QC-MAIN-d4e2812a,Rose,Critical Elements Lithium Corporation,-76.172,52.022485,,Quebec,project_facility,Active,Advanced project,project,,,Lithium (spodumene),"Lithium (spodumene), tantalum",,nrcan_critical_df,POINT (-76.172 52.022485)
AB-MAIN-9a0307f6,SBH Black Shale,Critical Minerals Americas Inc,-111.90375,57.68711,,Alberta,project_facility,Active,Advanced unconventional project,project,,,Vanadium,"Vanadium, zinc, nickel, uranium, copper, cobalt, rare earth elements, scandium, lithium, molybdenum",,nrcan_critical_df,POINT (-111.90375 57.68711)
NT-MAIN-94e652a5,Gahcho Kué,De Beers Canada Inc.,-109.21194,63.44528,Lac de Gras,Northwest Territories,active_facility,,,mining,"Open-pit, plant",Diamonds,Diamonds,Diamonds,,nrcan_mining_df,POINT (-109.21194 63.44528)
BC-MAIN-382acb18,Wicheeda,Defense Metals Corp.,-122.09912,54.53141,,British Columbia,project_facility,Active,Advanced project,project,,,Rare earth elements,Rare earth elements,,nrcan_critical_df,POINT (-122.09912 54.53141)
SK-MAIN-4aef3cb2,Waterbury,Denison Mines Corp.,-104.03032,58.3478,,Saskatchewan,project_facility,Active,Advanced project,project,,,Uranium,Uranium,,nrcan_critical_df,POINT (-104.03032 58.3478)
SK-MAIN-95ec2625,Wheeler River,Denison Mines Corp.,-105.38137,57.50888,,Saskatchewan,project_facility,Active,Advanced project,project,,,Uranium,Uranium,,nrcan_critical_df,POINT (-105.38137 57.50888)
BC-MAIN-51068f3b,Kitsault Valley,Dolly Varden Silver Corporation,-129.57778,55.75361,,British Columbia,project_facility,Active,Advanced project,project,,,Gold,"Gold, silver, copper, lead",,nrcan_critical_df,POINT (-129.57778 55.75361)
AB-MAIN-7d4a0421,Bashaw District,E3 Lithium Ltd,-113.93655,51.77696,,Alberta,project_facility,Active,Advanced unconventional project,project,,,Lithium (brine),Lithium (brine),,nrcan_critical_df,POINT (-113.93655 51.77696)
SK-MAIN-26b9aaf3,EVRAZ Regina,EVRAZ North America Inc.,-104.623843,50.515263,,Saskatchewan,active_facility,,,manufacturing,Electric arc furnace,Iron ore,Steel,Steel,,nrcan_manufacturing_df,POINT (-104.623843 50.515263)
AB-MAIN-575ff9de,GenAlta Recycling Inc.,EVRAZ North America Inc.,-113.274102,53.588119,,Alberta,active_facility,,,manufacturing,,,,,,nrcan_manufacturing_df,POINT (-113.274102 53.588119)
MB-MAIN-c3d6d0d2,General Scrap,EVRAZ North America Inc.,-97.019187,49.928603,,Manitoba,active_facility,,,manufacturing,,,,,,nrcan_manufacturing_df,POINT (-97.019187 49.928603)
AB-MAIN-2a44a3b1,Navajo Metals Inc.,EVRAZ North America Inc.,-114.032869,51.001803,,Alberta,active_facility,,,manufacturing,,,,,,nrcan_manufacturing_df,POINT (-114.032869 51.001803)
SK-MAIN-5faf4b42,Wheat City Metals Inc.,EVRAZ North America Inc.,-104.639712,50.525046,,Saskatchewan,active_facility,,,manufacturing,,,,,,nrcan_manufacturing_df,POINT (-104.639712 50.525046)
QC-MAIN-f9e41c2a,Lamaque,Eldorado Gold,-77.739624,48.079221,Val-d’Or,Quebec,active_facility,,,mining,"Underground, concentrator",Precious metals,Gold,Gold,,nrcan_mining_df,POINT (-77.739624 48.079221)
ON-MAIN-6664e89b,Battery Materials Park,Electra Battery Materials Corporation,-79.62229,47.40635,,Ontario,project_facility,Active,Advanced processing project,project,,,Cobalt,"Cobalt, nickel, lithium",,nrcan_critical_df,POINT (-79.62229 47.40635)
QC-MAIN-5398dfac,Elkem Chicoutimi,Elkem Metal Canada Inc.,-71.131239,48.412769,,Quebec,active_facility,,,manufacturing,,Ferroalloys,Ferrosilicon,Ferrosilicon,,nrcan_manufacturing_df,POINT (-71.131239 48.412769)
SK-MAIN-8daee686,Muskowekwan,Encanto Potash Corporation,-104.01827,51.33382,,Saskatchewan,project_facility,Active,Advanced project,project,,,Potash,Potash,,nrcan_critical_df,POINT (-104.01827 51.33382)
QC-MAIN-2cf66e65,Becancour Plant,Euro Manganese Inc,-72.433334,46.333332,,Quebec,project_facility,Active,Advanced processing project,project,,,Manganese sulphate,Manganese sulphate,,nrcan_critical_df,POINT (-72.433334 46.333332)
ON-MAIN-7f050560,Red Lake,Evolution Mining Ltd.,-93.732922,51.050557,Balmertown,Ontario,active_facility,,,mining,"Underground, concentrator",Precious metals,Gold,"Gold, silver",,nrcan_mining_df,POINT (-93.732922 51.050557)
BC-MAIN-e1641dfb,Decar,FPX Nickel Corp.,-125.359691,54.894513,,British Columbia,project_facility,Active,Advanced project,project,,,Nickel,"Nickel, cobalt",,nrcan_critical_df,POINT (-125.359691 54.894513)
QC-MAIN-c1cc9f7c,Becancour Silicon,Ferroglobe PLC,-72.39,46.37,,Quebec,active_facility,,,manufacturing,,Ferroalloys,Silicon metal,"Silicon metal, ferrosilicon",,nrcan_manufacturing_df,POINT (-72.39 46.37)
NL-MAIN-c139de6d,Ming,FireFly Metals Ltd.,-56.087,49.915,Baie Verte,Newfoundland and Labrador,active_facility,,,mining,Underground,Base metals,Copper,"Copper, gold, silver",,nrcan_mining_df,POINT (-56.087 49.915)
NL-MAIN-842ba1b4,Nugget Pond,FireFly Metals Ltd.,-55.7753,49.845,Snook’s Arm,Newfoundland and Labrador,active_facility,,,mining,Concentrator,Base metals,Copper,Copper,,nrcan_mining_df,POINT (-55.7753 49.845)
YT-MAIN-ca488f19,Macmillan Pass,Fireweed Metals Corp.,-130.15143,63.16057,,Yukon,project_facility,Active,Advanced project,project,,,Zinc,"Zinc, lead, silver",,nrcan_critical_df,POINT (-130.15143 63.16057)
YT-MAIN-70d629b4,Mactung,Fireweed Metals Corp.,-130.1525,63.2822222222,,Yukon,project_facility,Active,Advanced project,project,,,Tungsten,Tungsten,,nrcan_critical_df,POINT (-130.1525 63.2822222222)
AB-MAIN-4eee18d1,Worsley,First Helium Inc.,-119.1341,56.507923,,Alberta,project_facility,Active,Advanced project,project,,,Helium,Helium,,nrcan_critical_df,POINT (-119.1341 56.507923)
BC-MAIN-efff21d3,Deer Horn,First Tellurium Corp.,-127.30826,53.3607,,British Columbia,project_facility,Active,Advanced project,project,,,Gold,"Gold, silver, tellurium, copper, zinc, lead",,nrcan_critical_df,POINT (-127.30826 53.3607)
SK-MAIN-0684a5d8,Patterson Lake South,Fission Uranium Corp.,-109.364,57.639,,Saskatchewan,project_facility,Active,Advanced project,project,,,Uranium,Uranium,,nrcan_critical_df,POINT (-109.364 57.639)
MB-MAIN-f7fde5b4,Minago,Flying Nickel Mining Corp.,-99.21912,54.1092,,Manitoba,project_facility,Active,Advanced project,project,,,Nickel,Nickel,,nrcan_critical_df,POINT (-99.21912 54.1092)
QC-MAIN-ae473a4e,Lac Knife,Focus Graphite Inc.,-67.18179,52.54974,,Quebec,project_facility,Active,Advanced project,project,,,Graphite,Graphite,,nrcan_critical_df,POINT (-67.18179 52.54974)
SK-MAIN-7a11ae49,McIlvenna Bay,Foran Mining Corporation,-102.89498,54.65977,,Saskatchewan,project_facility,Active,Advanced project,project,,,Copper,"Copper, zinc, gold, silver, lead",,nrcan_critical_df,POINT (-102.89498 54.65977)
AB-MAIN-ca9625ce,Fortune Minerals Refinery,Fortune Minerals Limited,-112.513502,53.797615,,Alberta,project_facility,Active,Advanced processing project,project,,,Cobalt,"Cobalt, gold, bismuth, copper",,nrcan_critical_df,POINT (-112.513502 53.797615)
NT-MAIN-b7cdf82c,NICO,Fortune Minerals Limited,-116.74583,63.55,,Northwest Territories,project_facility,Active,Advanced project,project,,,Cobalt,"Cobalt, gold, bismuth, copper",,nrcan_critical_df,POINT (-116.74583 63.55)
ON-MAIN-d47616e5,Martison,Fox River Resources Corp.,-83.414444,50.314444,,Ontario,project_facility,Active,Advanced project,project,,,Phosphate,"Phosphate, niobium",,nrcan_critical_df,POINT (-83.414444 50.314444)
ON-MAIN-c06904f0,Pakeagama,Frontier Lithium Inc.,-93.37727,52.60026,,Ontario,project_facility,Active,Advanced project,project,,,Lithium (spodumene),"Lithium (spodumene), tantalum, tin, niobium, rubidium, cesium",,nrcan_critical_df,POINT (-93.37727 52.60026)
ON-MAIN-64bbe7e6,Marathon,Generation Mining Limited,-86.3263,48.78758,,Ontario,project_facility,Active,Advanced project,project,,,Palladium,"Palladium, platinum, gold, copper, silver",,nrcan_critical_df,POINT (-86.3263 48.78758)
SK-MAIN-f2a5edd8,Vanguard,Gensource Potash Corp.,-106.21347,50.84335,,Saskatchewan,project_facility,Active,Advanced project,project,,,Potash,Potash,,nrcan_critical_df,POINT (-106.21347 50.84335)
QC-MAIN-22426144,REE Recycling Facility (Saint-Bruno),Geomega Resources Inc.,-73.340812,45.525976,,Quebec,project_facility,Active,Advanced unconventional project,project,,,Rare earth elements,Rare earth elements,,nrcan_critical_df,POINT (-73.340812 45.525976)
MB-MAIN-0d5c2cae,Selkirk Division,Gerdau Corporation,-96.911166,50.133771,,Manitoba,active_facility,,,manufacturing,,,,,,nrcan_manufacturing_df,POINT (-96.911166 50.133771)
ON-MAIN-92cdea80,Whitby Division,Gerdau Corporation,-78.910676,43.851906,,Ontario,active_facility,,,manufacturing,,,,,,nrcan_manufacturing_df,POINT (-78.910676 43.851906)
ON-MAIN-bddeaef0,Cambridge Mill,Gerdau S.A.,-80.28,43.37,,Ontario,active_facility,,,manufacturing,Electric arc furnace,Iron ore,Steel,Steel,,nrcan_manufacturing_df,POINT (-80.28 43.37)
MB-MAIN-b4ca1426,Manitoba Mill,Gerdau S.A.,-96.893633,50.130273,,Manitoba,active_facility,,,manufacturing,Electric arc furnace,Iron ore,Steel,Steel,,nrcan_manufacturing_df,POINT (-96.893633 50.130273)
ON-MAIN-21b6ab35,Whitby Mill,Gerdau S.A.,-78.91,43.86,,Ontario,active_facility,,,manufacturing,Electric arc furnace,Iron ore,Steel,Steel,,nrcan_manufacturing_df,POINT (-78.91 43.86)
QC-MAIN-529c96b4,CCR,Glencore Canada Corporation,-73.511778,45.627518,,Quebec,active_facility,,,manufacturing,Refinery,Base metals,Copper (cathodes),"Copper (cathodes), gold, silver, tellurium, selenium, nickel sulfate, copper sulfate, platinum group metals",,nrcan_manufacturing_df,POINT (-73.511778 45.627518)
QC-MAIN-de3d8b7b,Canadian Electrolytic Zinc Limited (CEZinc),Glencore Canada Corporation,-74.097205,45.228312,,Quebec,active_facility,,,manufacturing,Refinery,Base metals,Zinc,"Zinc, cadmium, liquid sulfur dioxide, sulfuric acid",,nrcan_manufacturing_df,POINT (-74.097205 45.228312)
ON-MAIN-206041d1,Fraser,Glencore Canada Corporation,-81.3404,46.6633,Sudbury,Ontario,active_facility,,,mining,Underground,Base metals,Nickel,"Nickel, copper, platinum group metals, gold, cobalt, silver",,nrcan_mining_df,POINT (-81.3404 46.6633)
QC-MAIN-abb3e1c7,General Smelting Company of Canada,Glencore Canada Corporation,-73.676345,45.448518,,Quebec,active_facility,,,manufacturing,Secondary smelter,Base metals,Recycled lead,Recycled lead,,nrcan_manufacturing_df,POINT (-73.676345 45.448518)
QC-MAIN-30c1828c,Horne,Glencore Canada Corporation,-79.0151,48.2534,,Quebec,active_facility,,,manufacturing,Smelter,Base metals,Copper anodes,"Copper anodes, precious metals, sulfuric acid",,nrcan_manufacturing_df,POINT (-79.0151 48.2534)
ON-MAIN-f8313ebd,Kidd Creek,Glencore Canada Corporation,-81.37,48.6894,Timmins,Ontario,active_facility,,,mining,"Underground, concentrator",Base metals,Copper,"Copper, zinc, silver, selenium, indium",,nrcan_mining_df,POINT (-81.37 48.6894)
ON-MAIN-fcb287a4,Nickel Rim South,Glencore Canada Corporation,-80.796793,46.657982,Sudbury,Ontario,active_facility,,,mining,Underground,Base metals,Nickel,"Nickel, copper, cobalt, platinum group metals, gold",,nrcan_mining_df,POINT (-80.796793 46.657982)
ON-MAIN-319e04a8,Onaping Depth,Glencore Canada Corporation,-81.383878,46.632019,,Ontario,project_facility,Active,Advanced project,project,,,Nickel,"Nickel, copper, cobalt, platinum, palladium, rhodium, gold, silver",,nrcan_critical_df,POINT (-81.383878 46.632019)
QC-MAIN-a97821c0,Raglan,Glencore Canada Corporation,-73.674669,61.687171,Katinniq,Quebec,active_facility,,,mining,"Underground, concentrator",Base metals,Nickel,"Nickel, platinum group metals, copper, cobalt, gold, silver",,nrcan_mining_df,POINT (-73.674669 61.687171)
ON-MAIN-ed85ac94,Strathcona,Glencore Canada Corporation,-81.3427,46.6734,Sudbury,Ontario,active_facility,,,mining,Concentrator,Base metals,Nickel,"Nickel, copper, platinum group metals, gold, silver, cobalt, selenium, tellurium",,nrcan_mining_df,POINT (-81.3427 46.6734)
ON-MAIN-40ce0593,Sudbury,Glencore Canada Corporation,-80.7993,46.5763,,Ontario,active_facility,,,manufacturing,"Smelter, plant",Base metals,Nickel-copper matte containing cobalt,"Nickel-copper matte containing cobalt, gold, silver, platinum group metals",,nrcan_manufacturing_df,POINT (-80.7993 46.5763)
ON-MAIN-4440c34c,Smiths Falls Operation,Glenview Iron & Metal Ltd.,-76.063979,44.912968,,Ontario,active_facility,,,manufacturing,,,,,,nrcan_manufacturing_df,POINT (-76.063979 44.912968)
BC-MAIN-4724f4ba,Elk,Gold Mountain Mining Corp.,-120.31487,49.8538,Peachland,British Columbia,active_facility,,,mining,Open-pit,Precious metals,Gold,Gold,,nrcan_mining_df,POINT (-120.31487 49.8538)
YT-MAIN-956d050a,Carmacks,Granite Creek Copper,-136.7,62.33,,Yukon,project_facility,Active,Advanced project,project,,,Copper,"Copper, gold, silver, molybdenum",,nrcan_critical_df,POINT (-136.7 62.33)
ON-MAIN-97ee890f,Seymour Lake,Green Technology Metals Limited,-88.4491,50.40987,,Ontario,project_facility,Active,Advanced Project,project,,,Lithium (spodumene),Lithium (spodumene),,nrcan_critical_df,POINT (-88.4491 50.40987)
MB-MAIN-27a90834,Makwa Mayville,Grid Metals Corp.,-95.60953,50.6298,,Manitoba,project_facility,Active,Advanced project,project,,,Nickel,"Nickel, copper, gold, platinum, palladium, cobalt",,nrcan_critical_df,POINT (-95.60953 50.6298)
SK-MAIN-fbe28fef,Kindersley Lithium,Grounded Lithium Corp.,-109.19120556,51.73894139,,Saskatchewan,project_facility,Active,Advanced unconventional project,project,,,Lithium (brine),Lithium (brine),,nrcan_critical_df,POINT (-109.19120556 51.73894139)
BC-MAIN-b031959a,Turnagain,Hard Creek Nickel Corp. (Giga Metals Corporation),-128.86282,58.47856,,British Columbia,project_facility,Active,Advanced project,project,,,Nickel,"Nickel, cobalt, platinum, palladium",,nrcan_critical_df,POINT (-128.86282 58.47856)
QC-MAIN-b86f7d07,Casa Berardi,Hecla Mining Company,-79.231307,49.5719,"north of La Sarre, Casa Berardi Twp.",Quebec,active_facility,,,mining,"Open-pit, underground, concentrator",Precious metals,Gold,"Gold, silver",,nrcan_mining_df,POINT (-79.231307 49.5719)
YT-MAIN-44857446,Keno Hill Silver District,Hecla Mining Company,-135.4833,63.9167,Mayo,Yukon,active_facility,,,mining,"Underground, concentrator",Precious metals and Base metals,Silver,"Silver, zinc, lead",,nrcan_mining_df,POINT (-135.4833 63.9167)
YT-MAIN-c3105f43,Rackla Gold,Hecla Mining Company,-134.41278,64.19667,,Yukon,project_facility,Active,Advanced project,project,,,Gold,"Gold, tungsten",,nrcan_critical_df,POINT (-134.41278 64.19667)
ON-MAIN-fc6f1a44,Ivaco Rolling Mills,"Heico Companies, LLC",-74.704435,45.6119,,Ontario,active_facility,,,manufacturing,Electric arc furnace,Iron ore,Steel,Steel,,nrcan_manufacturing_df,POINT (-74.704435 45.6119)
MB-MAIN-e2e67f8f,1901,Hudbay Minerals Inc.,-100.134,54.8557,,Manitoba,project_facility,Active,Advanced project,project,,,Gold,"Gold, zinc, copper, silver",,nrcan_critical_df,POINT (-100.134 54.8557)
BC-MAIN-599152a0,Copper Mountain,Hudbay Minerals Inc.,-120.533,49.331,Princeton,British Columbia,active_facility,,,mining,"Open-pit, concentrator",Base metals,Copper,"Copper, gold, silver",,nrcan_mining_df,POINT (-120.533 49.331)
MB-MAIN-be5b3dc8,Lalor Lake,Hudbay Minerals Inc.,-100.13333,54.86667,Snow Lake,Manitoba,active_facility,,,mining,Underground,Base metals and precious metals,Gold,"Gold, zinc, copper, silver",,nrcan_mining_df,POINT (-100.13333 54.86667)
MB-MAIN-da0b5c3d,New Britannia,Hudbay Minerals Inc.,-100.024002,54.886349,Snow Lake,Manitoba,active_facility,,,mining,Concentrator,Base metals and precious metals,Gold,"Gold, copper",,nrcan_mining_df,POINT (-100.024002 54.886349)
MB-MAIN-c0684566,Rail,Hudbay Minerals Inc.,-100.5916,54.7463,,Manitoba,project_facility,Active,Advanced project,project,,,Copper,"Copper, gold, zinc, silver",,nrcan_critical_df,POINT (-100.5916 54.7463)
MB-MAIN-0898e255,Stall Lake,Hudbay Minerals Inc.,-99.9451,54.85692,Snow Lake,Manitoba,active_facility,,,mining,Concentrator,Base metals and precious metals,Gold,"Gold, zinc",,nrcan_mining_df,POINT (-99.9451 54.85692)
MB-MAIN-854abe09,Talbot,Hudbay Minerals Inc.,-99.6343,54.1133,,Manitoba,project_facility,Active,Advanced project,project,,,Gold,"Gold, zinc, copper, silver",,nrcan_critical_df,POINT (-99.6343 54.1133)
MB-MAIN-1a82a1b7,Tower,Hudbay Minerals Inc.,-99.2284,53.9623,,Manitoba,project_facility,Active,Advanced project,project,,,Gold,"Gold, zinc, copper, silver",,nrcan_critical_df,POINT (-99.2284 53.9623)
MB-MAIN-b5b81ee3,Wim,Hudbay Minerals Inc.,-100.05248,55.02136,,Manitoba,project_facility,Active,Advanced project,project,,,Gold,"Gold, zinc, copper, silver",,nrcan_critical_df,POINT (-100.05248 55.02136)
QC-MAIN-02884fb5,Westwood-Doyon,IAMGOLD Corporation,-78.502,48.256,Cadillac,Quebec,active_facility,,,mining,"Underground, concentrator",Precious metals,Gold,"Gold, silver",,nrcan_mining_df,POINT (-78.502 48.256)
ON-MAIN-a3c56a83,Lac des Iles,Impala Canada Ltd.,-89.6105,49.1691,Thunder Bay,Ontario,active_facility,,,mining,"Open-pit, underground, concentrator",Precious metals,Platinum group metals,"Platinum group metals, gold, nickel, copper, cobalt",,nrcan_mining_df,POINT (-89.6105 49.1691)
BC-MAIN-3f490561,Mount Polley,Imperial Metals Corporation,-121.633931,52.544959,northeast of Williams Lake,British Columbia,active_facility,,,mining,"Open-pit, concentrator",Base metals,Gold,"Gold, copper, silver",,nrcan_mining_df,POINT (-121.633931 52.544959)
QC-MAIN-586679b9,Crater Lake,Imperial Mining Group,-63.8991,55.35025,,Quebec,project_facility,Active,Advanced project,project,,,Scandium,"Scandium, rare earth elements",,nrcan_critical_df,POINT (-63.8991 55.35025)
MB-MAIN-d7217475,Industrial Metals,Industrial Metals,-97.098232,49.88847,,Manitoba,active_facility,,,manufacturing,,,,,,nrcan_manufacturing_df,POINT (-97.098232 49.88847)
NL-MAIN-dd723db4,Carol Lake,Iron Ore Company of Canada Inc.,-66.936774,53.039755,Labrador City,Newfoundland and Labrador,active_facility,,,mining,"Open-pit, concentrator",Iron ore,Iron,Iron,,nrcan_mining_df,POINT (-66.936774 53.039755)
ON-MAIN-7001a391,McCreedy West,KGHM Polska Miedź S.A.,-81.39894,46.638059,Sudbury,Ontario,active_facility,,,mining,Underground,Base metals and precious metals,Copper,"Copper, nickel, platinum group metals, gold, silver, cobalt",,nrcan_mining_df,POINT (-81.39894 46.638059)
ON-MAIN-9a34108c,Victoria,KGHM Polska Miedź S.A.,-81.38333,46.41667,,Ontario,project_facility,Active,Advanced project,project,,,Nickel,"Nickel, copper, gold, cobalt, platinum, palladium",,nrcan_critical_df,POINT (-81.38333 46.41667)
ON-MAIN-6bd6cc80,Kingston Operation,KIMCO Steel Sales Ltd.,-76.5121,44.2615,,Ontario,active_facility,,,manufacturing,,,,,,nrcan_manufacturing_df,POINT (-76.5121 44.2615)
SK-MAIN-017a6137,Wynyard,Karnalyte Resources Inc.,-103.931327,51.69246,,Saskatchewan,project_facility,Active,Advanced project,project,,,Potash,"Potash, magnesium",,nrcan_critical_df,POINT (-103.931327 51.69246)
MB-MAIN-a832fb0a,East Wekusko - Snow Lake,Kinross Gold Corporation,-99.77143,54.78534,,Manitoba,project_facility,Active,Advanced project,project,,,Gold,"Gold, silver, copper, zinc",,nrcan_critical_df,POINT (-99.77143 54.78534)
BC-MAIN-12730593,Kutcho,Kutcho Copper Corp.,-128.38736,58.20996,,British Columbia,project_facility,Active,Advanced project,project,,,Copper,"Copper, zinc, silver, gold, lead",,nrcan_critical_df,POINT (-128.38736 58.20996)
ON-MAIN-575c5e66,Ontario Spoke,Li-Cycle Corp,-76.5,44.233334,,Ontario,project_facility,Active,Battery recycling facility,project,,,Battery materials (black mass),Battery materials (black mass),,nrcan_critical_df,POINT (-76.5 44.233334)
ON-MAIN-6b998583,Markham lithium reprocessing facility,Li-Metal Corp.,-79.3415,43.8331,,Ontario,project_facility,Active,Advanced processing project,project,,,Lithium metal,Lithium metal,,nrcan_critical_df,POINT (-79.3415 43.8331)
QC-MAIN-0414a373,Lithion St-Bruno,Lithion,-73.349998,45.533333,,Quebec,project_facility,Active,Advanced processing project,project,,,Battery materials (black mass),Battery materials (black mass),,nrcan_critical_df,POINT (-73.349998 45.533333)
AB-MAIN-35d0dc71,Boardwalk,Lithium Bank,-117.163427,54.946792,,Alberta,project_facility,Active,Advanced unconventional project,project,,,Lithium (brine),Lithium (brine),,nrcan_critical_df,POINT (-117.163427 54.946792)
QC-MAIN-a2c6775d,La Loutre,Lomiko Metals Inc.,-74.99714,46.03656,,Quebec,project_facility,Active,Advanced project,project,,,Graphite,Graphite,,nrcan_critical_df,POINT (-74.99714 46.03656)
BC-MAIN-c7247100,Driftwood Creek,MGX Minerals Inc.,-116.575,50.904,,British Columbia,project_facility,Active,Advanced project,project,,,Magnesium,Magnesium,,nrcan_critical_df,POINT (-116.575 50.904)
NU-MAIN-8e62bfbc,High Lake,MMG Limited,-110.8436,67.37556,,Nunavut,project_facility,Active,Advanced project,project,,,Copper,"Copper, zinc, gold, silver, lead",,nrcan_critical_df,POINT (-110.8436 67.37556)
NU-MAIN-1ef8af2c,Izok Lake,MMG Limited,-112.79889,65.63056,,Nunavut,project_facility,Active,Advanced project,project,,,Zinc,"Zinc, copper, silver, lead, gold",,nrcan_critical_df,POINT (-112.79889 65.63056)
ON-MAIN-b1d981ca,Crean Hill,Magna Mining Inc.,-81.36167,46.42472,,Ontario,project_facility,Active,Advanced project,project,,,Nickel,"Nickel, copper, cobalt, platinum, palladium, gold",,nrcan_critical_df,POINT (-81.36167 46.42472)
ON-MAIN-54b7e152,Shakespeare,Magna Mining Inc.,-81.85944,46.33417,,Ontario,project_facility,Active,Advanced project,project,,,Nickel,"Nickel, copper, palladium, platinum, gold, cobalt",,nrcan_critical_df,POINT (-81.85944 46.33417)
QC-MAIN-aa793d35,Dumont Nickel,Magneto Investments Limited Partnership,-78.4425,48.64667,,Quebec,project_facility,Active,Advanced project,project,,,Nickel,"Nickel, cobalt, platinum, palladium, iron ore",,nrcan_critical_df,POINT (-78.4425 48.64667)
QC-MAIN-649d2873,Niobec Converter,Magris Performance Materials,-71.158168,48.531738,,Quebec,active_facility,,,manufacturing,,Ferroalloys,Ferroniobium,Ferroniobium,,nrcan_manufacturing_df,POINT (-71.158168 48.531738)
QC-MAIN-a555d9b9,Niobec,Magris Performance Materials Inc.,-71.156929,48.532148,Saint-Honoré-de-Chicoutimi,Quebec,active_facility,,,mining,"Underground, concentrator",Other metals,Niobium,Niobium,,nrcan_mining_df,POINT (-71.156929 48.532148)
NB-MAIN-c1e4dee0,Battery Hill,Manganese X Energy Corp.,-67.62547,46.22531,,New Brunswick,project_facility,Active,Advanced project,project,,,Manganese,"Manganese, iron ore",,nrcan_critical_df,POINT (-67.62547 46.22531)
NL-MAIN-f021107e,Point Rousse,Maritime Resources Corp.,-56.124447,49.96142,Baie Verte,Newfoundland and Labrador,active_facility,,,mining,"Open-pit, concentrator",Precious metals,Gold,Gold,,nrcan_mining_df,POINT (-56.124447 49.96142)
QC-MAIN-615ebdb4,Lac Guéret (Uatnan),"Mason Graphite Inc. and Nouveau Monde Graphite, Inc.",-69.1,51.14,,Quebec,project_facility,Active,Advanced project,project,,,Graphite,Graphite,,nrcan_critical_df,POINT (-69.1 51.14)
ON-MAIN-470b504b,Ottawa Plant,Masterloy Products Limited,-75.562391,45.298042,,Ontario,active_facility,,,manufacturing,,Ferroalloys,Vanadium,"Vanadium, molybdenum",,nrcan_manufacturing_df,POINT (-75.562391 45.298042)
ON-MAIN-4e0734b5,Fox Complex,McEwen Mining Inc.,-80.340814,48.534362,Matheson,Ontario,active_facility,,,mining,"Open-pit, underground, concentrator",Precious metals,Gold,Gold,,nrcan_mining_df,POINT (-80.340814 48.534362)
BC-MAIN-d9e2f362,Richmond,Metalex Products Ltd.,-123.092001,49.194196,,British Columbia,active_facility,,,manufacturing,Secondary smelter,Base metals,Recycled lead,Recycled lead,,nrcan_manufacturing_df,POINT (-123.092001 49.194196)
QC-MAIN-237d67c1,Lac Rainy Graphite,Metals Australia Ltd.,-67.07597,52.60511,,Quebec,project_facility,Active,Advanced project,project,,,Graphite,Graphite,,nrcan_critical_df,POINT (-67.07597 52.60511)
YT-MAIN-752fbcae,Minto,Minto Metals Corporation,-137.23858,62.618875,Pelly Crossing,Yukon,active_facility,,,mining,"Open-pit, underground, concentrator",Base metals,Copper,"Copper, gold, silver",,nrcan_mining_df,POINT (-137.23858 62.618875)
QC-MAIN-eb73fd68,Nemaska lithium conversion facility,Nemaska Lithium Inc.,-72.433334,46.333332,,Quebec,project_facility,Active,Advanced processing project,project,,,Lithium hydroxide,Lithium hydroxide,,nrcan_critical_df,POINT (-72.433334 46.333332)
QC-MAIN-9d41d417,Whabouchi,Nemaska Lithium Inc.,-75.85333,51.67972,,Quebec,project_facility,Active,Advanced project,project,,,Lithium (spodumene),Lithium (spodumene),,nrcan_critical_df,POINT (-75.85333 51.67972)
ON-MAIN-2bb07cd3,River Valley,New Age Metals Inc.,-80.27606,46.70591,,Ontario,project_facility,Active,Advanced project,project,,,Palladium,"Palladium, platinum, gold, nickel, copper, rhodium, cobalt",,nrcan_critical_df,POINT (-80.27606 46.70591)
BC-MAIN-aa76f6f2,New Afton,New Gold Inc.,-120.514,50.661,Kamloops,British Columbia,active_facility,,,mining,"Underground, concentrator",Base metals and precious metals,Gold,"Gold, copper, silver",,nrcan_mining_df,POINT (-120.514 50.661)
ON-MAIN-0aadf28f,Rainy River,New Gold Inc.,-94.012,48.833,Fort Frances,Ontario,active_facility,,,mining,"Open-pit, underground, concentrator",Precious metals,Gold,"Gold, silver",,nrcan_mining_df,POINT (-94.012 48.833)
ON-MAIN-1c674cd0,Borden,Newmont Corporation,-83.260981,47.871883,Chapleau,Ontario,active_facility,,,mining,"Open-pit, underground",Precious metals,Gold,Gold,,nrcan_mining_df,POINT (-83.260981 47.871883)
BC-MAIN-857b7b89,Brucejack,Newmont Corporation,-130.21783,56.47554,Stewart,British Columbia,active_facility,,,mining,"Underground, concentrator",Precious metals,Gold,"Gold, silver",,nrcan_mining_df,POINT (-130.21783 56.47554)
BC-MAIN-c720b195,GJ,Newmont Corporation,-130.25,57.63,,British Columbia,project_facility,Active,Advanced project,project,,,Copper,"Copper, gold, silver",,nrcan_critical_df,POINT (-130.25 57.63)
ON-MAIN-8629a493,Hollinger,Newmont Corporation,-81.31314,48.4733,Timmins,Ontario,active_facility,,,mining,Open-pit,Precious metals,Gold,Gold,,nrcan_mining_df,POINT (-81.31314 48.4733)
ON-MAIN-538513cd,Hoyle Pond,Newmont Corporation,-81.1083,48.5519,south of Porcupine,Ontario,active_facility,,,mining,Underground,Precious metals,Gold,Gold,,nrcan_mining_df,POINT (-81.1083 48.5519)
ON-MAIN-fefeaee4,Musselwhite,Newmont Corporation,-90.3636,52.6127,north of Pickle Lake,Ontario,active_facility,,,mining,"Underground, concentrator",Precious metals,Gold,"Gold, silver",,nrcan_mining_df,POINT (-90.3636 52.6127)
ON-MAIN-3b3e5365,Porcupine,Newmont Corporation,-81.242719,48.463511,Timmins,Ontario,active_facility,,,mining,Concentrator,Precious metals,Gold,Gold,,nrcan_mining_df,POINT (-81.242719 48.463511)
BC-MAIN-8eb8be0d,Red Chris,Newmont Corporation,-129.78333,57.7,Kinaskan Lake,British Columbia,active_facility,,,mining,"Open-pit, concentrator",Base metals,Gold,"Gold, copper, silver",,nrcan_mining_df,POINT (-129.78333 57.7)
QC-MAIN-6dc537e6,Éléonore,Newmont Corporation,-76.08667,52.69889,Opinaca Reservoir,Quebec,active_facility,,,mining,"Underground, concentrator",Precious metals,Gold,Gold,,nrcan_mining_df,POINT (-76.08667 52.69889)
BC-MAIN-b4655afb,Galore Creek,"Newmont Corporation, Teck Resources Limited",-131.45,57.13,,British Columbia,project_facility,Active,Advanced project,project,,,Copper,"Copper, gold, silver",,nrcan_critical_df,POINT (-131.45 57.13)
SK-MAIN-3012889c,Rook I,NexGen Energy Ltd.,-108.9925,57.59144,,Saskatchewan,project_facility,Active,Advanced project,project,,,Uranium,Uranium,,nrcan_critical_df,POINT (-108.9925 57.59144)
YT-MAIN-1910d1c3,Nickel Shaw,Nickel Creek Platinum Corp.,-139.53333,61.46667,,Yukon,project_facility,Active,Advanced project,project,,,Nickel,"Nickel, copper, platinum, palladium, gold, cobalt",,nrcan_critical_df,POINT (-139.53333 61.46667)
QC-MAIN-288718a6,Crevier,Niobay Metals Inc.,-72.7644,49.46003,,Quebec,project_facility,Active,Advanced project,project,,,Niobium,"Niobium, tantalum",,nrcan_critical_df,POINT (-72.7644 49.46003)
NT-MAIN-b3681e03,Prairie Creek,NorZinc Ltd.,-124.79938,61.55713,,Northwest Territories,project_facility,Active,Advanced project,project,,,Zinc,"Zinc, lead, silver",,nrcan_critical_df,POINT (-124.79938 61.55713)
BC-MAIN-265a57f6,Kwanika,NorthWest Copper Corp.,-125.271268,55.415303,,British Columbia,project_facility,Active,Advanced project,project,,,Copper,"Copper, gold, silver",,nrcan_critical_df,POINT (-125.271268 55.415303)
NB-MAIN-f58cc895,Sisson,Northcliff Resources Ltd.,-67.045,46.365,,New Brunswick,project_facility,Active,Advanced project,project,,,Tungsten,"Tungsten, molybdenum",,nrcan_critical_df,POINT (-67.045 46.365)
ON-MAIN-8b86d975,Bissett Creek,Northern Graphite Corporation,-78.05992,46.11814,,Ontario,project_facility,Active,Advanced project,project,,,Graphite,Graphite,,nrcan_critical_df,POINT (-78.05992 46.11814)
BC-MAIN-6fbdcf4c,North Island,Northisle Copper and Gold Inc.,-127.85639,50.67556,,British Columbia,project_facility,Active,Advanced project,project,,,Copper,"Copper, gold, molybdenum, rhenium",,nrcan_critical_df,POINT (-127.85639 50.67556)
QC-MAIN-d6748d40,Matawinie,"Nouveau Monde Graphite, Inc.",-73.9212,46.61728,,Quebec,project_facility,Active,Advanced project,project,,,Graphite,Graphite,,nrcan_critical_df,POINT (-73.9212 46.61728)
QC-MAIN-69bb36c1,Caber Complex,Nuvau Minerals Corp.,-77.936644,49.773163,,Quebec,project_facility,Active,Advanced project,project,,,Zinc,"Zinc, copper, silver, gold",,nrcan_critical_df,POINT (-77.936644 49.773163)
SK-MAIN-60ba74c4,McClean Lake,Orano Canada Inc.,-103.8361,58.3472,McClean Lake,Saskatchewan,active_facility,,,mining,Concentrator,Uranium,Uranium,Uranium,,nrcan_mining_df,POINT (-103.8361 58.3472)
NT-MAIN-b99d4cb2,Pine Point,Osisko Metals Inc.,-114.38652,60.87216,,Northwest Territories,project_facility,Active,Advanced project,project,,,Zinc,"Zinc, lead",,nrcan_critical_df,POINT (-114.38652 60.87216)
NL-MAIN-a498ddc6,Michelin,Paladin Energy Limited,-59.984,54.584,,Newfoundland and Labrador,project_facility,Active,Advanced project,project,,,Uranium,Uranium,,nrcan_critical_df,POINT (-59.984 54.584)
ON-MAIN-bfbcd72e,Bell Creek,Pan American Silver Corp.,-81.178,48.553,Timmins,Ontario,active_facility,,,mining,"Underground, concentrator",Precious metals,Gold,Gold,,nrcan_mining_df,POINT (-81.178 48.553)
ON-MAIN-f3e6ff08,Timmins West,Pan American Silver Corp.,-81.549826,48.383275,Timmins,Ontario,active_facility,,,mining,Underground,Precious metals,Gold,Gold,,nrcan_mining_df,POINT (-81.549826 48.383275)
MB-MAIN-3ab82795,PADCOM Potash Mine,Potash and Agri Development Corporation of Manitoba Ltd. (PADCOM),-101.483097,50.735345,,Manitoba,project_facility,Active,Advanced project,project,,,Potash,Potash,,nrcan_critical_df,POINT (-101.483097 50.735345)
BC-MAIN-1f842681,Victoria Depot,Radius Recyling,-123.37692,48.43732,,British Columbia,active_facility,,,manufacturing,,,,,,nrcan_manufacturing_df,POINT (-123.37692 48.43732)
ON-MAIN-b466361f,Mississauga,Real Alloy Canada Ltd.,-79.6671,43.7058,,Ontario,active_facility,,,manufacturing,Secondary smelter,Base metals,Recycled  zinc,Recycled  zinc,,nrcan_manufacturing_df,POINT (-79.6671 43.7058)
BC-MAIN-ee65d38c,Richmond,Richmond Steel Recycling Limited,-123.086842,49.201528,,British Columbia,active_facility,,,manufacturing,,,,,,nrcan_manufacturing_df,POINT (-123.086842 49.201528)
QC-MAIN-3aa117d8,Alma,Rio Tinto Aluminum Inc.,-71.6897,48.5847,,Quebec,active_facility,,,manufacturing,Smelter,Aluminum,Aluminum (pure or alloyed),Aluminum (pure or alloyed),,nrcan_manufacturing_df,POINT (-71.6897 48.5847)
QC-MAIN-c1c7eb99,Arvida,Rio Tinto Aluminum Inc.,-71.165521,48.430174,,Quebec,active_facility,,,manufacturing,Smelter,Aluminum,Aluminum (pure or alloyed),"Aluminum (pure or alloyed), alumina, aluminum chemicals, composites",,nrcan_manufacturing_df,POINT (-71.165521 48.430174)
QC-MAIN-01c1e81f,Grande-Baie,Rio Tinto Aluminum Inc.,-70.9258,48.3058,,Quebec,active_facility,,,manufacturing,Smelter,Aluminum,Aluminum (pure or alloyed),Aluminum (pure or alloyed),,nrcan_manufacturing_df,POINT (-70.9258 48.3058)
BC-MAIN-eb47f7c7,Kitimat,Rio Tinto Aluminum Inc.,-128.6954,53.9976,,British Columbia,active_facility,,,manufacturing,Smelter,Aluminum,Aluminum (pure or alloyed),Aluminum (pure or alloyed),,nrcan_manufacturing_df,POINT (-128.6954 53.9976)
QC-MAIN-c0e3a48b,Laterrière,Rio Tinto Aluminum Inc.,-71.1287,48.3013,,Quebec,active_facility,,,manufacturing,Smelter,Aluminum,Aluminum (pure or alloyed),Aluminum (pure or alloyed),,nrcan_manufacturing_df,POINT (-71.1287 48.3013)
QC-MAIN-92628f16,Vaudreuil,Rio Tinto Aluminum Inc.,-71.157919,48.428476,,Quebec,active_facility,,,manufacturing,Refinery,Aluminum,Alumina,Alumina,,nrcan_manufacturing_df,POINT (-71.157919 48.428476)
QC-MAIN-8d6616b4,Alouette,"Rio Tinto Aluminum Inc., Aluminium Austria Metall Québec Inc., Hydro Aluminium a.s., Société générale de financement du Québec and Marubeni Québec Inc.",-66.4429,50.1571,,Quebec,active_facility,,,manufacturing,Smelter,Aluminum,Aluminum (pure),Aluminum (pure),,nrcan_manufacturing_df,POINT (-66.4429 50.1571)
NT-MAIN-0ec39ce0,Diavik,Rio Tinto Group,-110.272,64.495,Lac de Gras,Northwest Territories,active_facility,,,mining,"Underground, plant",Diamonds,Diamonds,Diamonds,,nrcan_mining_df,POINT (-110.272 64.495)
QC-MAIN-e82266c5,Lac Tio,Rio Tinto Group,-63.416,50.5541,Havre-Saint-Pierre,Quebec,active_facility,,,mining,Open-pit,Other metals,Ilmenite,Ilmenite,,nrcan_mining_df,POINT (-63.416 50.5541)
QC-MAIN-11c40b1f,Lithium Demonstration Plant,Rio Tinto Group,-73.139626,46.043727,,Quebec,project_facility,Active,Advanced processing project,project,,,Lithium,Lithium,,nrcan_critical_df,POINT (-73.139626 46.043727)
QC-MAIN-3e146840,Rio Tinto Iron and Titanium,Rio Tinto Group,-73.138424,46.045907,,Quebec,active_facility,,,manufacturing,Electric arc furnace,Iron ore,Steel,"Steel, titanium dioxide, scandium",,nrcan_manufacturing_df,POINT (-73.138424 46.045907)
QC-MAIN-7b3b4c8b,Scandium Demonstration Plant,Rio Tinto Group,-73.139626,46.043727,,Quebec,project_facility,Active,Advanced unconventional project,project,,,Scandium,Scandium,,nrcan_critical_df,POINT (-73.139626 46.043727)
QC-MAIN-bebff037,A.S.I. - Ste Catherine,Riva Group,-73.60497,45.397642,,Quebec,active_facility,,,manufacturing,,,,,,nrcan_manufacturing_df,POINT (-73.60497 45.397642)
ON-MAIN-eda110b0,Georgia Lake,Rock Tech Lithium Inc.,-88.00298,49.45236,,Ontario,project_facility,Active,Advanced project,project,,,Lithium (spodumene),Lithium (spodumene),,nrcan_critical_df,POINT (-88.00298 49.45236)
YT-MAIN-73ce66b5,Klaza,Rockhaven Resources Ltd.,-137.3175,62.14117,,Yukon,project_facility,Active,Advanced project,project,,,Gold,"Gold, silver, lead, zinc",,nrcan_critical_df,POINT (-137.3175 62.14117)
BC-MAIN-116ae608,Revel Ridge,Rokmaster Resources Corp.,-118.121,51.287,,British Columbia,project_facility,Active,Advanced project,project,,,Gold,"Gold, lead, silver, zinc",,nrcan_critical_df,POINT (-118.121 51.287)
ON-MAIN-dca9cce7,Ottawa,Royal Canadian Mint,-75.69922,45.431332,,Ontario,active_facility,,,manufacturing,Refinery,Precious metals,Gold,"Gold, silver",,nrcan_manufacturing_df,POINT (-75.69922 45.431332)
AB-MAIN-7430be9d,Steveville,Royal Helium Ltd.,-111.860024,50.7136,,Alberta,project_facility,Active,Advanced project,project,,,Helium,Helium,,nrcan_critical_df,POINT (-111.860024 50.7136)
QC-MAIN-1d2f31f9,Kwyjibo,SOQUEM (Investissement Québec),-65.26564,51.04975,,Quebec,project_facility,Active,Advanced project,project,,,Rare earth elements,"Rare earth elements, phosphate, iron ore",,nrcan_critical_df,POINT (-65.26564 51.04975)
SK-MAIN-22ce14be,Santoy,SSR Mining Inc.,-103.414571,55.66778,Santoy Lake,Saskatchewan,active_facility,,,mining,Underground,Precious metals,Gold,Gold,,nrcan_mining_df,POINT (-103.414571 55.66778)
SK-MAIN-29afbdb5,Seabee,SSR Mining Inc.,-103.622257,55.683772,Laonil Lake,Saskatchewan,active_facility,,,mining,Concentrator,Precious metals,Gold,Gold,,nrcan_mining_df,POINT (-103.622257 55.683772)
SK-MAIN-d5c9124e,Rare Earth Processing Facility,Saskatchewan Research Council (SRC),-106.62737,52.1400327,,Saskatchewan,project_facility,Active,Advanced processing project,project,,,Rare earth elements,Rare earth elements,,nrcan_critical_df,POINT (-106.62737 52.1400327)
QC-MAIN-c4fb59c2,Moblan,Sayona Nord,-74.91215,50.73176,,Quebec,project_facility,Active,Advanced project,project,,,Lithium (spodumene),Lithium (spodumene),,nrcan_critical_df,POINT (-74.91215 50.73176)
QC-MAIN-dc1a16f9,North American Lithium,Sayona Québec Inc.,-77.80934,48.4115,La Corne,Quebec,active_facility,,,mining,"Open-pit, underground",Other metals,Lithium,Lithium,,nrcan_mining_df,POINT (-77.80934 48.4115)
QC-MAIN-1186a6d0,Authier,Sayona Québec inc.,-78.19557,48.36207,,Quebec,project_facility,Active,Advanced project,project,,,Lithium (spodumene),Lithium (spodumene),,nrcan_critical_df,POINT (-78.19557 48.36207)
BC-MAIN-b7591127,Iskut,Seabridge Gold Inc.,-131.0925,56.66667,,British Columbia,project_facility,Active,Advanced project,project,,,Gold,"Gold, copper, silver, iron ore",,nrcan_critical_df,POINT (-131.0925 56.66667)
BC-MAIN-4959ea63,KSM,Seabridge Gold Inc.,-130.33556,56.46666,,British Columbia,project_facility,Active,Advanced project,project,,,Gold,"Gold, copper, silver, molybdenum",,nrcan_critical_df,POINT (-130.33556 56.46666)
YT-MAIN-03a159d7,Selwyn,Selwyn Chihong Mining Ltd.,-129.20011,62.45542,,Yukon,project_facility,Active,Advanced project,project,,,Zinc,"Zinc, lead",,nrcan_critical_df,POINT (-129.20011 62.45542)
AB-MAIN-d3a4aba9,The Cobalt Refinery Company Inc.,Sherritt International Corporation and General Nickel Company S.A.,-113.19011,53.719929,,Alberta,active_facility,,,manufacturing,Refinery,Base metals,Nickel,"Nickel, cobalt, copper sulfide, ammonium sulfate",,nrcan_manufacturing_df,POINT (-113.19011 53.719929)
ON-MAIN-f4fc3276,Sugar Zone,Silver Lake Resources Ltd.,-85.00401,48.80496,White River,Ontario,active_facility,,,mining,"Underground, concentrator",Precious metals,Gold,Gold,,nrcan_mining_df,POINT (-85.00401 48.80496)
MB-MAIN-915d9faa,Tanco,Sinomine Resource Grp Co. Ltd.,-95.4502,50.4291,Lac-du-Bonnet,Manitoba,active_facility,,,mining,"Underground, concentrator, plant",Base metals,Cesium,"Cesium, lithium",,nrcan_mining_df,POINT (-95.4502 50.4291)
BC-MAIN-b1fe389a,Eskay Creek,Skeena Resources Limited,-130.43,56.653,,British Columbia,project_facility,Active,Advanced project,project,,,Gold,"Gold, Silver, copper, lead, zinc",,nrcan_critical_df,POINT (-130.43 56.653)
NL-MAIN-bb23d8a6,Great Burnt Lake,Spruce Ridge Resources Limited,-56.1344,48.3758,,Newfoundland and Labrador,project_facility,Active,Advanced project,project,,,Copper,"Copper, gold",,nrcan_critical_df,POINT (-56.1344 48.3758)
NS-MAIN-c9c77a59,Moose River Consolidated,St Barbara Limited,-62.94292,44.98243,Upper Musquodoboit,Nova Scotia,active_facility,,,mining,"Open-pit, concentrator",Precious metals,Gold,Gold,,nrcan_mining_df,POINT (-62.94292 44.98243)
ON-MAIN-020a683c,Hamilton Works,Stelco Inc.,-79.819,43.275,,Ontario,active_facility,,,manufacturing,Basic oxygen furnace,Iron ore,Steel,Steel,,nrcan_manufacturing_df,POINT (-79.819 43.275)
ON-MAIN-b2e5c9bb,Lake Erie Works,Stelco Inc.,-80.0937,42.8001,,Ontario,active_facility,,,manufacturing,Basic oxygen furnace,Iron ore,Steel,Steel,,nrcan_manufacturing_df,POINT (-80.0937 42.8001)
QC-MAIN-3032c251,Renard,Stornoway Diamonds Corporation,-72.190579,52.813913,Mistissini,Quebec,active_facility,,,mining,"Open-pit, underground, concentrator",Diamonds,Diamonds,Diamonds,,nrcan_mining_df,POINT (-72.190579 52.813913)
QC-MAIN-b5937543,Blackrock,Strategic Resources Inc,-74.062113,49.800453,,Quebec,project_facility,Active,Advanced project,project,,,Iron ore,"Iron ore, vanadium, titanium",,nrcan_critical_df,POINT (-74.062113 49.800453)
QC-MAIN-64595b02,Blackrock Pyrometallurgical Facility,Strategic Resources Inc,-70.854841,48.399648,,Quebec,project_facility,Active,Advanced processing project,project,,,Iron ore,"Iron ore, vanadium, titanium",,nrcan_critical_df,POINT (-70.854841 48.399648)
BC-MAIN-a505d25d,Ootsa,Surge Copper Corp.,-127.08333,53.63333,,British Columbia,project_facility,Active,Advanced project,project,,,Copper,"Copper, gold, molybdenum, silver",,nrcan_critical_df,POINT (-127.08333 53.63333)
BC-MAIN-c5d1b42d,Berg,"Surge Copper Corp., Centerra Gold Inc.",-127.431,53.802,,British Columbia,project_facility,Active,Advanced project,project,,,Copper,"Copper, Molybdenum, Gold, Silver",,nrcan_critical_df,POINT (-127.431 53.802)
QC-MAIN-6a26086e,Sorel Forge,Swiss Steel Holding AG,-73.124998,46.045865,,Quebec,active_facility,,,manufacturing,Electric arc furnace,Iron ore,Steel,Steel,,nrcan_manufacturing_df,POINT (-73.124998 46.045865)
NL-MAIN-b64bae7a,Scully,Tacora Resources Inc.,-66.912573,52.907129,Wabush,Newfoundland and Labrador,active_facility,,,mining,"Open-pit, concentrator",Iron ore,Iron,Iron,,nrcan_mining_df,POINT (-66.912573 52.907129)
NL-MAIN-18695c6d,Scully Mine - Manganese project,Tacora Resources Inc.,-66.91222,52.91806,,Newfoundland and Labrador,project_facility,Active,Advanced unconventional project,project,,,Manganese,Manganese,,nrcan_critical_df,POINT (-66.91222 52.91806)
ON-MAIN-1aa10efa,Kenbridge,Tartisan Nickel Corp.,-93.6347,49.48357,,Ontario,project_facility,Active,Advanced project,project,,,Nickel,"Nickel, copper, cobalt",,nrcan_critical_df,POINT (-93.6347 49.48357)
BC-MAIN-23f67ea8,Aley,Taseko Mines Limited,-123.77829,56.4471,,British Columbia,project_facility,Active,Advanced project,project,,,Niobium,Niobium,,nrcan_critical_df,POINT (-123.77829 56.4471)
BC-MAIN-6b4800fe,Gibraltar,Taseko Mines Limited,-122.28716,52.528495,north of Williams Lake,British Columbia,active_facility,,,mining,"Open-pit, concentrator",Base metals,Copper,"Copper, molybdenum, silver",,nrcan_mining_df,POINT (-122.28716 52.528495)
BC-MAIN-18bed6d7,Yellowhead,Taseko Mines Limited,-119.817,51.52,,British Columbia,project_facility,Active,Advanced project,project,,,Copper,"Copper, gold, silver",,nrcan_critical_df,POINT (-119.817 51.52)
NL-MAIN-e09881ff,DSO (3 and 4),Tata Steel Minerals Canada Limited,-67.081916,54.890828,Menihek,Newfoundland and Labrador,active_facility,,,mining,Open-pit,Iron ore,Iron,Iron,,nrcan_mining_df,POINT (-67.081916 54.890828)
QC-MAIN-b8c826a2,DSO (Goodwood),Tata Steel Minerals Canada Limited,-67.34778,55.09939,Schefferville,Quebec,active_facility,,,mining,Open-pit,Iron ore,Iron,Iron,,nrcan_mining_df,POINT (-67.34778 55.09939)
BC-MAIN-bf503b6b,Highland Valley,Teck Resources Limited,-121.0483,50.4855,Logan Lake,British Columbia,active_facility,,,mining,"Open-pit, concentrator",Base metals,Copper,"Copper, silver, molybdenum",,nrcan_mining_df,POINT (-121.0483 50.4855)
BC-MAIN-193ddddb,Schaft Creek,Teck Resources Limited,-131.0,57.36667,,British Columbia,project_facility,Active,Advanced project,project,,,Copper,"Copper, molybdenum, gold, silver",,nrcan_critical_df,POINT (-131 57.36667)
BC-MAIN-3bb6b7cd,Trail,Teck Resources Limited,-117.7137,49.0999,,British Columbia,active_facility,,,manufacturing,"Smelter, refinery, plant",Base metals,Zinc,"Zinc, lead, bismuth, cadmium, indium, germanium, precious metals, liquid sulfur dioxide, sulfuric acid",,nrcan_manufacturing_df,POINT (-117.7137 49.0999)
ON-MAIN-137bbc71,Mississauga,Terrapure Environmental,-79.57979,43.60506,,Ontario,active_facility,,,manufacturing,Secondary smelter,Base metals,Recycled lead,Recycled lead,,nrcan_manufacturing_df,POINT (-79.57979 43.60506)
QC-MAIN-4f03382f,Sainte-Catherine,Terrapure Environmental,-73.601869,45.402369,,Quebec,active_facility,,,manufacturing,"Refinery, secondary smelter",Base metals,Recycled lead,Recycled lead,,nrcan_manufacturing_df,POINT (-73.601869 45.402369)
QC-MAIN-2587e541,Strange Lake,Torngat Metals Ltd.,-64.2,56.35,,Quebec,project_facility,Active,Advanced project,project,,,Rare earth elements,"Rare earth elements, niobium",,nrcan_critical_df,POINT (-64.2 56.35)
BC-MAIN-23155c25,Myra Falls,Trafigura Mining Group,-125.59,49.57,Strathcona,British Columbia,active_facility,,,mining,Underground,Base metals and precious metals,Zinc,"Zinc, copper, silver, gold, lead",,nrcan_mining_df,POINT (-125.59 49.57)
ON-MAIN-75f260ea,Brampton Division,Triple M Metal LP,-79.666841,43.736239,,Ontario,active_facility,,,manufacturing,,,,,,nrcan_manufacturing_df,POINT (-79.666841 43.736239)
ON-MAIN-59a49b3e,Hamilton Parkdale Division,Triple M Metal LP,-79.782925,43.260957,,Ontario,active_facility,,,manufacturing,,,,,,nrcan_manufacturing_df,POINT (-79.782925 43.260957)
ON-MAIN-00855a72,Sault Ste. Marie Division,Triple M Metal LP,-84.395602,46.524326,,Ontario,active_facility,,,manufacturing,,,,,,nrcan_manufacturing_df,POINT (-84.395602 46.524326)
YT-MAIN-68c87980,Freegold Mountain,Triumph Gold Corp.,-137.2,62.3,,Yukon,project_facility,Active,Advanced project,project,,,Gold,"Gold, silver, copper, molybdenum, tungsten",,nrcan_critical_df,POINT (-137.2 62.3)
QC-MAIN-b2148882,Troilus,Troilus Gold Corporation,-74.46,51.01,,Quebec,project_facility,Active,Advanced project,project,,,Gold,"Gold, copper, silver",,nrcan_critical_df,POINT (-74.46 51.01)
ON-MAIN-4a6187a4,RapidSX Demonstration Plant,Ucore Rare Metals Inc,-76.5,44.233334,,Ontario,project_facility,Active,Demonstration plant,project,,,Rare earth elements,Rare earth elements,,nrcan_critical_df,POINT (-76.5 44.233334)
SK-MAIN-9dd2b7f8,Horseshoe-Raven,Uranium Energy Corp,-103.73639,58.15333,,Saskatchewan,project_facility,Active,Advanced project,project,,,Uranium,Uranium,,nrcan_critical_df,POINT (-103.73639 58.15333)
ON-MAIN-387b06fe,Welland Mill,Valbruna ASW Inc.,-79.235065,42.998265,,Ontario,active_facility,,,manufacturing,Electric arc furnace,Iron ore,Steel,Steel,,nrcan_manufacturing_df,POINT (-79.235065 42.998265)
ON-MAIN-de2f9639,Clarabelle,Vale Canada Limited,-81.056782,46.495822,Sudbury,Ontario,active_facility,,,mining,Concentrator,Base metals,Nickel,"Nickel, copper, platinum group metals, gold, silver, cobalt, selenium, tellurium",,nrcan_mining_df,POINT (-81.056782 46.495822)
ON-MAIN-6e9b2449,Coleman,Vale Canada Limited,-81.3397,46.6771,Sudbury,Ontario,active_facility,,,mining,Underground,Base metals,Nickel,"Nickel, copper, platinum group metals, gold, silver, cobalt, selenium, tellurium",,nrcan_mining_df,POINT (-81.3397 46.6771)
ON-MAIN-f080c409,Copper Cliff Complex,Vale Canada Limited,-81.068205,46.491445,Sudbury,Ontario,active_facility,,,mining,Underground,Base metals,Nickel,"Nickel, copper, platinum group metals, gold, silver, cobalt, selenium, tellurium",,nrcan_mining_df,POINT (-81.068205 46.491445)
ON-MAIN-63b394c3,Copper Cliff Complex,Vale Canada Limited,-81.0569,46.4801,,Ontario,active_facility,,,manufacturing,"Smelter, refinery, plant",Base metals,Nickel (oxide sinter,"Nickel (oxide sinter, pellets, powder, sulfide), copper cathodes, gold, silver, selenium cake, tellurium dioxide cake, platinum group metals (in residues), liquid sulfur dioxide, sulfuric acid",,nrcan_manufacturing_df,POINT (-81.0569 46.4801)
ON-MAIN-52224e1e,Creighton,Vale Canada Limited,-81.1861,46.474,Sudbury,Ontario,active_facility,,,mining,Underground,Base metals,Nickel,"Nickel, copper, platinum group metals, gold, silver, cobalt, selenium, tellurium",,nrcan_mining_df,POINT (-81.1861 46.474)
ON-MAIN-48fe2205,Garson,Vale Canada Limited,-80.857,46.568,Sudbury,Ontario,active_facility,,,mining,Underground,Base metals,Nickel,"Nickel, copper, platinum group metals, gold, silver, cobalt, selenium, tellurium",,nrcan_mining_df,POINT (-80.857 46.568)
ON-MAIN-2e13aaa0,Port Colborne,Vale Canada Limited,-79.24,42.883,,Ontario,active_facility,,,manufacturing,Refinery,Base metals,Electrolytic cobalt,"Electrolytic cobalt, platinum group metals (in residues), copper oxide",,nrcan_manufacturing_df,POINT (-79.24 42.883)
MB-MAIN-e0a6250e,Thompson (T-1 and T-3),Vale Canada Limited,-97.8444,55.7152,Thompson,Manitoba,active_facility,,,mining,"Open-pit, underground, concentrator",Base metals,Nickel,"Nickel, cobalt, copper, platinum group metals, gold, silver",,nrcan_mining_df,POINT (-97.8444 55.7152)
ON-MAIN-28f3f0fc,Totten,Vale Canada Limited,-81.454839,46.381174,Worthington,Ontario,active_facility,,,mining,Underground,Base metals,Nickel,"Nickel, copper, platinum group metals, gold, silver, cobalt",,nrcan_mining_df,POINT (-81.454839 46.381174)
NL-MAIN-d9036091,Long Harbour,Vale Newfoundland and Labrador Limited,-53.811792,47.410938,,Newfoundland and Labrador,active_facility,,,manufacturing,Refinery,Base metals,Nickel,"Nickel, copper, cobalt",,nrcan_manufacturing_df,POINT (-53.811792 47.410938)
NL-MAIN-2d8801d6,Voisey’s Bay,Vale Newfoundland and Labrador Limited,-62.090855,56.331659,Voisey’s Bay,Newfoundland and Labrador,active_facility,,,mining,"Open-pit, underground, concentrator",Base metals,Nickel,"Nickel, copper, cobalt",,nrcan_mining_df,POINT (-62.090855 56.331659)
QC-MAIN-860bbbfc,Lac Doré Vanadium,VanadiumCorp Resource Inc.,-73.95682,49.84573,,Quebec,project_facility,Active,Advanced project,project,,,Iron ore,"Iron ore, vanadium, titanium",,nrcan_critical_df,POINT (-73.95682 49.84573)
YT-MAIN-e05ed9fe,Eagle (Dublin Gulch),Victoria Gold Corporation,-135.8456,64.0322,Mayo,Yukon,active_facility,,,mining,"Open-pit, concentrator",Precious metals,Gold,Gold,,nrcan_mining_df,POINT (-135.8456 64.0322)
QC-MAIN-d59f82aa,Sirmac,Vision Lithium Inc,-75.47624,50.62225,,Quebec,project_facility,Active,Advanced project,project,,,Lithium,"Lithium, tantalum",,nrcan_critical_df,POINT (-75.47624 50.62225)
NT-MAIN-b1b28b01,Nechalacho - T-Zone & Tardiff Zone,Vital Metals Inc.,-112.59972,62.11806,,Northwest Territories,project_facility,Active,Advanced project,project,,,Rare earth elements,Rare earth elements,,nrcan_critical_df,POINT (-112.59972 62.11806)
AB-MAIN-63f096a6,Rainbow Lake,Volt Lithium Corporation,-119.30174,58.50664,,Alberta,project_facility,Active,Advanced unconventional project,project,,,Lithium (brine),Lithium (brine),,nrcan_critical_df,POINT (-119.30174 58.50664)
QC-MAIN-be473617,Mont Sorcier,Voyager Metals inc.,-74.127578,49.918163,,Quebec,project_facility,Active,Advanced project,project,,,Iron ore,"Iron ore, vanadium",,nrcan_critical_df,POINT (-74.127578 49.918163)
ON-MAIN-3c468faa,Superior Lake,Waroona Energy Inc,-87.38361,48.9775,,Ontario,project_facility,Active,Advanced project,project,,,Zinc,"Zinc, copper, gold, silver",,nrcan_critical_df,POINT (-87.38361 48.9775)
ON-MAIN-cb85213a,Eagle River,Wesdome Gold Mines Ltd.,-85.4619,47.9861,Wawa,Ontario,active_facility,,,mining,"Underground, concentrator",Precious metals,Gold,Gold,,nrcan_mining_df,POINT (-85.4619 47.9861)
QC-MAIN-9de9bb0d,Kiena,Wesdome Gold Mines Ltd.,-77.91,48.12,Val-d’Or,Quebec,active_facility,,,mining,"Open-pit, concentrator",Precious metals,Gold,Gold,,nrcan_mining_df,POINT (-77.91 48.12)
ON-MAIN-c5fefb01,Mishi,Wesdome Gold Mines Ltd.,-85.4525,48.11028,Wawa,Ontario,active_facility,,,mining,Open-pit,Precious metals,Gold,Gold,,nrcan_mining_df,POINT (-85.4525 48.11028)
BC-MAIN-feb13c30,Record Ridge,West High Yield Resources Ltd.,-117.884,49.082,,British Columbia,project_facility,Active,Advanced project,project,,,Magnesium,Magnesium,,nrcan_critical_df,POINT (-117.884 49.082)
YT-MAIN-5e0d8b48,Casino,Western Copper and Gold Corporation,-138.83333,62.73333,,Yukon,project_facility,Active,Advanced project,project,,,Copper,"Copper, gold, molybdenum, silver",,nrcan_critical_df,POINT (-138.83333 62.73333)
SK-MAIN-71ad0a66,Milestone,Western Resources Corp.,-104.239825,50.236669,,Saskatchewan,project_facility,Active,Advanced project,project,,,Potash,Potash,,nrcan_critical_df,POINT (-104.239825 50.236669)
ON-MAIN-12c68d49,Eagle's Nest,Wyloo,-86.3038,52.74202,,Ontario,project_facility,Active,Advanced project,project,,,Nickel,"Nickel, copper, gold, platinum, palladium",,nrcan_critical_df,POINT (-86.3038 52.74202)
SK-MAIN-bae48393,Southey,"Yancoal Canada Resosurces Co., ltd.",-104.65979,51.11466,,Saskatchewan,project_facility,Active,Advanced project,project,,,Potash,Potash,,nrcan_critical_df,POINT (-104.65979 51.11466)
BC-MAIN-891d3cb5,Akie,ZincX Resources Corp.,-124.86599,57.38088,,British Columbia,project_facility,Active,Advanced project,project,,,Zinc,"Zinc, lead, silver",,nrcan_critical_df,POINT (-124.86599 57.38088)
