row_id,year,tailing_id,tsf_name,related_mine,main_owner,full_ownership,operator,longitude,latitude,status,construction_year,raise_type,current_maximum_height,current_tailings_storage,planned_storage_5_years,hazard_categorization,classification_system,link,source,source_df,geometry,main_id,cluster_id
TAIL-ce1b28f4-2019-1,2019,NU-TAIL-ce1b28f4,North Cell,Meadowbank,Agnico Eagle,,Agnico Eagle,-96.043328,65.021558,Active,2009.0,"Downstream, Upstream",31.0,14400000,14400000,Medium,Canadian Dam Association,https://s21.q4cdn.com/374334112/files/doc_downloads/Sustainability/TM-Report/Agnico-Eagle-Summary-Tailings-Management-Report-June-2019.pdf,,tailings_source_df,POINT (-47679.579159 1747666.527357),NU-MAIN-730aefe3,69
TAIL-46b364c0-2019-1,2019,NU-TAIL-46b364c0,South Cell,Meadowbank,Agnico Eagle,,Agnico Eagle,-96.033391,65.013782,Active,2012.0,Downstream,49.0,10420000,10800000,Medium,Canadian Dam Association,https://s21.q4cdn.com/374334112/files/doc_downloads/Sustainability/TM-Report/Agnico-Eagle-Summary-Tailings-Management-Report-June-2019.pdf,,tailings_source_df,POINT (-47239.158967 1746818.667501),NU-MAIN-730aefe3,69
TAIL-6612fa3a-2019-1,2019,NU-TAIL-6612fa3a,In pit,Meadowbank,Agnico Eagle,,Agnico Eagle,-96.032544,65.001901,Active,2009.0,,,850000,12500000,Low,,https://s21.q4cdn.com/374334112/files/doc_downloads/Sustainability/TM-Report/Agnico-Eagle-Summary-Tailings-Management-Report-June-2019.pdf,,tailings_source_df,POINT (-47221.291112 1745533.919509),NU-MAIN-730aefe3,69
TAIL-f33b3dac-2019-1,2019,NU-TAIL-f33b3dac,Meliadine TSF,Meliadine,Agnico Eagle,,Agnico Eagle,-92.140336,63.020829,Active,2019.0,,5.0,89000,4354000,Medium,Canadian Dam Association,https://s21.q4cdn.com/374334112/files/doc_downloads/Sustainability/TM-Report/Agnico-Eagle-Summary-Tailings-Management-Report-June-2019.pdf,,tailings_source_df,POINT (140365.536379 1534195.595954),NU-MAIN-8b0264c9,68
TAIL-bb8684fa-2019-1,2019,QC-TAIL-bb8684fa,South TSF,Goldex,Agnico Eagle,,Agnico Eagle,-77.841978,48.054342,Active,2007.0,Not Raised,5.0,1664000,2500000,Medium,Canadian Dam Association,https://s21.q4cdn.com/374334112/files/doc_downloads/Sustainability/TM-Report/Agnico-Eagle-Summary-Tailings-Management-Report-June-2019.pdf,,tailings_source_df,POINT (1268388.485926 66767.411639),QC-MAIN-c0660aec,12
TAIL-debb4159-2019-1,2019,QC-TAIL-debb4159,Canadian Malartic TSF,Canadian Malartic,Parternship Canadian Malartic,,Parternship Canadian Malartic,-78.091518,48.112562,Active,1991.0,Upstream,42.0,96000000,136500000,Medium,Canadian Dam Association,https://s21.q4cdn.com/374334112/files/doc_downloads/Sustainability/TM-Report/Agnico-Eagle-Summary-Tailings-Management-Report-June-2019.pdf,,tailings_source_df,POINT (1248674.526094 68095.601365),QC-MAIN-e7e6a960,12
TAIL-283d8e72-2019-1,2019,QC-TAIL-283d8e72,Principal TSF,Laronde,Agnico Eagle,,Agnico Eagle,-78.417616,48.257872,Active,1988.0,Upstream,30.0,29923000,32650000,Medium,Canadian Dam Association,https://s21.q4cdn.com/374334112/files/doc_downloads/Sustainability/TM-Report/Agnico-Eagle-Summary-Tailings-Management-Report-June-2019.pdf,,tailings_source_df,POINT (1220967.879221 77416.300006),QC-MAIN-e51eda66,15
TAIL-7b82af08-2019-1,2019,QC-TAIL-7b82af08,Extension A4,Laronde,Agnico Eagle,,Agnico Eagle,-78.400641,48.254847,Active,2010.0,Not Raised,18.0,1500000,3400000,Medium,Canadian Dam Association,https://s21.q4cdn.com/374334112/files/doc_downloads/Sustainability/TM-Report/Agnico-Eagle-Summary-Tailings-Management-Report-June-2019.pdf,,tailings_source_df,POINT (1222276.310879 77416.376434),QC-MAIN-e51eda66,15
TAIL-549825c1-2019-1,2019,QC-TAIL-549825c1,TMF North,Joutel,Agnico Eagle,,Agnico Eagle,-78.22401,49.293567,Inactive,1974.0,Downstream,9.0,4500000,4500000,Medium,Canadian Dam Association,https://s21.q4cdn.com/374334112/files/doc_downloads/Sustainability/TM-Report/Agnico-Eagle-Summary-Tailings-Management-Report-June-2019.pdf,,tailings_source_df,POINT (1204840.288413 192444.483646),,113
TAIL-a7ada063-2019-1,2019,QC-TAIL-a7ada063,TMF South,Joutel,Agnico Eagle,,Agnico Eagle,-78.224038,49.291356,Inactive,1986.0,Downstream,6.0,2200000,2200000,Medium,Canadian Dam Association,https://s21.q4cdn.com/374334112/files/doc_downloads/Sustainability/TM-Report/Agnico-Eagle-Summary-Tailings-Management-Report-June-2019.pdf,,tailings_source_df,POINT (1204902.357818 192206.825789),,113
TAIL-ed4dd213-2019-1,2019,ON-TAIL-ed4dd213,Nova Scotia Tailings Area,Cobalt,Agnico Eagle,,Agnico Eagle,-79.6605556,47.392222,Inactive,1992.0,Not Raised,9.0,240000,240000,Medium,,https://s21.q4cdn.com/374334112/files/doc_downloads/Sustainability/TM-Report/Agnico-Eagle-Summary-Tailings-Management-Report-June-2019.pdf,,tailings_source_df,POINT (1154401.139591 -39472.904098),,89
TAIL-08ae73c3-2019-1,2019,NT-TAIL-08ae73c3,Gahcho Kué Area 2 FINE PKC,Gahcho Kue,Anglo American,Mountain Province Joint Venture partners,De Beers,-109.2117519,63.463619,Active,2016.0,Downstream,12.0,3500000,6880000,Major,Anglo American Technical Standard (AA TS 602 001),https://www.angloamerican.com/sustainability/tailings-summary/tailings-database?page=5,,tailings_source_df,POINT (-681418.127127 1655339.520615),NT-MAIN-94e652a5,65
TAIL-64e79431-2019-1,2019,NT-TAIL-64e79431,Gahcho Kué Course PKC Pile,Gahcho Kue,Anglo American,Mountain Province Joint Venture partners,De Beers,-109.2117519,63.463619,Active,2016.0,Dry stack,20.0,2900000,5590000,High,Anglo American Technical Standard (AA TS 602 001),https://www.angloamerican.com/sustainability/tailings-summary/tailings-database?page=5,,tailings_source_df,POINT (-681418.127127 1655339.520615),NT-MAIN-94e652a5,65
TAIL-e8542ddf-2019-1,2019,ON-TAIL-e8542ddf,Victor Fines PK storage facility,Victor,Anglo American,De Beers,De Beers,-83.9387,52.8230667,Active,2008.0,Downstream,8.0,7400000,7400000,Minor,"Anglo American Technical Standard (AA TS 602 001); Canadian Dam Safety Association Dam Safety Guidelines (CDA, 2013,2014);Canadian Dam Safety Association Dam Safety Guidelines (CDA, 2013,2014)  ",https://www.angloamerican.com/sustainability/tailings-summary/tailings-database?page=5,,tailings_source_df,POINT (732214.669924 486228.969242),,114
TAIL-16da9c44-2019-1,2019,ON-TAIL-16da9c44,Victor Coarse PK & Lo rade Ore Stockpile,Victor,Anglo American,De Beers,De Beers,-83.9387,52.8230667,Active,2008.0,Dry stack,12.0,5940000,5940000,Minor,Anglo American Technical Standard (AA TS 602 001),https://www.angloamerican.com/sustainability/tailings-summary/tailings-database?page=5,,tailings_source_df,POINT (732214.669924 486228.969242),,114
TAIL-813380da-2019-1,2019,ON-TAIL-813380da,Victor Coarse PK & overburden Stockpile,Victor,Anglo American,De Beers,De Beers,-83.925833,52.807844,Active,2008.0,Dry stack,14.0,5400000,5400000,Minor,Anglo American Technical Standard (AA TS 602 001),https://www.angloamerican.com/sustainability/tailings-summary/tailings-database?page=5,,tailings_source_df,POINT (733347.421037 484730.514728),,114
TAIL-555cfd36-2019-1,2019,NT-TAIL-555cfd36,Snap Lake North Pile,Snap Lake,Anglo American,De Beers,De Beers,-110.8666667,63.6052778,Inactive,2008.0,Hybrid PK Wasterock,22.0,3940000,3940000,Minor,Anglo American Technical Standard (AA TS 602 001); CDA; MAC,https://www.angloamerican.com/sustainability/tailings-summary/tailings-database?page=5,,tailings_source_df,POINT (-755423.375899 1688917.42798),,115
TAIL-b678baeb-2019-1,2019,ON-TAIL-b678baeb,David Bell / Williams Basin,Hemlo,Barrick Gold Inc. (Ontario),Barrick Gold Corporation,Barrick Gold Corporation,-85.878245,48.668708,Active,1985.0,"Upstream, Downstream",41.0,68000000,68000000,Very High,Canadian Dam Association (CDA),https://barrick.q4cdn.com/788666289/files/doc_downloads/2019/06/Letter-to-the-CoE-plus-inventory.pdf,,tailings_source_df,POINT (670438.460108 11290.701851),ON-MAIN-6e9be24e,28
TAIL-8b79aaa9-2019-1,2019,ON-TAIL-8b79aaa9,North Tailings Basin,Bicroft,Barrick Gold Corporation,Barrick Gold Corporation,Barrick Gold Corporation,-78.044357,44.995564,Closed,1956.0,Upstream,9.0,1500000,1500000,High,Canadian Dam Association (CDA),https://barrick.q4cdn.com/788666289/files/doc_downloads/2019/06/Letter-to-the-CoE-plus-inventory.pdf,,tailings_source_df,POINT (1344289.699922 -268673.28413),,116
TAIL-79a5c6d8-2019-1,2019,ON-TAIL-79a5c6d8,South Tailings Basin,Bicroft,Barrick Gold Corporation,Barrick Gold Corporation,Barrick Gold Corporation,-78.038638,44.987684,Closed,1956.0,Upstream,8.0,200000,200000,Significant,Canadian Dam Association (CDA),https://barrick.q4cdn.com/788666289/files/doc_downloads/2019/06/Letter-to-the-CoE-plus-inventory.pdf,,tailings_source_df,POINT (1344967.117296 -269411.92542),,116
TAIL-e6a02cd4-2019-1,2019,QC-TAIL-e6a02cd4,Bousquet LTA,Bousquet ,Barrick Gold Corporation,Barrick Gold Corporation,Barrick Gold Corporation,-78.000949,48.106408,Closed,1938.0,Upstream,15.0,14000000,14000000,Significant,Canadian Dam Association (CDA),https://barrick.q4cdn.com/788666289/files/doc_downloads/2019/06/Letter-to-the-CoE-plus-inventory.pdf,,tailings_source_df,POINT (1255384.740947 69215.915308),,12
TAIL-57428d40-2019-1,2019,QC-TAIL-57428d40,Tailings Stack,Cadillac Molybdenite,Barrick Gold Corporation,Barrick Gold Corporation,Barrick Gold Corporation,-78.382253,48.315221,Closed,1965.0,Upstream,20.0,1300000,1300000,Significant,Canadian Dam Association (CDA),https://barrick.q4cdn.com/788666289/files/doc_downloads/2019/06/Letter-to-the-CoE-plus-inventory.pdf,,tailings_source_df,POINT (1221860.408645 84273.808414),,15
TAIL-e26fa98b-2019-1,2019,NU-TAIL-e26fa98b,Tailings Pond 1,Cullaton Lake,Barrick Gold Corporation,Barrick Gold Corporation,Barrick Gold Corporation,-98.492138,61.265859,Closed,1981.0,Downstream,5.0,300000,300000,Low,Canadian Dam Association (CDA),https://barrick.q4cdn.com/788666289/files/doc_downloads/2019/06/Letter-to-the-CoE-plus-inventory.pdf,,tailings_source_df,POINT (-181794.21738 1346285.473426),,117
TAIL-70f26e1b-2019-1,2019,NU-TAIL-70f26e1b,Tailings Pond 2,Cullaton Lake,Barrick Gold Corporation,Barrick Gold Corporation,Barrick Gold Corporation,-98.4799,61.264636,Closed,1981.0,Downstream,0.0,0,0,Not rated,,https://barrick.q4cdn.com/788666289/files/doc_downloads/2019/06/Letter-to-the-CoE-plus-inventory.pdf,,tailings_source_df,POINT (-181165.000962 1346118.460364),,117
TAIL-7b57eb50-2019-1,2019,BC-TAIL-7b57eb50,Albino Lake TSF,Eskay,Barrick Gold Corporation,Barrick Gold Corporation,Barrick Gold Corporation,-130.496457,56.650496,Closed,1997.0,Lake,,200000,200000,Not rated,,https://barrick.q4cdn.com/788666289/files/doc_downloads/2019/06/Letter-to-the-CoE-plus-inventory.pdf,,tailings_source_df,POINT (-2019393.813231 1419311.64248),BC-MAIN-b1fe389a,96
TAIL-c4c79202-2019-1,2019,BC-TAIL-c4c79202,Tom McKay TSF,Eskay,Barrick Gold Corporation,Barrick Gold Corporation,Barrick Gold Corporation,-130.520252,56.619746,Closed,2001.0,Lake,,500000,500000,Not rated,,https://barrick.q4cdn.com/788666289/files/doc_downloads/2019/06/Letter-to-the-CoE-plus-inventory.pdf,,tailings_source_df,POINT (-2022377.184819 1417228.95484),BC-MAIN-b1fe389a,96
TAIL-cffbcaae-2019-1,2019,BC-TAIL-cffbcaae,Upper TSF,Giant Nickel,Barrick Gold Corporation,Barrick Gold Corporation,Barrick Gold Corporation,-121.461631,49.482295,Closed,1958.0,Upstream,17.0,1800000,1800000,Not rated,,https://barrick.q4cdn.com/788666289/files/doc_downloads/2019/06/Letter-to-the-CoE-plus-inventory.pdf,,tailings_source_df,POINT (-1859217.11725 446003.450709),,118
TAIL-f06508bf-2019-1,2019,BC-TAIL-f06508bf,Lower TSF,Giant Nickel,Barrick Gold Corporation,Barrick Gold Corporation,Barrick Gold Corporation,-121.457824,49.48343,Closed,1971.0,Downstream,22.0,1800000,1800000,Very High,Canadian Dam Association (CDA),https://barrick.q4cdn.com/788666289/files/doc_downloads/2019/06/Letter-to-the-CoE-plus-inventory.pdf,,tailings_source_df,POINT (-1858914.330026 446007.435637),,118
TAIL-d6eff356-2019-1,2019,ON-TAIL-d6eff356,Golden Patricia TSF,Golden Patricia,Barrick Gold Corporation,Barrick Gold Corporation,Barrick Gold Corporation,-91.131883,51.369843,Closed,1988.0,"Upstream, Centreline",5.0,800000,800000,Low,Canadian Dam Association (CDA),https://barrick.q4cdn.com/788666289/files/doc_downloads/2019/06/Letter-to-the-CoE-plus-inventory.pdf,,tailings_source_df,POINT (266911.783973 270571.051306),,119
TAIL-4de5b9a1-2019-1,2019,BC-TAIL-4de5b9a1,Nickel Plate TSF,Nickel Plate,Barrick Gold Corporation,Barrick Gold Corporation,Barrick Gold Corporation,-120.024094,49.35533,Closed,1987.0,"Upstream, Centreline",49.0,7600000,8200000,Very High,Canadian Dam Association (CDA),https://barrick.q4cdn.com/788666289/files/doc_downloads/2019/06/Letter-to-the-CoE-plus-inventory.pdf,,tailings_source_df,POINT (-1769047.741502 392041.205239),,120
TAIL-61076560-2019-1,2019,QC-TAIL-61076560,Parc A Residus,Powell Rouyn,Barrick Gold Corporation,Barrick Gold Corporation,Barrick Gold Corporation,-79.050362,48.258235,Closed,1937.0,Upstream,6.0,300000,300000,Significant,Canadian Dam Association (CDA),https://barrick.q4cdn.com/788666289/files/doc_downloads/2019/06/Letter-to-the-CoE-plus-inventory.pdf,,tailings_source_df,POINT (1175369.139996 65536.136229),,75
TAIL-d1766008-2019-1,2019,ON-TAIL-d1766008,Renabie TSFs,Renabie,Barrick Gold Corporation,Barrick Gold Corporation,Barrick Gold Corporation,-83.863747,48.372015,Closed,1947.0,Upstream,13.0,3900000,3900000,Low,Canadian Dam Association (CDA),https://barrick.q4cdn.com/788666289/files/doc_downloads/2019/06/Letter-to-the-CoE-plus-inventory.pdf,,tailings_source_df,POINT (822882.227025 2299.97686),,No cluster
TAIL-fea82e8f-2019-1,2019,ON-TAIL-fea82e8f,Uchi TSFs,Uchi,Barrick Gold Corporation,Barrick Gold Corporation,Barrick Gold Corporation,-92.5936,51.0709,Closed,1938.0,Landform,,500000,500000,Low,Canadian Dam Association (CDA),https://barrick.q4cdn.com/788666289/files/doc_downloads/2019/06/Letter-to-the-CoE-plus-inventory.pdf,,tailings_source_df,POINT (167359.518106 232627.123947),,121
TAIL-c7b572ed-2019-1,2019,NT-TAIL-c7b572ed,PKC TSF,Diavik,Joint Venture,"Rio Tinto (60%), Dominion Diamond Mines (40%)",Rio Tinto,-110.31224,64.4914,Active,2002.0,Modified Centreline,48.0,34025000,44300000,High,Canadian Dam Association (CDA) 2013,https://www.riotinto.com/sustainability/environment/tailings,,tailings_source_df,POINT (-706715.679026 1775450.923766),NT-MAIN-0ec39ce0,66
TAIL-f3596a83-2019-1,2019,SK-TAIL-f3596a83,Star FMA,FalCon Project,Rio Tinto,"Rio Tinto, Star Diamond Corporation",Rio Tinto,-104.77753,53.22399,Active,2004.0,Centreline,2.0,1968,25000,Low,Canadian Dam Association (CDA) 2013,https://www.riotinto.com/sustainability/environment/tailings,,tailings_source_df,POINT (-641210.735677 515790.087152),,122
TAIL-c872f223-2019-1,2019,NL-TAIL-c872f223,Wabush Lake Disposal,IOC Labrador City,Iron Ore Company of Canada,"Rio Tinto (58.7%), Mitsubishi (26.2%), Labrador Iron Ore Royalty Income Corporation (15.1%)",Iron Ore Company of Canada,-66.87,53.0,Active,1964.0,Lake,0.0,130000000,226000000,Low,Canadian Dam Association (CDA) 2013,https://www.riotinto.com/sustainability/environment/tailings,,tailings_source_df,POINT (1802786.283096 847099.38251),,3
TAIL-a130f70a-2019-1,2019,QC-TAIL-a130f70a,Sept-iles Tailings,IOC Sept Iles,Iron Ore Company of Canada,"Rio Tinto (58.7%), Mitsubishi (26.2%), Labrador Iron Ore Royalty Income Corporation (15.1%)",Iron Ore Company of Canada,-66.32314,50.21811,Inactive,1972.0,Single embankment,5.0,1000000,1000000,Very Low,Canadian Dam Association (CDA) 2013,https://www.riotinto.com/sustainability/environment/tailings,,tailings_source_df,POINT (1969072.36861 586721.806779),,123
TAIL-1a45d60b-2019-1,2019,QC-TAIL-1a45d60b,P84,Sorel-Tracy,Rio Tinto,,Rio Tinto,-73.168,45.973,Active,1994.0,Dry stack,33.0,3285330,3950000,Significant,Canadian Dam Association (CDA) 2013,https://www.riotinto.com/sustainability/environment/tailings,,tailings_source_df,POINT (1680268.824993 -47410.054179),,80
TAIL-61fb6c9a-2019-1,2019,QC-TAIL-61fb6c9a,Laterriere TSF - Basins XC-XD,Vaudreuil,Rio Tinto,,Rio Tinto,-71.2042,48.34421,Inactive,1967.0,Downstream,30.0,10000000,10000000,High,Canadian Dam Association (CDA) 2013,https://www.riotinto.com/sustainability/environment/tailings,,tailings_source_df,POINT (1727533.660452 253947.734075),QC-MAIN-92628f16,9
TAIL-5afbac14-2019-1,2019,QC-TAIL-5afbac14,Local TSF - Jonquiere,Vaudreuil,Rio Tinto,,Rio Tinto,-71.15169,48.41559,Active,1942.0,Downstream,40.0,30000000,35000000,Very High,Canadian Dam Association (CDA) 2013,https://www.riotinto.com/sustainability/environment/tailings,,tailings_source_df,POINT (1728251.808078 262779.380466),QC-MAIN-92628f16,9
TAIL-2436e6a6-2019-1,2019,NS-TAIL-2436e6a6,East Kemptville Tailings Management Area,East Kemptville,BHP,,BHP,-65.702,44.111,Closed,1985.0,Centreline,9.0,12800000,12800000,High,Canadian Dam Association,https://www.bhp.com/-/media/documents/environment/2019/190607_coe.pdf?la=en,,tailings_source_df,POINT (2312874.385371 -6847.119844),,124
TAIL-3d06537b-2019-1,2019,ON-TAIL-3d06537b,Lacnor Tailings Management Area,Elliot Lake,BHP,,BHP,-82.585363,46.392515,Closed,1957.0,Upstream,15.0,1500000,1500000,Low,Canadian Dam Association/MNR Ontario Dam Safety Guidelines,https://www.bhp.com/-/media/documents/environment/2019/190607_coe.pdf?la=en,,tailings_source_df,POINT (959170.334861 -197551.715449),,125
TAIL-ec67d07b-2019-1,2019,ON-TAIL-ec67d07b,Milliken Tailings Management Area,Elliot Lake,BHP,,BHP,-82.646575,46.399908,Closed,1958.0,Centreline,4.0,100000,100000,High,Canadian Dam Association/MNR Ontario Dam Safety Guidelines,https://www.bhp.com/-/media/documents/environment/2019/190607_coe.pdf?la=en,,tailings_source_df,POINT (954340.447459 -197657.391774),,125
TAIL-a1e34ebd-2019-1,2019,ON-TAIL-a1e34ebd,Nordic Tailings Management Area,Elliot Lake,BHP,,BHP,-82.607482,46.38231,Closed,1957.0,Upstream,12.0,6900000,6900000,Significant,Canadian Dam Association/MNR Ontario Dam Safety Guidelines,https://www.bhp.com/-/media/documents/environment/2019/190607_coe.pdf?la=en,,tailings_source_df,POINT (957705.113147 -199010.071136),,125
TAIL-7fe939a9-2019-1,2019,ON-TAIL-7fe939a9,Panel Tailings Management Area,Elliot Lake,BHP,,BHP,-82.551727,46.52408,Closed,1958.0,Centreline,23.0,8800000,8800000,High,Canadian Dam Association/MNR Ontario Dam Safety Guidelines,https://www.bhp.com/-/media/documents/environment/2019/190607_coe.pdf?la=en,,tailings_source_df,POINT (958861.683238 -182545.717196),,125
TAIL-28cb4751-2019-1,2019,ON-TAIL-28cb4751,Pronto Tailings Management Area,Elliot Lake,BHP,,BHP,-82.704707,46.206818,Closed,1955.0,Centreline,13.0,2500000,2500000,Very High,Canadian Dam Association/MNR Ontario Dam Safety Guidelines,https://www.bhp.com/-/media/documents/environment/2019/190607_coe.pdf?la=en,,tailings_source_df,POINT (954075.63875 -219829.772757),,126
TAIL-d269f54a-2019-1,2019,ON-TAIL-d269f54a,Quirke Tailings Management Area,Elliot Lake,BHP,,BHP,-82.657137,46.50859,Closed,1956.0,Centreline,26.0,32600000,32600000,Very High,Canadian Dam Association/MNR Ontario Dam Safety Guidelines,https://www.bhp.com/-/media/documents/environment/2019/190607_coe.pdf?la=en,,tailings_source_df,POINT (951180.296226 -185835.219569),,125
TAIL-f488937f-2019-1,2019,ON-TAIL-f488937f,Spanish American Tailings Management Area,Elliot Lake,BHP,,BHP,-82.601569,46.472266,Closed,1958.0,Centreline,2.0,300000,300000,Low,Canadian Dam Association/MNR Ontario Dam Safety Guidelines,https://www.bhp.com/-/media/documents/environment/2019/190607_coe.pdf?la=en,,tailings_source_df,POINT (956198.588814 -189005.271088),,125
TAIL-c64f4c25-2019-1,2019,ON-TAIL-c64f4c25,Stanleigh Tailings Management Area,Elliot Lake,BHP,,BHP,-82.59924,46.44754,Closed,1958.0,Centreline,23.0,11500000,11500000,Very High,Canadian Dam Association/MNR Ontario Dam Safety Guidelines,https://www.bhp.com/-/media/documents/environment/2019/190607_coe.pdf?la=en,,tailings_source_df,POINT (956914.055236 -191695.375257),,125
TAIL-276b9731-2019-1,2019,BC-TAIL-276b9731,Island Copper Tailings,Island Copper,BHP,,BHP,-127.467926,50.59055,Closed,1971.0,In-pit,,308000000,308000000,,,https://www.bhp.com/-/media/documents/environment/2019/190607_coe.pdf?la=en,,tailings_source_df,POINT (-2187725.829952 747195.622909),,127
TAIL-7fd557c2-2019-1,2019,QC-TAIL-7fd557c2,Poirier Tailings Disposal Area,Poirier,BHP,,BHP,-78.392419,49.445809,Closed,1965.0,Upstream,10.0,2500000,2500000,Low,Canadian Dam Association/Quebec Dam Safety Regulations,https://www.bhp.com/-/media/documents/environment/2019/190607_coe.pdf?la=en,,tailings_source_df,POINT (1188658.152687 205604.930409),,128
TAIL-6e035c3f-2019-1,2019,QC-TAIL-6e035c3f,Selbaie Tailings Facility,Selbaie,BHP,,BHP,-78.957185,49.799028,Closed,1981.0,Centreline,24.0,32500000,32500000,High,Canadian Dam Association/Quebec Dam Safety Regulations,https://www.bhp.com/-/media/documents/environment/2019/190607_coe.pdf?la=en,,tailings_source_df,POINT (1139331.693439 233178.931474),,129
TAIL-807fa93f-2019-1,2019,BC-TAIL-807fa93f,Bullmoose Tailings,Bullmoose,BHP,"TECK COMINCO (61%), BHP BILLITON (29%), and NISSHO-IWAI (CANADA) (10%)",Bullmoose Operating Corporation,-121.476274,55.136278,Inactive,1983.0,Downstream,38.0,4600000,4600000,High,Canadian Dam Association,https://www.bhp.com/-/media/documents/environment/2019/190607_coe.pdf?la=en,,tailings_source_df,POINT (-1608650.029289 1015406.04407),,130
TAIL-9b1a3b83-2019-1,2019,QC-TAIL-9b1a3b83,Tailings Storage Facility (Dam 2) (7),Louvicourt,Teck,"Teck 55%,  Glencore 45%",Teck,-77.60138889,48.1325,Closed,1993.0,Downstream,15.0,5990000,5990000,Very High,CDA 2007 (2013),https://www.glencore.com/dam/jcr:58e3d8ff-97c1-422f-8d31-dd2fee89fcc3/Glencore_TSFs_190614.pdf,,tailings_source_df,POINT (1283375.02966 79995.550631),,12
TAIL-c6c38e9d-2019-1,2019,NB-TAIL-c6c38e9d,"Mine 12 Tailings Impoundment East Dam E1, E2,E3, North Dam west dam and south dam",Brunswick Mine,Xstrata plc,,Xstrata plc,-65.86833333,47.48388889,Closed,1964.0,Upstream,35.0,71400000,71400000,Significant,CDA 2007 (2013),https://www.glencore.com/dam/jcr:58e3d8ff-97c1-422f-8d31-dd2fee89fcc3/Glencore_TSFs_190614.pdf,,tailings_source_df,POINT (2132637.245821 328000.053267),,131
TAIL-8e5e2bc0-2019-1,2019,NB-TAIL-8e5e2bc0,Mine 12 Tailings Impoundment East Dam E2,Brunswick Mine,Xstrata plc,,Xstrata plc,-65.86833333,47.48388889,Closed,1964.0,Upstream,35.0,71400000,71400000,Low,CDA 2007 (2013),https://www.glencore.com/dam/jcr:58e3d8ff-97c1-422f-8d31-dd2fee89fcc3/Glencore_TSFs_190614.pdf,,tailings_source_df,POINT (2132637.245821 328000.053267),,131
TAIL-62153b3f-2019-1,2019,QC-TAIL-62153b3f,Dam 6,Mines Gaspe,Xstrata plc,,Xstrata plc,-65.4375,48.91916667,Closed,1973.0,Downstream,15.0,150000,150000,Significant,CDA 2007 (2013),https://www.glencore.com/dam/jcr:58e3d8ff-97c1-422f-8d31-dd2fee89fcc3/Glencore_TSFs_190614.pdf,,tailings_source_df,POINT (2090129.29181 485665.063985),,132
TAIL-53570e91-2019-1,2019,QC-TAIL-53570e91,Tailings Storage Facility 1 (Tailings Dam 1),Mines Gaspe,Xstrata plc,,Xstrata plc,-65.46083333,48.92611111,Closed,1955.0,Upstream,35.0,26700000,26700000,Low,CDA 2007 (2013),https://www.glencore.com/dam/jcr:58e3d8ff-97c1-422f-8d31-dd2fee89fcc3/Glencore_TSFs_190614.pdf,,tailings_source_df,POINT (2088253.96903 485589.291816),,132
TAIL-169e21ab-2019-1,2019,QC-TAIL-169e21ab,Tailings Storage Facility 2 (Tailings Dam 2),Mines Gaspe,Xstrata plc,,Xstrata plc,-65.47138889,48.92194444,Closed,1963.0,Upstream,44.0,34900000,34900000,High,CDA 2007 (2013),https://www.glencore.com/dam/jcr:58e3d8ff-97c1-422f-8d31-dd2fee89fcc3/Glencore_TSFs_190614.pdf,,tailings_source_df,POINT (2087769.687359 484828.351311),,132
TAIL-831b34b1-2019-1,2019,QC-TAIL-831b34b1,Tailings Storage Facility 3 (Tailings Dam 3),Mines Gaspe,Xstrata plc,,Xstrata plc,-65.49888889,48.91666667,Closed,1972.0,Downstream,54.0,5080000,5080000,Low,CDA 2007 (2013),https://www.glencore.com/dam/jcr:58e3d8ff-97c1-422f-8d31-dd2fee89fcc3/Glencore_TSFs_190614.pdf,,tailings_source_df,POINT (2086229.533357 483401.008214),,132
TAIL-0682de72-2019-1,2019,ON-TAIL-0682de72,"Geco Tailings Facility (CN1, CN2 , CP, CP3, E1-E3)",Geco,Xstrata plc,,Xstrata plc,-85.78111111,49.16222222,Closed,1955.0,Upstream,35.0,40000000,40000000,High,CDA 2007 (2013),https://www.glencore.com/dam/jcr:58e3d8ff-97c1-422f-8d31-dd2fee89fcc3/Glencore_TSFs_190614.pdf,,tailings_source_df,POINT (669598.542028 66645.251799),,133
TAIL-2cf0efd7-2019-1,2019,NB-TAIL-2cf0efd7,Tailings Management Area ,Heath Steele,Subsidiary,,,-66.075,47.2725,Closed,1990.0,Downstream,21.0,15700000,15700000,Very High,CDA 2007 (2013),https://www.glencore.com/dam/jcr:58e3d8ff-97c1-422f-8d31-dd2fee89fcc3/Glencore_TSFs_190614.pdf,,tailings_source_df,POINT (2128960.649499 299840.878272),,134
TAIL-4ffa481c-2019-1,2019,ON-TAIL-4ffa481c,Mattabi TSF ,Mattabi,Subsidiary,,,-90.95027778,49.86833333,Closed,1971.0,Upstream,10.0,10000000,10000000,High,CDA 2007 (2013),https://www.glencore.com/dam/jcr:58e3d8ff-97c1-422f-8d31-dd2fee89fcc3/Glencore_TSFs_190614.pdf,,tailings_source_df,POINT (289990.810266 105649.646968),,135
TAIL-016edf6c-2019-1,2019,ON-TAIL-016edf6c,Tailings Storage Facility (Dam D/G),Willroy,Subsidiary,,,-85.82972222,49.16555556,Closed,1950.0,Upstream,21.0,5300000,5300000,High,CDA 2007 (2013),https://www.glencore.com/dam/jcr:58e3d8ff-97c1-422f-8d31-dd2fee89fcc3/Glencore_TSFs_190614.pdf,,tailings_source_df,POINT (666039.090717 66501.482224),,133
TAIL-0ccc8207-2019-1,2019,BC-TAIL-0ccc8207,Tailings Storage Facility (Main Dam),Brenda,Glencore Xstrata,"Glencore, Xstrata",Glencore Xstrata,-119.9513889,49.85972222,Closed,1969.0,Centreline,140.0,133000000,133000000,Extreme,CDA 2007 (2013),https://www.glencore.com/dam/jcr:58e3d8ff-97c1-422f-8d31-dd2fee89fcc3/Glencore_TSFs_190614.pdf,,tailings_source_df,POINT (-1742777.719915 441740.227888),,136
TAIL-d591f938-2019-1,2019,BC-TAIL-d591f938,Tailings Storage Facility Saddle Dam,Brenda,Glencore Xstrata,"Glencore, Xstrata",Glencore Xstrata,-119.9519417,49.86160833,Closed,1979.0,Downstream,38.0,133000000,133000000,Extreme,CDA 2007 (2013),https://www.glencore.com/dam/jcr:58e3d8ff-97c1-422f-8d31-dd2fee89fcc3/Glencore_TSFs_190614.pdf,,tailings_source_df,POINT (-1742734.388715 441948.594458),,136
TAIL-730bdb2f-2019-1,2019,BC-TAIL-730bdb2f,Boss Tailings Storage Facility (Main Dam),Boss Mountain,Glencore Plc,,Glencore Plc,-120.8694444,52.09305556,Closed,1977.0,Downstream,15.0,5000000,5000000,High,CDA 2007 (2013),https://www.glencore.com/dam/jcr:58e3d8ff-97c1-422f-8d31-dd2fee89fcc3/Glencore_TSFs_190614.pdf,,tailings_source_df,POINT (-1705809.444581 693889.253241),,137
TAIL-ba9838e8-2019-1,2019,BC-TAIL-ba9838e8,Boss Tailings Storage Facility North Tailings Berm,Boss Mountain,Glencore Plc,,Glencore Plc,-120.8694444,52.09305556,Closed,1977.0,Downstream,5.0,5000000,5000000,Low,CDA 2007 (2013),https://www.glencore.com/dam/jcr:58e3d8ff-97c1-422f-8d31-dd2fee89fcc3/Glencore_TSFs_190614.pdf,,tailings_source_df,POINT (-1705809.444581 693889.253241),,137
TAIL-3151f401-2019-1,2019,BC-TAIL-3151f401,Main Tailings Impoundment Dam 1-6,Bell,Glencore Canada Corporation,,Glencore Canada Corporation,-126.2323306,55.00309444,Closed,1970.0,Downstream,52.0,48000000,48000000,Low,CDA 2007 (2013),https://www.glencore.com/dam/jcr:58e3d8ff-97c1-422f-8d31-dd2fee89fcc3/Glencore_TSFs_190614.pdf,,tailings_source_df,POINT (-1882843.003914 1132920.885478),,138
TAIL-d99b358a-2019-1,2019,BC-TAIL-d99b358a,"Tailings Expansion (Dam 7,8)",Bell,Glencore Canada Corporation,,Glencore Canada Corporation,-126.2323306,55.00309444,Closed,1980.0,Downstream,55.0,1000000,1000000,Low,CDA 2007 (2013),https://www.glencore.com/dam/jcr:58e3d8ff-97c1-422f-8d31-dd2fee89fcc3/Glencore_TSFs_190614.pdf,,tailings_source_df,POINT (-1882843.003914 1132920.885478),,138
TAIL-6ceb6d3d-2019-1,2019,BC-TAIL-6ceb6d3d,No. 1 Tailings Impoundment (Dam 1),Granisle,Glencore Canada Corporation,,Glencore Canada Corporation,-126.1725,54.93888889,Closed,1966.0,Downstream,12.0,4000000,4000000,Low,CDA 2007 (2013),https://www.glencore.com/dam/jcr:58e3d8ff-97c1-422f-8d31-dd2fee89fcc3/Glencore_TSFs_190614.pdf,,tailings_source_df,POINT (-1882830.856394 1124964.051864),,138
TAIL-2a82318a-2019-1,2019,BC-TAIL-2a82318a,No. 2 Tailings Impoundment Dam 3-5,Granisle,Glencore Canada Corporation,,Glencore Canada Corporation,-126.1725,54.93888889,Closed,1968.0,Downstream,60.0,30000000,30000000,Low,CDA 2007 (2013),https://www.glencore.com/dam/jcr:58e3d8ff-97c1-422f-8d31-dd2fee89fcc3/Glencore_TSFs_190614.pdf,,tailings_source_df,POINT (-1882830.856394 1124964.051864),,138
TAIL-28d08f3e-2019-1,2019,QC-TAIL-28d08f3e,Noranda 4 (Principal Dyke),Fonderie Horne,Glencore Canada Corporation,,Glencore Canada Corporation,-79.07333333,48.23,Inactive,1947.0,Downstream,9.1,1880000,1880000,High,CDA 2007 (2013),https://www.glencore.com/dam/jcr:58e3d8ff-97c1-422f-8d31-dd2fee89fcc3/Glencore_TSFs_190614.pdf,,tailings_source_df,POINT (1174492.160024 62061.149751),QC-MAIN-30c1828c,75
TAIL-d3b8bfd3-2019-1,2019,QC-TAIL-d3b8bfd3,"Noranda 5 Polishing Pond (South, North-East  and West Dyke)",Fonderie Horne,Glencore Canada Corporation,,Glencore Canada Corporation,-79.08833333,48.22638889,Active,2012.0,Downstream,9.5,2900000,2900000,Very High,CDA 2007 (2013),https://www.glencore.com/dam/jcr:58e3d8ff-97c1-422f-8d31-dd2fee89fcc3/Glencore_TSFs_190614.pdf,,tailings_source_df,POINT (1173508.894236 61394.072032),QC-MAIN-30c1828c,75
TAIL-f441ecf0-2019-1,2019,QC-TAIL-f441ecf0,"Noranda 5 (Dyke N5-1,2,3)",Fonderie Horne,Glencore Canada Corporation,,Glencore Canada Corporation,-79.09444444,48.22111111,Active,2015.0,Upstream,8.0,5000000,7500000,Very High,CDA 2007 (2013),https://www.glencore.com/dam/jcr:58e3d8ff-97c1-422f-8d31-dd2fee89fcc3/Glencore_TSFs_190614.pdf,,tailings_source_df,POINT (1173213.301578 60710.986253),QC-MAIN-30c1828c,75
TAIL-49281112-2019-1,2019,QC-TAIL-49281112,Waite Amulet TSF (Acid rock drainage water pond) (Principal Dike),Fonderie Horne,Glencore Canada Corporation,,Glencore Canada Corporation,-79.07521111,48.33078889,Closed,1973.0,Centreline,3.0,650000,650000,,CDA 2007 (2013),https://www.glencore.com/dam/jcr:58e3d8ff-97c1-422f-8d31-dd2fee89fcc3/Glencore_TSFs_190614.pdf,,tailings_source_df,POINT (1171571.975278 72915.309356),QC-MAIN-30c1828c,75
TAIL-cbf72b8b-2019-1,2019,QC-TAIL-cbf72b8b,Quémont-2 TSF (A-G),Fonderie Horne,Glencore Canada Corporation,,Glencore Canada Corporation,-78.97833333,48.26805556,Inactive,1989.0,Downstream,14.0,8200000,8200000,Very High,CDA 2007 (2013),https://www.glencore.com/dam/jcr:58e3d8ff-97c1-422f-8d31-dd2fee89fcc3/Glencore_TSFs_190614.pdf,,tailings_source_df,POINT (1180291.679754 67930.7164),QC-MAIN-30c1828c,75
TAIL-247bbb8f-2019-1,2019,ON-TAIL-247bbb8f,Neutralizing Reservoir Dam,Onaping Area Mines,Glencore Canada Corporation,,Glencore Canada Corporation,-81.33527778,46.64277778,Active,1968.0,Centreline,15.0,9000000,10000000,Very High,CDA 2007 (2013),https://www.glencore.com/dam/jcr:58e3d8ff-97c1-422f-8d31-dd2fee89fcc3/Glencore_TSFs_190614.pdf,,tailings_source_df,POINT (1048340.356233 -150303.130538),,24
TAIL-9e205ce7-2019-1,2019,ON-TAIL-9e205ce7,Polishing Reservoir Dam,Onaping Area Mines,Glencore Canada Corporation,,Glencore Canada Corporation,-81.349975,46.64514444,Inactive,,Centreline,8.0,0,0,Very High,CDA 2007 (2013),https://www.glencore.com/dam/jcr:58e3d8ff-97c1-422f-8d31-dd2fee89fcc3/Glencore_TSFs_190614.pdf,,tailings_source_df,POINT (1047173.600587 -150285.666969),,24
TAIL-0a70bfd6-2019-1,2019,ON-TAIL-0a70bfd6,Strathcona Tailings Area Dam 3A & 3B,Onaping Area Mines,Glencore Canada Corporation,,Glencore Canada Corporation,-81.31111111,46.65916667,Active,2001.0,Centreline,13.0,4000000,4000000,Very High,CDA 2007 (2013),https://www.glencore.com/dam/jcr:58e3d8ff-97c1-422f-8d31-dd2fee89fcc3/Glencore_TSFs_190614.pdf,,tailings_source_df,POINT (1049772.837341 -148107.262589),,24
TAIL-b4e1cde4-2019-1,2019,ON-TAIL-b4e1cde4,Smelter Complex (Dam 1),Smelter Complex,Sudbury Integrated Nickel Operations,Glencore,Sudbury Integrated Nickel Operations,-80.7825,46.59222222,Inactive,,Centreline,13.0,Unknown,Unknown,High,CDA 2007 (2013),https://www.glencore.com/dam/jcr:58e3d8ff-97c1-422f-8d31-dd2fee89fcc3/Glencore_TSFs_190614.pdf,,tailings_source_df,POINT (1091312.321589 -146545.531177),,22
TAIL-835ba312-2019-1,2019,ON-TAIL-835ba312,Smelter Complex Dam 12,Smelter Complex,Sudbury Integrated Nickel Operations,Glencore,Sudbury Integrated Nickel Operations,-80.78607222,46.597875,Inactive,,Centreline,17.0,Unknown,Unknown,High,CDA 2007 (2013),https://www.glencore.com/dam/jcr:58e3d8ff-97c1-422f-8d31-dd2fee89fcc3/Glencore_TSFs_190614.pdf,,tailings_source_df,POINT (1090902.052117 -145987.920539),,22
TAIL-e46d48a2-2019-1,2019,ON-TAIL-e46d48a2,Smelter Complex East Mine Tailings,Smelter Complex,Sudbury Integrated Nickel Operations,Glencore,Sudbury Integrated Nickel Operations,-80.7858,46.57901944,Inactive,1946.0,Upstream,15.0,9000000,9000000,High,CDA 2007 (2013),https://www.glencore.com/dam/jcr:58e3d8ff-97c1-422f-8d31-dd2fee89fcc3/Glencore_TSFs_190614.pdf,,tailings_source_df,POINT (1091391.77943 -148047.702583),,22
TAIL-ff93b771-2019-1,2019,ON-TAIL-ff93b771,Nickel Rim South NR-2,Nickel Rim Mine,Sudbury Integrated Nickel Operations,Glencore,Sudbury Integrated Nickel Operations,-80.80472222,46.67027778,Inactive,,Downstream,2.5,Unknown,Unknown,Significant,CDA 2007 (2013),https://www.glencore.com/dam/jcr:58e3d8ff-97c1-422f-8d31-dd2fee89fcc3/Glencore_TSFs_190614.pdf,,tailings_source_df,POINT (1087695.650395 -138381.363473),ON-MAIN-fcb287a4,22
TAIL-a37f6a61-2019-1,2019,ON-TAIL-a37f6a61,Nickel Rim South (Moose Lake Dam),Nickel Rim Mine,Sudbury Integrated Nickel Operations,Glencore,Sudbury Integrated Nickel Operations,-80.7975,46.66083333,Inactive,2003.0,Downstream,5.0,0,0,Significant,CDA 2007 (2013),https://www.glencore.com/dam/jcr:58e3d8ff-97c1-422f-8d31-dd2fee89fcc3/Glencore_TSFs_190614.pdf,,tailings_source_df,POINT (1088474.558681 -139291.585738),ON-MAIN-fcb287a4,22
TAIL-fab4954a-2019-1,2019,QC-TAIL-fab4954a,Raglan (Tailings Dry Stack),Raglan Mine,Raglan Mine,Glencore,Raglan Mine,-73.67841389,61.687425,Active,1998.0,Dry stack,35.0,11000000,14000000,Significant,CDA 2007 (2013),https://www.glencore.com/dam/jcr:58e3d8ff-97c1-422f-8d31-dd2fee89fcc3/Glencore_TSFs_190614.pdf,,tailings_source_df,POINT (1074839.354903 1568744.865973),QC-MAIN-a97821c0,10
TAIL-654f4f06-2019-1,2019,ON-TAIL-654f4f06,Hardy Mine (Tailings Dam),Hardy Mine,Subsidiary,,Glencore,-81.40777778,46.63694444,Closed,,Downstream,15.0,Unknown,Unknown,High,CDA 2007 (2013),https://www.glencore.com/dam/jcr:58e3d8ff-97c1-422f-8d31-dd2fee89fcc3/Glencore_TSFs_190614.pdf,,tailings_source_df,POINT (1043002.27063 -152134.86422),,24
TAIL-b60ebaec-2019-1,2019,QC-TAIL-b60ebaec,Ferrite (West),CEZinc Processing Plant,Noranda Income Fund,"Noranda Income Fund, Glencore Canada and CEZinc",Canada Electrolytic Zinc Limited (CEZinc),-74.07583333,45.23111111,Active,1997.0,Dry stack,3.0,3000000,4000000,Low,CDA 2007 (2013),https://www.glencore.com/dam/jcr:58e3d8ff-97c1-422f-8d31-dd2fee89fcc3/Glencore_TSFs_190614.pdf,,tailings_source_df,POINT (1640022.141004 -150083.88195),,74
TAIL-8b32787f-2019-1,2019,QC-TAIL-8b32787f,Ferrite North,CEZinc Processing Plant,Noranda Income Fund,"Noranda Income Fund, Glencore Canada and CEZinc",Canada Electrolytic Zinc Limited (CEZinc),-74.12361111,45.23138889,Active,1982.0,Downstream,6.0,,,High,CDA 2007 (2013),https://www.glencore.com/dam/jcr:58e3d8ff-97c1-422f-8d31-dd2fee89fcc3/Glencore_TSFs_190614.pdf,,tailings_source_df,POINT (1636402.843337 -151284.729344),,74
TAIL-ca08d778-2019-1,2019,QC-TAIL-ca08d778,Ferrite South,CEZinc Processing Plant,Noranda Income Fund,"Noranda Income Fund, Glencore Canada and CEZinc",Canada Electrolytic Zinc Limited (CEZinc),-74.1275,45.23472222,Active,1990.0,Downstream,6.0,1200000,1200000,Very High,CDA 2007 (2013),https://www.glencore.com/dam/jcr:58e3d8ff-97c1-422f-8d31-dd2fee89fcc3/Glencore_TSFs_190614.pdf,,tailings_source_df,POINT (1635987.690571 -151028.362856),,74
TAIL-0fe972f1-2019-1,2019,QC-TAIL-0fe972f1,Jarofix (North Dyke),CEZinc Processing Plant,Noranda Income Fund,"Noranda Income Fund, Glencore Canada and CEZinc",Canada Electrolytic Zinc Limited (CEZinc),-74.11972222,45.23083333,Closed,1977.0,Downstream,5.5,Unknown,Unknown,High,CDA 2007 (2013),https://www.glencore.com/dam/jcr:58e3d8ff-97c1-422f-8d31-dd2fee89fcc3/Glencore_TSFs_190614.pdf,,tailings_source_df,POINT (1636716.878378 -151244.070246),,74
TAIL-28301156-2019-1,2019,QC-TAIL-28301156,Jarosite Triangular North-West,CEZinc Processing Plant,Noranda Income Fund,"Noranda Income Fund, Glencore Canada and CEZinc",Canada Electrolytic Zinc Limited (CEZinc),-74.10888889,45.22861111,Active,1973.0,Downstream,3.5,1500000,1600000,High,CDA 2007 (2013),https://www.glencore.com/dam/jcr:58e3d8ff-97c1-422f-8d31-dd2fee89fcc3/Glencore_TSFs_190614.pdf,,tailings_source_df,POINT (1637616.274678 -151202.82155),,74
TAIL-ed4689f3-2019-1,2019,QC-TAIL-ed4689f3,Jarosite North,CEZinc Processing Plant,Noranda Income Fund,"Noranda Income Fund, Glencore Canada and CEZinc",Canada Electrolytic Zinc Limited (CEZinc),-74.10888889,45.23083333,Active,1970.0,Downstream,3.5,500000,500000,Significant,CDA 2007 (2013),https://www.glencore.com/dam/jcr:58e3d8ff-97c1-422f-8d31-dd2fee89fcc3/Glencore_TSFs_190614.pdf,,tailings_source_df,POINT (1637535.308548 -150965.236669),,74
TAIL-d5555f0e-2019-1,2019,QC-TAIL-d5555f0e,Jarosite North-East,CEZinc Processing Plant,Noranda Income Fund,"Noranda Income Fund, Glencore Canada and CEZinc",Canada Electrolytic Zinc Limited (CEZinc),-74.10416667,45.22805556,Active,1973.0,Downstream,3.0,Unknown,Unknown,Very High,CDA 2007 (2013),https://www.glencore.com/dam/jcr:58e3d8ff-97c1-422f-8d31-dd2fee89fcc3/Glencore_TSFs_190614.pdf,,tailings_source_df,POINT (1637993.274894 -151140.623651),,74
TAIL-315e56b9-2019-1,2019,QC-TAIL-315e56b9,UNA (North-West),CEZinc Processing Plant,Noranda Income Fund,"Noranda Income Fund, Glencore Canada and CEZinc",Canada Electrolytic Zinc Limited (CEZinc),-74.10416667,45.23527778,Active,1966.0,Downstream,11.0,4000000,4300000,High,CDA 2007 (2013),https://www.glencore.com/dam/jcr:58e3d8ff-97c1-422f-8d31-dd2fee89fcc3/Glencore_TSFs_190614.pdf,,tailings_source_df,POINT (1637730.079786 -150368.498604),,74
TAIL-2d3dd4cf-2019-1,2019,QC-TAIL-2d3dd4cf,UNA South,CEZinc Processing Plant,Noranda Income Fund,"Noranda Income Fund, Glencore Canada and CEZinc",Canada Electrolytic Zinc Limited (CEZinc),-74.10472222,45.23361111,Active,1966.0,Upstream,11.5,4000000,4300000,High,CDA 2007 (2013),https://www.glencore.com/dam/jcr:58e3d8ff-97c1-422f-8d31-dd2fee89fcc3/Glencore_TSFs_190614.pdf,,tailings_source_df,POINT (1637748.850933 -150560.984114),,74
TAIL-b8b72f09-2019-1,2019,ON-TAIL-b8b72f09,"Tailings Management Area (TMA), Perimeter Dyke, Corckys Pond, Pond A-C",Kidd Metallurgical Site,Kidd Operations,Glencore,Kidd Operations,-81.09666667,48.59305556,Active,1969.0,Centreline,10.0,80000000,88000000,High,CDA 2007 (2013),https://www.glencore.com/dam/jcr:58e3d8ff-97c1-422f-8d31-dd2fee89fcc3/Glencore_TSFs_190614.pdf,,tailings_source_df,POINT (1019071.111149 66531.739844),,23
TAIL-e6a41bff-2019-1,2019,ON-TAIL-e6a41bff,"TMA Pond D, West Dam",Kidd Metallurgical Site,Kidd Operations,Glencore,Kidd Operations,-81.11527778,48.5575,Active,1969.0,Centreline,6.5,,,High,CDA 2007 (2013),https://www.glencore.com/dam/jcr:58e3d8ff-97c1-422f-8d31-dd2fee89fcc3/Glencore_TSFs_190614.pdf,,tailings_source_df,POINT (1018586.406413 62367.318014),,23
TAIL-9fc8abf9-2019-1,2019,ON-TAIL-9fc8abf9,"TMA Pond E, North Dam",Kidd Metallurgical Site,Kidd Operations,Glencore,Kidd Operations,-81.11888889,48.56166667,Active,2001.0,Centreline,7.0,,,Significant,CDA 2007 (2013),https://www.glencore.com/dam/jcr:58e3d8ff-97c1-422f-8d31-dd2fee89fcc3/Glencore_TSFs_190614.pdf,,tailings_source_df,POINT (1018225.224445 62762.628534),,23
TAIL-b75d7f60-2019-1,2019,QC-TAIL-b75d7f60," Central Pond, (Lalanne Dyke and Central Dyke)",Matagami Mine,Glencore Canada Corporation,Glencore,Glencore Canada Corporation,-77.767269,49.743986,Closed,2002.0,Centreline,8.9,8070000,8070000,High,CDA 2007 (2013),https://www.glencore.com/dam/jcr:58e3d8ff-97c1-422f-8d31-dd2fee89fcc3/Glencore_TSFs_190614.pdf,,tailings_source_df,POINT (1223467.220442 249383.902101),,107
TAIL-789c055f-2019-1,2019,QC-TAIL-789c055f,"South Pond, (South Dyke)",Matagami Mine,Glencore Canada Corporation,Glencore,Glencore Canada Corporation,-77.7675,49.71944444,Active,1969.0,,3.0,3080000,7950000,Significant,CDA 2007 (2013),https://www.glencore.com/dam/jcr:58e3d8ff-97c1-422f-8d31-dd2fee89fcc3/Glencore_TSFs_190614.pdf,,tailings_source_df,POINT (1224179.704763 246756.70494),,107
TAIL-7cd6506b-2019-1,2019,QC-TAIL-7cd6506b,West Ponds,Matagami Mine,Glencore Canada Corporation,Glencore,Glencore Canada Corporation,-77.79611111,49.74305556,Closed,1977.0,Centreline,5.5,1890000,1890000,Significant,CDA 2007 (2013),https://www.glencore.com/dam/jcr:58e3d8ff-97c1-422f-8d31-dd2fee89fcc3/Glencore_TSFs_190614.pdf,,tailings_source_df,POINT (1221497.321486 248730.131273),,107
TAIL-d3eec27e-2019-1,2019,BC-TAIL-d3eec27e,Mount Milligan TSF,Mount Milligan,Thompson Creek Metals Company Inc,Centerra Gold,Thompson Creek Metals Company Inc,-124.02302,55.125756,Active,2013.0,Centreline,100.0,86000000,111100000,Very High,Canadian Dam Association (CDA) 2013,https://cg-raw.s3.amazonaws.com/cg/reports/CenterraGold_TSFDisclosure_June2019_Final.pdf,,tailings_source_df,POINT (-1753521.839711 1081683.130925),BC-MAIN-ed23117f,55
TAIL-7de866df-2019-1,2019,BC-TAIL-7de866df,Kemess South TSF,Kemess South,AuRico Metals Inc,Centerra Gold,AuRico Metals Inc,-126.66972,57.0216667,Inactive,1998.0,Modified Centreline,180.0,141000000,141000000,Very High,Canadian Dam Association (CDA) 2013,https://cg-raw.s3.amazonaws.com/cg/reports/CenterraGold_TSFDisclosure_June2019_Final.pdf,,tailings_source_df,POINT (-1801952.342492 1339224.386222),BC-MAIN-e34feb4d,91
TAIL-407312ae-2019-1,2019,BC-TAIL-407312ae,"Endako
Tailings Ponds #1 & #3",Endako,Thompson Creek Metals Company Inc.,"Joint Venture: Centerra(75%,), Sojitz (25%)",Thompson Creek Metals Company Inc.,-125.09353,54.0507861,Inactive Care and Maintenance,1965.0,Upstream,96.0,216000000,216000000,"High, Significant",Canadian Dam Association (CDA) 2013,https://cg-raw.s3.amazonaws.com/cg/reports/CenterraGold_TSFDisclosure_June2019_Final.pdf,,tailings_source_df,POINT (-1866946.879071 1007089.663486),,139
TAIL-3233ee62-2019-1,2019,BC-TAIL-3233ee62,"Endako
Tailings Pond #2",Endako,Thompson Creek Metals Company Inc.,"Joint Venture: Centerra
(75%, Operator), Sojitz (25%)",Thompson Creek Metals Company Inc.,-125.09353,54.0507861,Inactive Care and Maintenance,1967.0,Upstream,147.0,107000000,107000000,High,Canadian Dam Association (CDA) 2013,https://cg-raw.s3.amazonaws.com/cg/reports/CenterraGold_TSFDisclosure_June2019_Final.pdf,,tailings_source_df,POINT (-1866946.879071 1007089.663486),,139
TAIL-0bc16986-2019-1,2019,SK-TAIL-0bc16986,"K1;Dykes, Ponds, Expansion, Reclaim",Esterhazy,Mosaic Company (The),,Mosaic Co Potash,-101.947,50.733,Active,1962.0,Downstream,6.0,5593606,5593606,High,Canadian Dam Association,http://investors.mosaicco.com,,tailings_source_df,POINT (-486371.724825 218718.375083),,140
TAIL-d222fd60-2019-1,2019,SK-TAIL-d222fd60,"K2; Dykes, Ponds: Phase I, Phase II, Phase III, Phase IV, Phase V.",Esterhazy,Mosaic Company (The),,Mosaic Co Potash,-101.861,50.663,Active,1967.0,Downstream,5.0,5349082,5349082,High,Canadian Dam Association,http://investors.mosaicco.com,,tailings_source_df,POINT (-481207.334073 210371.362177),,140
TAIL-08c01e36-2019-1,2019,SK-TAIL-08c01e36,"Dykes, Ponds: TMA, Production.",Belle Plaine,Mosaic Company (The),,Mosaic Co Potash,-105.18,50.437,Active,1964.0,Downstream,7.0,1435700,1435700,High,Canadian Dam Association,http://investors.mosaicco.com,,tailings_source_df,POINT (-716310.609694 216841.071935),,141
TAIL-4cd0f09b-2019-1,2019,SK-TAIL-4cd0f09b,"dykes, Ponds: Cooling, Reclaim",Colonsay,Mosaic Company (The),,Mosaic Co Potash,-105.777,51.925,Active,1969.0,Downstream,8.0,6422032,6422032,High,Canadian Dam Association,http://investors.mosaicco.com,,tailings_source_df,POINT (-730231.702771 385649.448491),,142
TAIL-0b256eac-2019-1,2019,MB-TAIL-0b256eac,Anderson TIA One dam,Anderson,Hudbay Minerals,,Hudbay Minerals,-99.973959,54.855099,Active,1979.0,Downstream,5.0,9375000,11875000,Very high,Canadian Dam Association,https://s23.q4cdn.com/405985100/files/doc_financials/annual_reports/mine_tailings/Mine-Tailings-Disclosure-Table-FINAL.pdf,,tailings_source_df,POINT (-313197.524531 657226.034144),,35
TAIL-edd6f4cb-2019-1,2019,MB-TAIL-edd6f4cb,Birch Lake TDF,Birch Lake,Hudbay Minerals,,Hudbay Minerals,-100.0176,54.901791,Inactive,1949.0,"Not applicable – no raises are
planned",10.0,6750000,6750000,High,Canadian Dam Association,https://s23.q4cdn.com/405985100/files/doc_financials/annual_reports/mine_tailings/Mine-Tailings-Disclosure-Table-FINAL.pdf,,tailings_source_df,POINT (-315537.834026 662526.97409),,35
TAIL-e1bcae6e-2019-1,2019,SK-TAIL-e1bcae6e,Flin Flon TIS,Flin Flon,Hudbay Minerals,,Hudbay Minerals,-101.90583,54.771931,Active,1929.0,"Downstream, Upstream",21.0,78750000,82176000,"Very high, high",Canadian Dam Association,https://s23.q4cdn.com/405985100/files/doc_financials/annual_reports/mine_tailings/Mine-Tailings-Disclosure-Table-FINAL.pdf,,tailings_source_df,POINT (-435416.030013 659546.791042),,143
TAIL-3ba8cffb-2019-1,2019,ZZ-TAIL-3ba8cffb,TSF,Red Chris,"Newcrest Red Chris Mining Limited (70% Newcrest), Imperial Metals Ltd. (30%)",,Newcrest Red Chris Mining Limited (70% Newcrest),129.7167,57.7833,Active,2013.0,Centreline,60.2,38446000,42115000,Very High,MAC,https://www.newcrest.com/sites/default/files/2019-10/Newcrest_Tailings%20Safety%20Response.pdf,,tailings_source_df,POINT (-3134234.883036 6602170.818992),,No cluster
TAIL-45ba47c6-2019-1,2019,NL-TAIL-45ba47c6,Voisey's Bay TSF,Voisey's Bay,Vale,,Vale S.A.,-61.986333,56.323,Active,2005.0,Single Stage,11.0,20100000,28000000,Very High,Canadian Dam Association,http://www.vale.com/EN/investors/information-market/presentations-webcast/PresentationsWebcastsDocs/Cover%20Letter_consolidated_i.pdf,,tailings_source_df,POINT (1909304.768302 1312012.151556),NL-MAIN-2d8801d6,2
TAIL-94e787ca-2019-1,2019,NL-TAIL-94e787ca,Long Harbour,Long Harbour,Vale,,Vale S.A.,-53.81225,47.41325,Active,2013.0,Single Stage,10.0,930000,2470000,Extreme,Canadian Dam Association,http://www.vale.com/EN/investors/information-market/presentations-webcast/PresentationsWebcastsDocs/Cover%20Letter_consolidated_i.pdf,,tailings_source_df,POINT (2914304.218917 800986.393025),NL-MAIN-d9036091,70
TAIL-358e8a81-2019-1,2019,ON-TAIL-358e8a81,FETA Dam,Sudbury,Vale,,Vale S.A.,-81.024806,46.5158611,Inactive Care and Maintenance,1968.0,Single Stage,12.0,5100000,5100000,Low,Canadian Dam Association,http://www.vale.com/EN/investors/information-market/presentations-webcast/PresentationsWebcastsDocs/Cover%20Letter_consolidated_i.pdf,,tailings_source_df,POINT (1074885.161892 -159036.915918),ON-MAIN-40ce0593,22
TAIL-a11903a6-2019-1,2019,NL-TAIL-a11903a6,Levack TSF,Levack ,Vale,,Vale S.A.,-53.81225,47.41325,Inactive Care and Maintenance,1957.0,Downstream,16.0,8600000,8600000,Significant,Canadian Dam Association,http://www.vale.com/EN/investors/information-market/presentations-webcast/PresentationsWebcastsDocs/Cover%20Letter_consolidated_i.pdf,,tailings_source_df,POINT (2914304.218917 800986.393025),,70
TAIL-8e6e2f28-2019-1,2019,ON-TAIL-8e6e2f28,Shebandowan TSF,Shebandowan,Vale,,Vale S.A.,-81.024806,46.5158611,Inactive Care and Maintenance,1971.0,Downstream,10.0,4300000,4300000,Very High,Canadian Dam Association,http://www.vale.com/EN/investors/information-market/presentations-webcast/PresentationsWebcastsDocs/Cover%20Letter_consolidated_i.pdf,,tailings_source_df,POINT (1074885.161892 -159036.915918),,22
TAIL-4e71e6e1-2019-1,2019,MB-TAIL-4e71e6e1,Thompson TSF Dam A ¹,Thompson,Vale,,Vale S.A.,-97.805056,55.7040278,Active,1971.0,Downstream,26.0,42000000,47000000,Significant,Canadian Dam Association,http://www.vale.com/EN/investors/information-market/presentations-webcast/PresentationsWebcastsDocs/Cover%20Letter_consolidated_i.pdf,,tailings_source_df,POINT (-172665.115844 741440.311772),MB-MAIN-e0a6250e,34
TAIL-52168fea-2019-1,2019,MB-TAIL-52168fea,Thompson TSF Other Dams ¹,Thompson,Vale,,Vale S.A.,-97.805056,55.7040278,Active,1971.0,Downstream,26.0,42000000,47000000,Very High,Canadian Dam Association,http://www.vale.com/EN/investors/information-market/presentations-webcast/PresentationsWebcastsDocs/Cover%20Letter_consolidated_i.pdf,,tailings_source_df,POINT (-172665.115844 741440.311772),MB-MAIN-e0a6250e,34
TAIL-bef88ce1-2019-1,2019,ON-TAIL-bef88ce1,Upper Pond Tailings Facility,Copper Cliff,Vale,,Vale S.A.,-81.050833,46.4863056,Inactive Care and Maintenance,1929.0,Upstream,19.0,3900000,3900000,Extreme,Canadian Dam Association,http://www.vale.com/EN/investors/information-market/presentations-webcast/PresentationsWebcastsDocs/Cover%20Letter_consolidated_i.pdf,,tailings_source_df,POINT (1073637.762214 -162716.546017),ON-MAIN-63b394c3,22
TAIL-361d5ef5-2019-1,2019,ON-TAIL-361d5ef5,A Area Tailings,Copper Cliff,Vale,,Vale S.A.,-81.140583,46.4714167,Inactive Care and Maintenance,1936.0,Upstream,25.0,8400000,8400000,Extreme,Canadian Dam Association,http://www.vale.com/EN/investors/information-market/presentations-webcast/PresentationsWebcastsDocs/Cover%20Letter_consolidated_i.pdf,,tailings_source_df,POINT (1067201.480829 -165859.634688),ON-MAIN-f080c409,22
TAIL-4169443d-2019-1,2019,ON-TAIL-4169443d,M Area Tailings,Copper Cliff,Vale,,Vale S.A.,-81.140583,46.4714167,Inactive Care and Maintenance,1945.0,Upstream,37.0,58600000,58600000,Extreme,Canadian Dam Association,http://www.vale.com/EN/investors/information-market/presentations-webcast/PresentationsWebcastsDocs/Cover%20Letter_consolidated_i.pdf,,tailings_source_df,POINT (1067201.480829 -165859.634688),ON-MAIN-f080c409,22
TAIL-48c553b1-2019-1,2019,ON-TAIL-48c553b1,P Area Tailings,Copper Cliff,Vale,,Vale S.A.,-81.140583,46.4714167,Inactive Care and Maintenance,1960.0,Upstream,45.0,59700000,59700000,Extreme,Canadian Dam Association,http://www.vale.com/EN/investors/information-market/presentations-webcast/PresentationsWebcastsDocs/Cover%20Letter_consolidated_i.pdf,,tailings_source_df,POINT (1067201.480829 -165859.634688),ON-MAIN-f080c409,22
TAIL-77467204-2019-1,2019,ON-TAIL-77467204,R1 Tailings,Copper Cliff,Vale,,Vale S.A.,-81.140583,46.4714167,Active,1985.0,"Compacted
Outer Shell",14.0,2900000,4000000,Extreme,Canadian Dam Association,http://www.vale.com/EN/investors/information-market/presentations-webcast/PresentationsWebcastsDocs/Cover%20Letter_consolidated_i.pdf,,tailings_source_df,POINT (1067201.480829 -165859.634688),ON-MAIN-f080c409,22
TAIL-b36577c2-2019-1,2019,ON-TAIL-b36577c2,R2 Tailings,Copper Cliff,Vale,,Vale S.A.,-81.140583,46.4714167,Active,1985.0,"Compacted
Outer Shell",13.0,18000000,18000000,Extreme,Canadian Dam Association,http://www.vale.com/EN/investors/information-market/presentations-webcast/PresentationsWebcastsDocs/Cover%20Letter_consolidated_i.pdf,,tailings_source_df,POINT (1067201.480829 -165859.634688),ON-MAIN-f080c409,22
TAIL-23577523-2019-1,2019,ON-TAIL-23577523,R3 Tailings,Copper Cliff,Vale,,Vale S.A.,-81.140583,46.4714167,Active,1985.0,"Compacted
Outer Shell",27.0,39000000,42000000,Extreme,Canadian Dam Association,http://www.vale.com/EN/investors/information-market/presentations-webcast/PresentationsWebcastsDocs/Cover%20Letter_consolidated_i.pdf,,tailings_source_df,POINT (1067201.480829 -165859.634688),ON-MAIN-f080c409,22
TAIL-6b026135-2019-1,2019,ON-TAIL-6b026135,R4 Tailings,Copper Cliff,Vale,,Vale S.A.,-81.140583,46.4714167,Active,1990.0,"Compacted
Outer Shell",22.0,59000000,63000000,Extreme,Canadian Dam Association,http://www.vale.com/EN/investors/information-market/presentations-webcast/PresentationsWebcastsDocs/Cover%20Letter_consolidated_i.pdf,,tailings_source_df,POINT (1067201.480829 -165859.634688),ON-MAIN-f080c409,22
TAIL-418125be-2019-1,2019,QC-TAIL-418125be,Canadian Malartic TSF,Canadian Malartic,Yamana Gold Inc.,Agnico Eagle Mines Limited,Canadian Malartic Corporation,-78.1036111,48.1113889,Active,2012.0,Upstream,40.0,96000000,136500000,Medium to High,CDA/Yamana,https://s22.q4cdn.com/899716706/files/doc_downloads/2019/06/Tailings-Safety-Disclosure-Data.pdf,,tailings_source_df,POINT (1247836.941554 67731.970618),QC-MAIN-e7e6a960,12
TAIL-d8702dd7-2019-1,2019,BC-TAIL-d8702dd7,Beaverdell North Tailings Storage Facility,Beaverdell,Teck,,Teck Corporation Ltd.,-119.095922,49.441605,Inactive,1980.0,Downstream,12.0,384000,384000,Significant,"BC Health, Safety and Reclamation Code for Mines 2017 (code references CDA Guidelines)",https://www.teck.com/Tailings/,,tailings_source_df,POINT (-1703123.199234 375582.457115),,144
TAIL-36941c82-2019-1,2019,BC-TAIL-36941c82,Beaverdell South Tailings Storage Facility,Beaverdell,Teck,,Teck Corporation Ltd.,-119.097717,49.435957,Inactive,1954.0,Downstream,10.0,544000,544000,Significant,"BC Health, Safety and Reclamation Code for Mines 2017 (code references CDA Guidelines)",https://www.teck.com/Tailings/,,tailings_source_df,POINT (-1703475.884613 375047.884559),,144
TAIL-698712cc-2019-1,2019,BC-TAIL-698712cc,Bullmoose Tailings Storage Facility,Bullmoose,Teck,,Teck Corporation Ltd.,-121.476274,55.136278,Inactive,1983.0,Downstream,38.0,4400000,4400000,High,"BC Health, Safety and Reclamation Code for Mines 2017 (code references CDA Guidelines)",https://www.teck.com/Tailings/,,tailings_source_df,POINT (-1608650.029289 1015406.04407),,130
TAIL-cf1f0646-2019-1,2019,NL-TAIL-cf1f0646,Duck Pond Tailings Management Facility,Duck Pond,Teck,,Teck Corporation Ltd.,-56.490561,48.64748,Inactive,2006.0,Single Stage,9.5,1260000,1260000,Low,Canadian Dam Association (CDA),https://www.teck.com/Tailings/,,tailings_source_df,POINT (2671112.996947 795003.991278),,145
TAIL-6b5f1afb-2019-1,2019,BC-TAIL-6b5f1afb,Elkview Lagoon A,Elkview,Teck,Nippon Steel & Sumitomo Metal Corporation,Teck Corporation Ltd.,-114.874237,49.7525131,Inactive,1968.0,Single Stage,4.0,185000,185000,Low,"BC Health, Safety and Reclamation Code for Mines 2017 (code references CDA Guidelines)",https://www.teck.com/Tailings/,,tailings_source_df,POINT (-1404996.082716 304876.591078),BC-MAIN-48ad5435,59
TAIL-4c4be360-2019-1,2019,BC-TAIL-4c4be360,Elkview Lagoon B,Elkview,Teck,Nippon Steel & Sumitomo Metal Corporation,Teck Corporation Ltd.,-114.8742807,49.7540611,Inactive,1968.0,Single Stage,4.0,287700,287700,Low,"BC Health, Safety and Reclamation Code for Mines 2017 (code references CDA Guidelines)",https://www.teck.com/Tailings/,,tailings_source_df,POINT (-1404946.295241 305040.92792),BC-MAIN-48ad5435,59
TAIL-4884614e-2019-1,2019,BC-TAIL-4884614e,Elkview Lagoon C,Elkview,Teck,Nippon Steel & Sumitomo Metal Corporation,Teck Corporation Ltd.,-114.87837,49.754622,Inactive,1970.0,"Downstream, Upstream",19.5,4658600,4658600,High,"BC Health, Safety and Reclamation Code for Mines 2017 (code references CDA Guidelines)",https://www.teck.com/Tailings/,,tailings_source_df,POINT (-1405206.776004 305190.456613),BC-MAIN-48ad5435,59
TAIL-a2eef203-2019-1,2019,BC-TAIL-a2eef203,Elkview Lagoon D,Elkview,Teck,Nippon Steel & Sumitomo Metal Corporation,Teck,-114.874921,49.748306,Active,1972.0,Upstream,57.0,22380000,22800000,Very High,"BC Health, Safety and Reclamation Code for Mines 2017 (code references CDA Guidelines)",https://www.teck.com/Tailings/,,tailings_source_df,POINT (-1405186.291246 304447.691676),BC-MAIN-48ad5435,59
TAIL-835db0fc-2019-1,2019,BC-TAIL-835db0fc,Elkview West Fork Tailings Facility,Elkview,Teck,Nippon Steel & Sumitomo Metal Corporation,Teck,-114.791046,49.751937,Active,2006.0,Downstream,80.0,7840000,12741000,Low,"BC Health, Safety and Reclamation Code for Mines 2017 (code references CDA Guidelines)",https://www.teck.com/Tailings/,,tailings_source_df,POINT (-1399325.959947 302981.879663),BC-MAIN-48ad5435,59
TAIL-5c9a010e-2019-1,2019,BC-TAIL-5c9a010e,Fisherman Road Tailings Impoundment Area,Fisherman Road ,Teck,,Teck,-117.390042,49.484757,Inactive,1890.0,Single Stage,3.5,113200,113200,Significant,CDA Guidelines,https://www.teck.com/Tailings/,,tailings_source_df,POINT (-1586123.278326 335946.866689),,No cluster
TAIL-2407f3c2-2019-1,2019,BC-TAIL-2407f3c2,Fording River 2 Pit - 3 Pit Tailings Disposal Area,Fording River,Teck,,Teck,-114.896016,50.180256,Inactive,1995.0,Downstream,6.0,8830000,8830000,Low,"BC Health, Safety and Reclamation Code for Mines 2017 (code references CDA Guidelines)",https://www.teck.com/Tailings/,,tailings_source_df,POINT (-1391897.728404 350462.07719),BC-MAIN-c202b377,59
TAIL-e0eaf873-2019-1,2019,BC-TAIL-e0eaf873,Fording River North Tailings Pond,Fording River,Teck,,Teck,-114.895532,50.190698,Inactive,1972.0,Downstream,24.0,3800000,3800000,Very High ,"BC Health, Safety and Reclamation Code for Mines 2017 (code references CDA Guidelines)",https://www.teck.com/Tailings/,,tailings_source_df,POINT (-1391509.150955 351551.729056),BC-MAIN-c202b377,59
TAIL-fd72334a-2019-1,2019,BC-TAIL-fd72334a,Fording River South Tailings Pond,Fording River,Teck,,Teck,-114.87642,50.177177,Active,1979.0,Downstream,35.0,12100000,12760000,Very High,"BC Health, Safety and Reclamation Code for Mines 2017 (code references CDA Guidelines)",https://www.teck.com/Tailings/,,tailings_source_df,POINT (-1390676.586627 349708.996447),BC-MAIN-c202b377,59
TAIL-10c34d0e-2019-1,2019,BC-TAIL-10c34d0e,Fording River Turnbull Pit South Tailings Storage Facility,Fording River,Teck,,Teck,-114.873263,50.218553,Active,2016.0,In-pit,,3700000,8066000, High ,"BC Health, Safety and Reclamation Code for Mines 2017 (code references CDA Guidelines)",https://www.teck.com/Tailings/,,tailings_source_df,POINT (-1389054.567067 353999.954276),BC-MAIN-c202b377,59
TAIL-d969e8de-2019-1,2019,BC-TAIL-d969e8de,Greenhills Tailings Storage Facility,Greenhills,Teck,POSCO Canada Limited,Teck,-114.861663,50.059724,Active,1983.0,Downstream,55.0,17000000,20000000,High,"BC Health, Safety and Reclamation Code for Mines 2017 (code references CDA Guidelines)",https://www.teck.com/Tailings/,,tailings_source_df,POINT (-1393674.631652 337005.800238),BC-MAIN-2c4ceca5,59
TAIL-178a8ba7-2019-1,2019,BC-TAIL-178a8ba7, Bethlehem,Highland Valley Copper,Teck,,Teck,-120.987025,50.5094,Inactive,1964.0,"Upstream, Centreline, Downstream",91.0,68100000,68100000,Very High,CDA,https://www.teck.com/Tailings/,,tailings_source_df,POINT (-1782547.156605 536697.741876),BC-MAIN-bf503b6b,52
TAIL-0b09d91a-2019-1,2019,BC-TAIL-0b09d91a,Highland,Highland Valley Copper,Teck,,Teck,-121.122614,50.547334,Active,1977.0,Centreline,161.0,1190300000,1460300000,Extreme ,CDA,https://www.teck.com/Tailings/,,tailings_source_df,POINT (-1789645.104383 544353.969175),BC-MAIN-bf503b6b,52
TAIL-3a31fa76-2019-1,2019,BC-TAIL-3a31fa76,Highmont,Highland Valley Copper,Teck,,Teck,-120.92119,50.432155,Inactive,1980.0,Centreline,47.0,27700000,27700000,High,CDA,https://www.teck.com/Tailings/,,tailings_source_df,POINT (-1781671.501373 527008.958237),BC-MAIN-bf503b6b,52
TAIL-4cf16076-2019-1,2019,BC-TAIL-4cf16076,Trojan,Highland Valley Copper,Teck,,Teck,-121.005987,50.514552,Inactive,1973.0,"Centreline, Upstream",70.0,26000000,26000000,Very High,CDA,https://www.teck.com/Tailings/,,tailings_source_df,POINT (-1783547.990504 537752.25858),BC-MAIN-bf503b6b,52
TAIL-4370ba35-2019-1,2019,QC-TAIL-4370ba35,Teck,Louvicourt,Teck,"Teck 55%, Glencore 45",Teck,-77.601511,48.132622,Inactive,1993.0,Downstream,15.0,5992050,5992050,Very High,CDA Guidelines,https://www.teck.com/Tailings/,,tailings_source_df,POINT (1283362.571029 80006.193119),,12
TAIL-2d35801a-2019-1,2019,BC-TAIL-2d35801a,Pinchi Tailings Storage Facility,Pinchi ,Teck,,Teck,-124.426425,54.627353,Inactive,1967.0,Downstream,15.0,1000000,1000000,Significant,"BC Health, Safety and Reclamation Code for Mines 2017 (code references CDA Guidelines)",https://www.teck.com/Tailings/,,tailings_source_df,POINT (-1800445.249398 1044150.364729),,146
TAIL-629f9aac-2019-1,2019,NT-TAIL-629f9aac,Pine Point ,Pine Point ,Teck,,Teck,-114.437272,60.879272,Inactive,1964.0,Downstream,9.0,36597270,36597270,"Low, Significant",CDA Guidelines,https://www.teck.com/Tailings/,,tailings_source_df,POINT (-1009276.490003 1454892.495019),NT-MAIN-b99d4cb2,108
TAIL-ab452817-2019-1,2019,BC-TAIL-ab452817,Plant Site TSF,Quintette,Teck,,Teck,-120.992153,55.014314,Inactive,1984.0,Downstream,52.0,25000000,25000000,High,"BC Health, Safety and Reclamation Code for Mines 2017 (code references CDA Guidelines)",https://www.teck.com/Tailings/,,tailings_source_df,POINT (-1586200.341059 991046.199293),,60
TAIL-b88d5bcf-2019-1,2019,BC-TAIL-b88d5bcf,Shikano TSF,Quintette,Teck,,Teck,-121.026815,54.986541,Inactive,1997.0,Single Stage,42.0,2700000,2700000,Significant,"BC Health, Safety and Reclamation Code for Mines 2017 (code references CDA Guidelines)",https://www.teck.com/Tailings/,,tailings_source_df,POINT (-1589403.143376 989128.288391),,60
TAIL-e5c29fdb-2019-1,2019,YT-TAIL-e5c29fdb,North Tailings Pond,Sa Dena Hes ,Teck,,Teck,-128.850678,60.52825,Closed,1991.0,Downstream,15.0,466670,466670,Significant,CDA Guidelines,https://www.teck.com/Tailings/,,tailings_source_df,POINT (-1721531.973222 1730702.013758),,147
TAIL-8ae406d8-2019-1,2019,BC-TAIL-8ae406d8, Tailings Storage Facility,Sullivan,Teck,,Teck,-115.956205,49.647142,Inactive,1972.0,Upstream,4.6,817500,817500,Low,"BC Health, Safety and Reclamation Code for Mines 2017 (code references CDA Guidelines)",https://www.teck.com/Tailings/,,tailings_source_df,POINT (-1482554.442581 318344.311702),,148
TAIL-389120ff-2019-1,2019,BC-TAIL-389120ff," East Gypsum Dike, West Gypsum Dike, Gypsum Divider Dike, NorthEast Gypsum Dike",Sullivan,Teck,,Teck,-115.93552,49.64453,Inactive,1969.0,Upstream,22.9,4578000,4578000,High,"BC Health, Safety and Reclamation Code for Mines 2017 (code references CDA Guidelines)",https://www.teck.com/Tailings/,,tailings_source_df,POINT (-1481238.005349 317588.164234),,148
TAIL-8563a4a7-2019-1,2019,BC-TAIL-8563a4a7, Iron pond,Sullivan,Teck,,Teck,-115.937887,49.657872,Inactive,1975.0,"Upstream, Downstream",29.0,15527800,15527800,High,"BC Health, Safety and Reclamation Code for Mines 2017 (code references CDA Guidelines)",https://www.teck.com/Tailings/,,tailings_source_df,POINT (-1480920.863739 319044.069997),,148
TAIL-3c6c55a6-2019-1,2019,BC-TAIL-3c6c55a6, Old Iron Dike and Iron TSF Divider Dike,Sullivan,Teck,,Teck,-115.952749,49.658303,Inactive,1900.0,Unknown,7.6,9682000,9682000,Low,"BC Health, Safety and Reclamation Code for Mines 2017 (code references CDA Guidelines)",https://www.teck.com/Tailings/,,tailings_source_df,POINT (-1481918.28742 319435.46151),,148
TAIL-507ae78e-2019-1,2019,BC-TAIL-507ae78e," Siliceous No. 1 Dike, Siliceous No. 2 Dike, Siliceous No. 3 Dike",Sullivan,Teck,,Teck,-115.923106,49.657971,Inactive,1923.0,Upstream,12.5,15648000,15648000,Low,"BC Health, Safety and Reclamation Code for Mines 2017 (code references CDA Guidelines)",https://www.teck.com/Tailings/,,tailings_source_df,POINT (-1479909.863775 318710.440499),,148
TAIL-7fcddd99-2019-1,2019,AB-TAIL-7fcddd99,"Fort Hills Out of Pit Tailings Area (OPTA)
Facility Dams: 
West Tailings Dyke, West Overburden Dyke, South Dyke, East Dyke, North East Dyke, North Dyke. (Canada)",Fort Hills,"Owned: Joint Venture through the Fort Hills Energy LP - Suncor Energy Inc., Teck Resources Ltd., Total 
Operated by: Suncor Energy Inc. 
",,Teck,-111.510648,57.362136,Active,2014.0,Upstream,29.0,54832000,279000000,Extreme,Dam Classification is based on the Alberta Dam and Canal Safety Directive (regulation) (equivalent to CDA),https://www.teck.com/Tailings/,,tailings_source_df,POINT (-958932.193865 1043301.903723),AB-MAIN-3f0e46be,48
TAIL-9979da56-2019-1,2019,SK-TAIL-9979da56,AGTMF,Rabbit Lake Operation,Cameco Corp,,Cameco Corp,-103.6916667,58.1636111,Inactive,1975.0,"Downstream, Centreline",27.0,5416667,5416667,Not classified,,https://www.cameco.com/uploads/downloads/Cameco-Tailings-Management.pdf,,tailings_source_df,POINT (-497075.933944 1039213.469191),,37
TAIL-5980158d-2019-1,2019,SK-TAIL-5980158d,KL AGTMF,Key Lake Operation,Cameco Corp/Orano Canada,"83%Cameco Corporation,17%OranoCanadaInc",Cameco Corp,-105.7030556,57.2069444,Inactive,1983.0,Single Stage,20.0,5800000,5800000,Not classified,,https://www.cameco.com/uploads/downloads/Cameco-Tailings-Management.pdf,,tailings_source_df,POINT (-628528.477478 954276.096346),SK-MAIN-bb89158f,40
TAIL-51c4af72-2019-1,2019,SK-TAIL-51c4af72,RLITMF,Rabbit Lake Operation,Cameco Corp,,Cameco Corp,-103.7133333,58.1977778,Inactive Care and Maintenance,1984.0,In-pit,,8270000,8270000,,,https://www.cameco.com/uploads/downloads/Cameco-Tailings-Management.pdf,,tailings_source_df,POINT (-497800.820173 1043057.038945),,37
TAIL-3a7e0186-2019-1,2019,SK-TAIL-3a7e0186,DTMF,Key Lake Operation,Cameco Corp/Orano Canada,"83%Cameco Corporation,17%OranoCanadaInc",Cameco Corp,-105.63,57.2083333,Inactive Care and Maintenance,1996.0,In-pit,,9300000,10800000,,,https://www.cameco.com/uploads/downloads/Cameco-Tailings-Management.pdf,,tailings_source_df,POINT (-624253.380572 953705.536253),SK-MAIN-bb89158f,40
TAIL-06a92a93-2019-1,2019,QC-TAIL-06a92a93,Mont Wright TSF,Mont Wright TSF,ArcelorMittal Mining Canada GP,,ArcelorMittal Mining Canada GP,-67.3866583,52.7982639,Active,1981.0,Sidehill embankment,100.0,725000000,895000000,Very High,Canadian Dam Association,https://drive.google.com/file/d/1Pj-UZaWctl9i0lKc4XpjybSoT9CN74tb/view,,tailings_source_df,POINT (1781120.666624 812484.566711),,3
TAIL-f609cf33-2019-1,2019,QC-TAIL-f609cf33,Port Cartier TSF,Port Cartier TSF,ArcelorMittal Mining Canada GP,,ArcelorMittal Mining Canada GP,-66.7889333,50.0436611,Active,1978.0,Sidehill embankment,24.0,4200000,5500000,Very High,Canadian Dam Association,https://drive.google.com/file/d/1Pj-UZaWctl9i0lKc4XpjybSoT9CN74tb/view,,tailings_source_df,POINT (1947525.214725 554958.673732),,79
TAIL-d7f2e664-2019-1,2019,ON-TAIL-d7f2e664,Bell Creek,Bell Creek,Pan American Silver,,Pan American Silver,-81.19,48.55,Active,1988.0,"Downstream, Centreline",10.0,6700000,11700000,Low to Significant,CDA Dam Consequence Classification,https://panamericansilver.com/sustainabilityreport2018/wp-content/uploads/2019/06/PAAS-Tailings-Facility-Factsheet-2019-Final.pdf,,tailings_source_df,POINT (1013371.386186 60358.03238),ON-MAIN-bfbcd72e,23
TAIL-0b856bf6-2019-1,2019,AB-TAIL-0b856bf6,Fort Hills Out of Pit Tailings Area,Fort Hills,Total SA JV ,"Total SA Joint Venture through the Fort Hills Energy LP - Suncor Energy Inc., Teck",Suncor Energy Inc.,-111.51667,57.3666667,Active,2018.0,"Upstream, Downstream",29.0,54832000,279000000,Extreme,Alberta Dam and Canal Safety Directive (regulation),https://www.sustainable-performance.total.com/sites/g/files/wompnd1016/f/atoms/files/disclosure_of_tailings_facility_management_-_may_2019_protected_0.pdf,,tailings_source_df,POINT (-959147.608291 1043868.659847),AB-MAIN-3f0e46be,48
TAIL-aa269859-2019-1,2019,SK-TAIL-aa269859,"Seabee Mine, Triangle Lake TSF – 2 dams and 2 saddle dikes",Seabee Mine,SGO Mining Inc.,wholly-owned subsidiary of SSR Mining,SGO Mining Inc,-103.57932,55.6903833,Active,2004.0,Modified Centreline,19.0,2750000,4000000,High,Canadian Dam Association Consequence Classification Ratings for Dams,http://www.ssrmining.com/_resources/2019-08-30-SSR-Mining-Response-Letter-re-Investor-Mining-&-Tailings-Safety-Initiative.pdf,,tailings_source_df,POINT (-526870.655108 771731.145789),SK-MAIN-29afbdb5,36
TAIL-21f4771d-2019-1,2019,SK-TAIL-21f4771d,"Seabee Mine, East Lake TSF – 3 concrete perimeter dams",Seabee Mine,SGO Mining Inc.,wholly-owned subsidiary of SSR Mining,SGO Mining Inc,-103.59224,55.6900444,Active,1991.0,Centreline,8.0,2550000,2860000,Significant,Canadian Dam Association Consequence Classification Ratings for Dams,http://www.ssrmining.com/_resources/2019-08-30-SSR-Mining-Response-Letter-re-Investor-Mining-&-Tailings-Safety-Initiative.pdf,,tailings_source_df,POINT (-527664.242979 771801.626695),SK-MAIN-29afbdb5,36
TAIL-f4d71c34-2019-1,2019,ON-TAIL-f4d71c34,Detour Lake Mine - TMA Cell 1,Detour Lake mine,Detour Gold Corporation,,Detour Gold Corporation,-79.70275,50.0196806,Active,2013.0,Centreline,49.0,80000000,100000000,Moderate,Canadian Dam Association / Ministry of Natural Resources and Forestry,https://s22.q4cdn.com/327131108/files/doc_downloads/2019/Detour-Gold-Mine-Tailings-Disclosure-Table-FINAL.pdf,,tailings_source_df,POINT (1081607.777439 243882.794906),ON-MAIN-aeafbb59,18
TAIL-d7f1f96a-2019-1,2019,QC-TAIL-d7f1f96a,IAMGOLD WESTWOOD GOLD MINE/ DOYON,Westwood Gold Mine,IAMGOLD,,IAMGOLD,-78.55009694,48.27279389,Active,1982.0,Centreline,18.0,10945990,23212163,Significant risk,"Canadian Dam Association
Guidelines",https://s1.q4cdn.com/060001837/files/doc_downloads/policies/2019/Copy-of-Church-of-England-Master_edits.pdf,,tailings_source_df,POINT (1211007.030371 76491.894251),,15
TAIL-00540a4b-2019-1,2019,QC-TAIL-00540a4b,YVAN VEZINA,YVAN VEZINA,IAMGOLD,,IAMGOLD,-78.92438611,48.47883889,Closed,1983.0,Closed site,10.0,2500000,2500000,,Quebec Dam Safety Act,https://s1.q4cdn.com/060001837/files/doc_downloads/policies/2019/Copy-of-Church-of-England-Master_edits.pdf,,tailings_source_df,POINT (1178305.612355 91683.596616),,75
TAIL-bb37d9af-2019-1,2019,QC-TAIL-bb37d9af,SOLBEC,Solbec,IAMGOLD,,IAMGOLD,-71.28860556,45.80382778,Closed,1994.0,Closed site,11.0,2500000,2500000,Moderate,Quebec Dam Safety Act,https://s1.q4cdn.com/060001837/files/doc_downloads/policies/2019/Copy-of-Church-of-England-Master_edits.pdf,,tailings_source_df,POINT (1825373.651278 -13461.051271),,No cluster
TAIL-7dc3981c-2019-1,2019,ON-TAIL-7dc3981c,Tailings Impoundment Area -7 East Dam,Young-Davidson Mine,Alamos Gold Inc.,,Alamos Gold Inc.,-80.712447,47.950208,Active,2012.0,Downstream,50.0,2500000,3500000,High,Ontario Ministry of Natural Resources Classification and Inflow Design Criteria (2011),https://s1.q4cdn.com/556167425/files/doc_downloads/2019/12/Overview-of-Alamos-Tailings-Impoundment-Areas-Dec2019-FINAL.pdf,,tailings_source_df,POINT (1062732.465518 2883.760901),ON-MAIN-7607a50e,21
TAIL-e4a80aee-2019-1,2019,ON-TAIL-e4a80aee,Tailings Impoundment Area -7 West Dam,Young-Davidson Mine,Alamos Gold Inc.,,Alamos Gold Inc.,-80.712447,47.950208,Active,2012.0,Modified Centreline,40.0,2500000,3500000,High,Ontario Ministry of Natural Resources Classification and Inflow Design Criteria (2011),https://s1.q4cdn.com/556167425/files/doc_downloads/2019/12/Overview-of-Alamos-Tailings-Impoundment-Areas-Dec2019-FINAL.pdf,,tailings_source_df,POINT (1062732.465518 2883.760901),ON-MAIN-7607a50e,21
TAIL-76c3a363-2019-1,2019,ON-TAIL-76c3a363,Tailings Impoundment Area -7 North Dam,Young-Davidson Mine,Alamos Gold Inc.,,Alamos Gold Inc.,-80.712447,47.950208,Active,2014.0,Modified Centreline,12.0,2500000,3500000,High,Ontario Ministry of Natural Resources Classification and Inflow Design Criteria (2011),https://s1.q4cdn.com/556167425/files/doc_downloads/2019/12/Overview-of-Alamos-Tailings-Impoundment-Areas-Dec2019-FINAL.pdf,,tailings_source_df,POINT (1062732.465518 2883.760901),ON-MAIN-7607a50e,21
TAIL-9ff4d9c4-2019-1,2019,ON-TAIL-9ff4d9c4,Tailings Impoundment Area -7 South Saddle Dam,Young-Davidson Mine,Alamos Gold Inc.,,Alamos Gold Inc.,-80.712447,47.950208,Active,2018.0,Upstream,7.0,2500000,3500000,High,Ontario Ministry of Natural Resources Classification and Inflow Design Criteria (2011),https://s1.q4cdn.com/556167425/files/doc_downloads/2019/12/Overview-of-Alamos-Tailings-Impoundment-Areas-Dec2019-FINAL.pdf,,tailings_source_df,POINT (1062732.465518 2883.760901),ON-MAIN-7607a50e,21
TAIL-e10510ba-2019-1,2019,ON-TAIL-e10510ba,Primary Pond Dyke 1,Island Gold Mine,Alamos Gold Inc.,,Alamos Gold Inc.,-84.445337,48.30807,Active,1988.0,Downstream,11.0,486000,1488000,High,Ontario Ministry of Natural Resources Classification and Inflow Design Criteria (2011),https://s1.q4cdn.com/556167425/files/doc_downloads/2019/12/Overview-of-Alamos-Tailings-Impoundment-Areas-Dec2019-FINAL.pdf,,tailings_source_df,POINT (781491.024477 -12060.69501),ON-MAIN-687b8c8d,25
TAIL-5365467e-2019-1,2019,ON-TAIL-5365467e,Primary Pond Dyke 2,Island Gold Mine,Alamos Gold Inc.,,Alamos Gold Inc.,-84.445337,48.30807,Active,2011.0,Downstream,8.0,486000,1488000,Moderate,Ontario Ministry of Natural Resources Classification and Inflow Design Criteria (2011),https://s1.q4cdn.com/556167425/files/doc_downloads/2019/12/Overview-of-Alamos-Tailings-Impoundment-Areas-Dec2019-FINAL.pdf,,tailings_source_df,POINT (781491.024477 -12060.69501),ON-MAIN-687b8c8d,25
TAIL-03fd7eec-2019-1,2019,ON-TAIL-03fd7eec,Primary Pond Dyke 3,Island Gold Mine,Alamos Gold Inc.,,Alamos Gold Inc.,-84.445337,48.30807,Active,2011.0,Downstream,10.0,486000,1488000,Moderate,Ontario Ministry of Natural Resources Classification and Inflow Design Criteria (2011),https://s1.q4cdn.com/556167425/files/doc_downloads/2019/12/Overview-of-Alamos-Tailings-Impoundment-Areas-Dec2019-FINAL.pdf,,tailings_source_df,POINT (781491.024477 -12060.69501),ON-MAIN-687b8c8d,25
TAIL-c526a43d-2019-1,2019,ON-TAIL-c526a43d,Primary Pond Dyke 4,Island Gold Mine,Alamos Gold Inc.,,Alamos Gold Inc.,-84.445337,48.30807,Active,2011.0,Downstream,10.0,486000,1488000,High,Ontario Ministry of Natural Resources Classification and Inflow Design Criteria (2011),https://s1.q4cdn.com/556167425/files/doc_downloads/2019/12/Overview-of-Alamos-Tailings-Impoundment-Areas-Dec2019-FINAL.pdf,,tailings_source_df,POINT (781491.024477 -12060.69501),ON-MAIN-687b8c8d,25
TAIL-3f96e4ae-2019-1,2019,ON-TAIL-3f96e4ae,Primary Pond Dyke 5,Island Gold Mine,Alamos Gold Inc.,,Alamos Gold Inc.,-84.445337,48.30807,Active,2015.0,Downstream,5.0,486000,1488000,Moderate,Ontario Ministry of Natural Resources Classification and Inflow Design Criteria (2011),https://s1.q4cdn.com/556167425/files/doc_downloads/2019/12/Overview-of-Alamos-Tailings-Impoundment-Areas-Dec2019-FINAL.pdf,,tailings_source_df,POINT (781491.024477 -12060.69501),ON-MAIN-687b8c8d,25
TAIL-0dce2753-2019-1,2019,ON-TAIL-0dce2753,"Black Fox, Matheson, Ontario, Canada",Black fox,McEwen Mining,,McEwen Mining,-80.760015,48.554335,Active,1988.0,Upstream,11.7,5300000,7300000,Medium,Canadian Dam Association (CDA),https://s21.q4cdn.com/390685383/files/doc_downloads/2019/McEwen-Mining-Tailings-Safety-Disclosure-Table.pdf,,tailings_source_df,POINT (1044295.530103 67784.310055),,149
TAIL-3745f75e-2019-1,2019,QC-TAIL-3745f75e,Casa Berardi Cell 4,Casa Berardi,Hecla Quibec Inc,,Hecla Quibec Inc,-79.240528,49.555972,Active,2010.0,Upstream,8.0,5000000,4000000,High,Candian Dam Association Consequence Classification,https://www.hecla-mining.com/wp-content/uploads/2019/06/2019-Hecla-TailingsMgmt_FactSheet.pdf,,tailings_source_df,POINT (1126239.080776 202006.983738),QC-MAIN-b86f7d07,16
TAIL-19f7020b-2019-1,2019,QC-TAIL-19f7020b,Casa Berardi Cell #1,Casa Berardi,Hecla Quibec Inc,,Hecla Quibec Inc,-79.232417,49.560333,Inactive,1989.0,Downstream,8.0,,,High,Candian Dam Association Consequence Classification,https://www.hecla-mining.com/wp-content/uploads/2019/06/2019-Hecla-TailingsMgmt_FactSheet.pdf,,tailings_source_df,POINT (1126688.05216 202619.843543),QC-MAIN-b86f7d07,16
TAIL-5edb92d4-2019-1,2019,QC-TAIL-5edb92d4,Casa Berardi Cell #2,Casa Berardi,Hecla Quibec Inc,,Hecla Quibec Inc,-79.223056,49.561333,Closure,1993.0,Upstream,19.0,,,Significant,Candian Dam Association Consequence Classification,https://www.hecla-mining.com/wp-content/uploads/2019/06/2019-Hecla-TailingsMgmt_FactSheet.pdf,,tailings_source_df,POINT (1127315.934313 202893.294398),QC-MAIN-b86f7d07,16
TAIL-589b3f9e-2019-1,2019,QC-TAIL-589b3f9e,Casa Berardi Cell #3,Casa Berardi,Hecla Quibec Inc,,Hecla Quibec Inc,-79.235528,49.560389,Inactive,1988.0,Centreline,7.0,,,Significant,Candian Dam Association Consequence Classification,https://www.hecla-mining.com/wp-content/uploads/2019/06/2019-Hecla-TailingsMgmt_FactSheet.pdf,,tailings_source_df,POINT (1126468.798924 202570.767286),QC-MAIN-b86f7d07,16
TAIL-447c70ce-2019-1,2019,SK-TAIL-447c70ce,Triangle Lake TSF – 2 dams and 2 saddle dikes,Seabee Mine,SGO Mining Inc.,wholly-owned subsidiary of SSR Mining,SGO Mining Inc.,-103.57932,55.6903833,Active,2004.0,"Modified Centreline, Upstream",19.0,2750000,4000000,high,Canadian Dam Association Consequence Classification Ratings for Dam,http://www.ssrmining.com/_resources/2019-08-30-SSR-Mining-Response-Letter-re-Investor-Mining-&-Tailings-Safety-Initiative.pdf,,tailings_source_df,POINT (-526870.655108 771731.145789),SK-MAIN-29afbdb5,36
TAIL-924b4cac-2019-1,2019,SK-TAIL-924b4cac,East Lake TSF – 3 concrete perimeter dams,Seabee Mine,SGO Mining Inc.,wholly-owned subsidiary of SSR Mining,SGO Mining Inc.,-103.59224,55.6900444,Active,1991.0,Centreline,8.0,2500000,2860000,Significant,Canadian Dam Association Consequence Classification Ratings for Dam,http://www.ssrmining.com/_resources/2019-08-30-SSR-Mining-Response-Letter-re-Investor-Mining-&-Tailings-Safety-Initiative.pdf,,tailings_source_df,POINT (-527664.242979 771801.626695),SK-MAIN-29afbdb5,36
TAIL-5d7e77dd-2019-1,2019,NB-TAIL-5d7e77dd,TSF 1 STTP,Caribou,Trevali,,Trevali,-66.2975,47.5694444,Active,1989.0,"Downstream, Upstream",25.7,4250000,5850000,Very High,Canadian Dam Association,https://s22.q4cdn.com/617180940/files/doc_downloads/2019/10/Trevali-Mining-and-Tailings-Safety-Initiative-2019.pdf,,tailings_source_df,POINT (2099226.164919 322320.305711),,150
TAIL-bc3447c8-2019-1,2019,NB-TAIL-bc3447c8,TSF 2 Anaconda,Caribou,Province of New Brunswick,,Province of New Brunswick,-66.2975,47.5694444,Inactive,1970.0,"Downstream, Dry stack",11.0,165000,165000,Significant,Canadian Dam Association,https://s22.q4cdn.com/617180940/files/doc_downloads/2019/10/Trevali-Mining-and-Tailings-Safety-Initiative-2019.pdf,,tailings_source_df,POINT (2099226.164919 322320.305711),,150
TAIL-e363812a-2019-1,2019,ON-TAIL-e363812a,Dome No.6 TMA,Porcupine Gold Mines  ,Newmont Goldcorp,,Newmont/Goldcorp,-81.2136,48.4374,Active,1983.0,"Downstream , Centreline , Upstream",33.0,72000000,110000000,Extreme,Canadian Dam Association,https://www.newmontgoldcorp.com/document/church-of-england-tailings-management/,,tailings_source_df,POINT (1014364.928987 47729.839109),ON-MAIN-3b3e5365,23
TAIL-185d9e72-2019-1,2019,ON-TAIL-185d9e72,Coniaurum,Porcupine Gold Mines  ,Newmont Goldcorp,,Newmont/Goldcorp,-81.283,48.4976,Inactive Care and Maintenance,1913.0,Upstream,10.0,4900000,,Low,Canadian Dam Association,https://www.newmontgoldcorp.com/document/church-of-england-tailings-management/,,tailings_source_df,POINT (1007902.799936 53178.676976),ON-MAIN-3b3e5365,23
TAIL-9aa8d85e-2019-1,2019,ZZ-TAIL-9aa8d85e,Broulan Reef,Porcupine Gold Mines  ,Newmont Goldcorp,,Newmont/Goldcorp,81.1469,48.5135,Inactive Care and Maintenance,1938.0,Downstream,20.0,3300000,,High,Canadian Dam Association,https://www.newmontgoldcorp.com/document/church-of-england-tailings-management/,,tailings_source_df,POINT (1712496.852929 9040028.343094),,No cluster
TAIL-8d3d76f1-2019-1,2019,ON-TAIL-8d3d76f1,"Dome 1, 2, 2A",Porcupine Gold Mines  ,Newmont Goldcorp,,Newmont/Goldcorp,-81.2476,48.4763,Inactive Care and Maintenance,1925.0,Upstream,24.0,35000000,,Significant,Canadian Dam Association,https://www.newmontgoldcorp.com/document/church-of-england-tailings-management/,,tailings_source_df,POINT (1010972.483935 51422.256713),ON-MAIN-3b3e5365,23
TAIL-52a65906-2019-1,2019,ON-TAIL-52a65906,Dome 3,Porcupine Gold Mines  ,Newmont Goldcorp,,Newmont/Goldcorp,-81.2432,48.4696,Inactive Care and Maintenance,1961.0,Upstream,18.0,6800000,,Unknown,Not Classified,https://www.newmontgoldcorp.com/document/church-of-england-tailings-management/,,tailings_source_df,POINT (1011451.09608 50763.012902),ON-MAIN-3b3e5365,23
TAIL-97f2fb1c-2019-1,2019,ON-TAIL-97f2fb1c,Dome 4,Porcupine Gold Mines  ,Newmont Goldcorp,,Newmont/Goldcorp,-81.2549,48.4665,Inactive Care and Maintenance,1979.0,Upstream,10.0,1600000,,Unknown,Not Classified,https://www.newmontgoldcorp.com/document/church-of-england-tailings-management/,,tailings_source_df,POINT (1010678.375613 50239.633746),ON-MAIN-3b3e5365,23
TAIL-7c93051c-2019-1,2019,ON-TAIL-7c93051c,Dome 5,Porcupine Gold Mines  ,Newmont Goldcorp,,Newmont/Goldcorp,-81.2519,48.4635,Inactive Care and Maintenance,1925.0,Upstream,8.0,700000,,Unknown,Not Classified,https://www.newmontgoldcorp.com/document/church-of-england-tailings-management/,,tailings_source_df,POINT (1010967.216259 49960.785258),ON-MAIN-3b3e5365,23
TAIL-7faedf39-2019-1,2019,ON-TAIL-7faedf39,Paymaster North,Porcupine Gold Mines  ,Newmont Goldcorp,,Newmont/Goldcorp,-81.2674,48.4537,Inactive Care and Maintenance,1915.0,Upstream,11.0,2800000,,Unknown,Not Classified,https://www.newmontgoldcorp.com/document/church-of-england-tailings-management/,,tailings_source_df,POINT (1010079.150837 48647.83888),ON-MAIN-3b3e5365,23
TAIL-f3b07bcc-2019-1,2019,ON-TAIL-f3b07bcc,Paymaster South,Porcupine Gold Mines  ,Newmont Goldcorp,,Newmont/Goldcorp,-81.2599,48.4425,Inactive Care and Maintenance,1915.0,Upstream,10.0,1500000,,Unknown,Not Classified,https://www.newmontgoldcorp.com/document/church-of-england-tailings-management/,,tailings_source_df,POINT (1010889.724906 47547.842703),ON-MAIN-3b3e5365,23
TAIL-bdaac0ab-2019-1,2019,ON-TAIL-bdaac0ab,McIntyre,Porcupine Gold Mines  ,Newmont Goldcorp,,Newmont/Goldcorp,-81.2832,48.4997,Inactive Care and Maintenance,1912.0,Upstream,5.0,32200000,,Significant,Canadian Dam Association,https://www.newmontgoldcorp.com/document/church-of-england-tailings-management/,,tailings_source_df,POINT (1007838.264527 53404.06887),ON-MAIN-3b3e5365,23
TAIL-501b6735-2019-1,2019,ON-TAIL-501b6735,Pamour T3,Porcupine Gold Mines  ,Newmont Goldcorp,,Newmont/Goldcorp,-81.1329,48.5269,Inactive Care and Maintenance,1936.0,Upstream,14.0,17500000,,Significant,Canadian Dam Association,https://www.newmontgoldcorp.com/document/church-of-england-tailings-management/,,tailings_source_df,POINT (1018051.508406 58757.116572),ON-MAIN-3b3e5365,23
TAIL-9ecb480c-2019-1,2019,ON-TAIL-9ecb480c,Pamour T2,Porcupine Gold Mines  ,Newmont Goldcorp,,Newmont/Goldcorp,-81.1233,48.5167,Inactive Care and Maintenance,1936.0,Upstream,30.0,20700000,,Significant,Canadian Dam Association,https://www.newmontgoldcorp.com/document/church-of-england-tailings-management/,,tailings_source_df,POINT (1018991.034913 57801.381192),ON-MAIN-3b3e5365,23
TAIL-cfb752e7-2019-1,2019,ON-TAIL-cfb752e7,Pamour T1,Porcupine Gold Mines  ,Newmont Goldcorp,,Newmont/Goldcorp,-81.1136,48.5279,Inactive Care and Maintenance,1936.0,Upstream,15.0,3900000,,Unknown,Not Classified,https://www.newmontgoldcorp.com/document/church-of-england-tailings-management/,,tailings_source_df,POINT (1019421.718961 59174.998046),ON-MAIN-3b3e5365,23
TAIL-4d0dfd5b-2019-1,2019,ON-TAIL-4d0dfd5b,Aunor A,Porcupine Gold Mines  ,Newmont Goldcorp,,Newmont/Goldcorp,-81.2775,48.4419,Inactive Care and Maintenance,1940.0,Upstream,14.0,700000,,Significant,Canadian Dam Association,https://www.newmontgoldcorp.com/document/church-of-england-tailings-management/,,tailings_source_df,POINT (1009629.333438 47202.987027),ON-MAIN-3b3e5365,23
TAIL-3a5c246e-2019-1,2019,ON-TAIL-3a5c246e,Aunor B,Porcupine Gold Mines  ,Newmont Goldcorp,,Newmont/Goldcorp,-81.2818,48.4382,Inactive Care and Maintenance,1940.0,Upstream,18.0,1500000,,Moderate,Canadian Dam Association,https://www.newmontgoldcorp.com/document/church-of-england-tailings-management/,,tailings_source_df,POINT (1009406.127622 46731.951993),ON-MAIN-3b3e5365,23
TAIL-eea7df36-2019-1,2019,ON-TAIL-eea7df36,Delnite,Porcupine Gold Mines  ,Newmont Goldcorp,,Newmont/Goldcorp,-81.29701,48.43722,Inactive Care and Maintenance,1937.0,Upstream,16.0,1600000,,Moderate,Canadian Dam Association,https://www.newmontgoldcorp.com/document/church-of-england-tailings-management/,,tailings_source_df,POINT (1008327.67817 46384.01486),ON-MAIN-3b3e5365,23
TAIL-6913472c-2019-1,2019,ZZ-TAIL-6913472c,Hallnor,Porcupine Gold Mines  ,Newmont Goldcorp,,Newmont/Goldcorp,-81.1455,45.5239,Inactive Care and Maintenance,1939.0,Upstream,11.0,4900000,,Moderate,Canadian Dam Association,https://www.newmontgoldcorp.com/document/church-of-england-tailings-management/,,tailings_source_df,POINT (1089877.659801 -270080.536981),,No cluster
TAIL-202589c0-2019-1,2019,ON-TAIL-202589c0,Campbell Complex,Red Lake Gold Mines       ,Newmont Goldcorp,,Newmont/Goldcorp,-93.7575,51.0641,Active,1983.0,Upstream,14.0,7000000,8000000,Very High,Canadian Dam Association,https://www.newmontgoldcorp.com/document/church-of-england-tailings-management/,,tailings_source_df,POINT (86442.769137 229554.405351),ON-MAIN-7f050560,31
TAIL-c10ae34e-2019-1,2019,ON-TAIL-c10ae34e,Red Lake Complex,Red Lake Gold Mines       ,Newmont Goldcorp,,Newmont/Goldcorp,-93.7158,51.0641,Active,1960.0,"Modified Centreline, Downstream",8.0,6000000,7000000,Significant,Canadian Dam Association,https://www.newmontgoldcorp.com/document/church-of-england-tailings-management/,,tailings_source_df,POINT (89343.518933 229612.027843),ON-MAIN-7f050560,31
TAIL-6037a75a-2019-1,2019,ON-TAIL-6037a75a,Balmer Tailings,Red Lake Gold Mines       ,Newmont Goldcorp,,Newmont/Goldcorp,-93.7575,51.0641,Inactive Care and Maintenance,1949.0,Other,3.0,2500000,2500000,Low,Canadian Dam Association,https://www.newmontgoldcorp.com/document/church-of-england-tailings-management/,,tailings_source_df,POINT (86442.769137 229554.405351),ON-MAIN-7f050560,31
TAIL-294cb34c-2019-1,2019,ON-TAIL-294cb34c,Cochenour Wilanour Complex,Red Lake Gold Mines       ,Newmont Goldcorp,,Newmont/Goldcorp,-93.4843,51.0418,Inactive Care and Maintenance,1939.0,Centreline,7.0,1800000,1800000,High,Canadian Dam Association,https://www.newmontgoldcorp.com/document/church-of-england-tailings-management/,,tailings_source_df,POINT (105505.140724 227504.826039),ON-MAIN-7f050560,No cluster
TAIL-3985fecf-2019-1,2019,ON-TAIL-3985fecf,Main Tailings Facility,Dona Lake Mine         ,Newmont Goldcorp,,Newmont/Goldcorp,-90.0954,51.4159,Inactive Care and Maintenance,1990.0,Upstream,15.0,700000,,Significant,Canadian Dam Association,https://www.newmontgoldcorp.com/document/church-of-england-tailings-management/,,tailings_source_df,POINT (337914.127123 280567.289355),,No cluster
TAIL-c38f574d-2019-1,2019,ON-TAIL-c38f574d,Musselwhite TMA,Musselwhite Mine             ,Newmont Goldcorp,,Newmont/Goldcorp,-90.3806,52.5974,Active,1996.0,"Centreline, Upstream",21.0,12000000,19000000,Significant,Canadian Dam Association,https://www.newmontgoldcorp.com/document/church-of-england-tailings-management/,,tailings_source_df,POINT (308861.795024 408828.527106),ON-MAIN-fefeaee4,30
TAIL-583b41da-2019-1,2019,QC-TAIL-583b41da,No Dam,Eleonore Mine                ,Newmont Goldcorp,,Newmont/Goldcorp,-76.0682,52.7224,Active,2014.0,Filtered Tailings Stack on Liner,,,,,Not Classified,https://www.newmontgoldcorp.com/document/church-of-england-tailings-management/,,tailings_source_df,POINT (1244277.67424 597896.453646),,11
TAIL-547aba47-2019-1,2019,BC-TAIL-547aba47,TMA,Equity Silver                     ,Newmont Goldcorp,,Newmont/Goldcorp,-126.2691,54.2043,Inactive Care and Maintenance,1984.0,"Downstream, centreline",61.0,48000000,,Very High,Canadian Dam Association,https://www.newmontgoldcorp.com/document/church-of-england-tailings-management/,,tailings_source_df,POINT (-1926098.635757 1057027.448958),,151
TAIL-7791ece7-2019-1,2019,NT-TAIL-7791ece7,Upper Pud,Miramar - Con Mine           ,Newmont Goldcorp,,Miramar,-114.3763,62.4308,Reclaimed  ,1998.0,"Upstream, Centreline",13.0,1550000,,Low,Canadian Dam Association,https://www.newmontgoldcorp.com/document/church-of-england-tailings-management/,,tailings_source_df,POINT (-955881.401487 1613994.18128),,152
TAIL-c0247868-2019-1,2019,NT-TAIL-c0247868,Middle Pud,Miramar - Con Mine           ,Newmont Goldcorp,,Miramar,-114.3763,62.4308,Inactive,1998.0,Upstream,7.0,930000,,Low,Canadian Dam Association,https://www.newmontgoldcorp.com/document/church-of-england-tailings-management/,,tailings_source_df,POINT (-955881.401487 1613994.18128),,152
TAIL-fee10612-2019-1,2019,NT-TAIL-fee10612,"Lower Pud, Neil Lake and Neques TCAs",Miramar - Con Mine           ,Newmont Goldcorp,,Miramar,-114.3763,62.4308,Inactive,2009.0,Upstream,1.5,620000,,Low,Canadian Dam Association,https://www.newmontgoldcorp.com/document/church-of-england-tailings-management/,,tailings_source_df,POINT (-955881.401487 1613994.18128),,152
TAIL-378e970b-2019-1,2019,ON-TAIL-378e970b,Interlake Tailings Facility,Golden Giant                              ,Newmont Goldcorp,,,-85.9051,48.6956,Inactive   ,1984.0,Downstream ,38.0,11600000,,Extreme,Canadian Dam Association,https://www.newmontgoldcorp.com/document/church-of-england-tailings-management/,,tailings_source_df,POINT (668051.461477 13971.70064),,28
