row_id,year,tailing_id,tsf_name,related_mine,main_owner,full_ownership,operator,longitude,latitude,status,construction_year,raise_type,current_maximum_height,current_tailings_storage,planned_storage_5_years,hazard_categorization,classification_system,link,source,source_df,geometry
TAIL-66e68b05-2019-1,2019,NU-TAIL-ce1b28f4,North Cell,Meadowbank,Agnico Eagle,,Agnico Eagle,-96.043328,65.021558,Active,2009.0,"Downstream, Upstream",31.0,14400000,14400000,Medium,Canadian Dam Association,https://s21.q4cdn.com/374334112/files/doc_downloads/Sustainability/TM-Report/Agnico-Eagle-Summary-Tailings-Management-Report-June-2019.pdf,,tailings_source_df,POINT (-96.043328 65.021558)
TAIL-dbf8c6b3-2019-1,2019,NU-TAIL-46b364c0,South Cell,Meadowbank,Agnico Eagle,,Agnico Eagle,-96.033391,65.013782,Active,2012.0,Downstream,49.0,10420000,10800000,Medium,Canadian Dam Association,https://s21.q4cdn.com/374334112/files/doc_downloads/Sustainability/TM-Report/Agnico-Eagle-Summary-Tailings-Management-Report-June-2019.pdf,,tailings_source_df,POINT (-96.033391 65.013782)
TAIL-2d8793d8-2019-1,2019,NU-TAIL-6612fa3a,In pit,Meadowbank,Agnico Eagle,,Agnico Eagle,-96.032544,65.001901,Active,2009.0,,,850000,12500000,Low,,https://s21.q4cdn.com/374334112/files/doc_downloads/Sustainability/TM-Report/Agnico-Eagle-Summary-Tailings-Management-Report-June-2019.pdf,,tailings_source_df,POINT (-96.032544 65.001901)
TAIL-daa8a00b-2019-1,2019,NU-TAIL-f33b3dac,Meliadine TSF,Meliadine,Agnico Eagle,,Agnico Eagle,-92.140336,63.020829,Active,2019.0,,5.0,89000,4354000,Medium,Canadian Dam Association,https://s21.q4cdn.com/374334112/files/doc_downloads/Sustainability/TM-Report/Agnico-Eagle-Summary-Tailings-Management-Report-June-2019.pdf,,tailings_source_df,POINT (-92.140336 63.020829)
TAIL-096532be-2019-1,2019,QC-TAIL-bb8684fa,South TSF,Goldex,Agnico Eagle,,Agnico Eagle,-77.841978,48.054342,Active,2007.0,Not Raised,5.0,1664000,2500000,Medium,Canadian Dam Association,https://s21.q4cdn.com/374334112/files/doc_downloads/Sustainability/TM-Report/Agnico-Eagle-Summary-Tailings-Management-Report-June-2019.pdf,,tailings_source_df,POINT (-77.841978 48.054342)
TAIL-d6a6e1c9-2019-1,2019,QC-TAIL-debb4159,Canadian Malartic TSF,Canadian Malartic,Parternship Canadian Malartic,,Parternship Canadian Malartic,-78.091518,48.112562,Active,1991.0,Upstream,42.0,96000000,136500000,Medium,Canadian Dam Association,https://s21.q4cdn.com/374334112/files/doc_downloads/Sustainability/TM-Report/Agnico-Eagle-Summary-Tailings-Management-Report-June-2019.pdf,,tailings_source_df,POINT (-78.091518 48.112562)
TAIL-6860f260-2019-1,2019,QC-TAIL-283d8e72,Principal TSF,Laronde,Agnico Eagle,,Agnico Eagle,-78.417616,48.257872,Active,1988.0,Upstream,30.0,29923000,32650000,Medium,Canadian Dam Association,https://s21.q4cdn.com/374334112/files/doc_downloads/Sustainability/TM-Report/Agnico-Eagle-Summary-Tailings-Management-Report-June-2019.pdf,,tailings_source_df,POINT (-78.417616 48.257872)
TAIL-3c1eec94-2019-1,2019,QC-TAIL-7b82af08,Extension A4,Laronde,Agnico Eagle,,Agnico Eagle,-78.400641,48.254847,Active,2010.0,Not Raised,18.0,1500000,3400000,Medium,Canadian Dam Association,https://s21.q4cdn.com/374334112/files/doc_downloads/Sustainability/TM-Report/Agnico-Eagle-Summary-Tailings-Management-Report-June-2019.pdf,,tailings_source_df,POINT (-78.400641 48.254847)
TAIL-236d736b-2019-1,2019,QC-TAIL-549825c1,TMF North,Joutel,Agnico Eagle,,Agnico Eagle,-78.22401,49.293567,Inactive,1974.0,Downstream,9.0,4500000,4500000,Medium,Canadian Dam Association,https://s21.q4cdn.com/374334112/files/doc_downloads/Sustainability/TM-Report/Agnico-Eagle-Summary-Tailings-Management-Report-June-2019.pdf,,tailings_source_df,POINT (-78.22401 49.293567)
TAIL-2b3ad8b5-2019-1,2019,QC-TAIL-a7ada063,TMF South,Joutel,Agnico Eagle,,Agnico Eagle,-78.224038,49.291356,Inactive,1986.0,Downstream,6.0,2200000,2200000,Medium,Canadian Dam Association,https://s21.q4cdn.com/374334112/files/doc_downloads/Sustainability/TM-Report/Agnico-Eagle-Summary-Tailings-Management-Report-June-2019.pdf,,tailings_source_df,POINT (-78.224038 49.291356)
TAIL-61e2e8ab-2019-1,2019,ON-TAIL-ed4dd213,Nova Scotia Tailings Area,Cobalt,Agnico Eagle,,Agnico Eagle,-79.6605556,47.392222,Inactive,1992.0,Not Raised,9.0,240000,240000,Medium,,https://s21.q4cdn.com/374334112/files/doc_downloads/Sustainability/TM-Report/Agnico-Eagle-Summary-Tailings-Management-Report-June-2019.pdf,,tailings_source_df,POINT (-79.6605556 47.392222)
TAIL-28e9e030-2019-1,2019,NT-TAIL-08ae73c3,Gahcho Kué Area 2 FINE PKC,Gahcho Kue,Anglo American,Mountain Province Joint Venture partners,De Beers,-109.2117519,63.463619,Active,2016.0,Downstream,12.0,3500000,6880000,Major,Anglo American Technical Standard (AA TS 602 001),https://www.angloamerican.com/sustainability/tailings-summary/tailings-database?page=5,,tailings_source_df,POINT (-109.2117519 63.463619)
TAIL-0b38d534-2019-1,2019,NT-TAIL-64e79431,Gahcho Kué Course PKC Pile,Gahcho Kue,Anglo American,Mountain Province Joint Venture partners,De Beers,-109.2117519,63.463619,Active,2016.0,Dry stack,20.0,2900000,5590000,High,Anglo American Technical Standard (AA TS 602 001),https://www.angloamerican.com/sustainability/tailings-summary/tailings-database?page=5,,tailings_source_df,POINT (-109.2117519 63.463619)
TAIL-72b3b39e-2019-1,2019,ON-TAIL-e8542ddf,Victor Fines PK storage facility,Victor,Anglo American,De Beers,De Beers,-83.9387,52.8230667,Active,2008.0,Downstream,8.0,7400000,7400000,Minor,"Anglo American Technical Standard (AA TS 602 001); Canadian Dam Safety Association Dam Safety Guidelines (CDA, 2013,2014);Canadian Dam Safety Association Dam Safety Guidelines (CDA, 2013,2014)  ",https://www.angloamerican.com/sustainability/tailings-summary/tailings-database?page=5,,tailings_source_df,POINT (-83.9387 52.8230667)
TAIL-1af40db4-2019-1,2019,ON-TAIL-16da9c44,Victor Coarse PK & Lo rade Ore Stockpile,Victor,Anglo American,De Beers,De Beers,-83.9387,52.8230667,Active,2008.0,Dry stack,12.0,5940000,5940000,Minor,Anglo American Technical Standard (AA TS 602 001),https://www.angloamerican.com/sustainability/tailings-summary/tailings-database?page=5,,tailings_source_df,POINT (-83.9387 52.8230667)
TAIL-460f9108-2019-1,2019,ON-TAIL-813380da,Victor Coarse PK & overburden Stockpile,Victor,Anglo American,De Beers,De Beers,-83.925833,52.807844,Active,2008.0,Dry stack,14.0,5400000,5400000,Minor,Anglo American Technical Standard (AA TS 602 001),https://www.angloamerican.com/sustainability/tailings-summary/tailings-database?page=5,,tailings_source_df,POINT (-83.925833 52.807844)
TAIL-433ba489-2019-1,2019,NT-TAIL-555cfd36,Snap Lake North Pile,Snap Lake,Anglo American,De Beers,De Beers,-110.8666667,63.6052778,Inactive,2008.0,Hybrid PK Wasterock,22.0,3940000,3940000,Minor,Anglo American Technical Standard (AA TS 602 001); CDA; MAC,https://www.angloamerican.com/sustainability/tailings-summary/tailings-database?page=5,,tailings_source_df,POINT (-110.8666667 63.6052778)
TAIL-4e7b35bd-2019-1,2019,ON-TAIL-b678baeb,David Bell / Williams Basin,Hemlo,Barrick Gold Inc. (Ontario),Barrick Gold Corporation,Barrick Gold Corporation,-85.878245,48.668708,Active,1985.0,"Upstream, Downstream",41.0,68000000,68000000,Very High,Canadian Dam Association (CDA),https://barrick.q4cdn.com/788666289/files/doc_downloads/2019/06/Letter-to-the-CoE-plus-inventory.pdf,,tailings_source_df,POINT (-85.878245 48.668708)
TAIL-0acbae4a-2019-1,2019,ON-TAIL-8b79aaa9,North Tailings Basin,Bicroft,Barrick Gold Corporation,Barrick Gold Corporation,Barrick Gold Corporation,-78.044357,44.995564,Closed,1956.0,Upstream,9.0,1500000,1500000,High,Canadian Dam Association (CDA),https://barrick.q4cdn.com/788666289/files/doc_downloads/2019/06/Letter-to-the-CoE-plus-inventory.pdf,,tailings_source_df,POINT (-78.044357 44.995564)
TAIL-430b65a5-2019-1,2019,ON-TAIL-79a5c6d8,South Tailings Basin,Bicroft,Barrick Gold Corporation,Barrick Gold Corporation,Barrick Gold Corporation,-78.038638,44.987684,Closed,1956.0,Upstream,8.0,200000,200000,Significant,Canadian Dam Association (CDA),https://barrick.q4cdn.com/788666289/files/doc_downloads/2019/06/Letter-to-the-CoE-plus-inventory.pdf,,tailings_source_df,POINT (-78.038638 44.987684)
TAIL-a3cc82a6-2019-1,2019,QC-TAIL-e6a02cd4,Bousquet LTA,Bousquet ,Barrick Gold Corporation,Barrick Gold Corporation,Barrick Gold Corporation,-78.000949,48.106408,Closed,1938.0,Upstream,15.0,14000000,14000000,Significant,Canadian Dam Association (CDA),https://barrick.q4cdn.com/788666289/files/doc_downloads/2019/06/Letter-to-the-CoE-plus-inventory.pdf,,tailings_source_df,POINT (-78.000949 48.106408)
TAIL-cf8faefb-2019-1,2019,QC-TAIL-57428d40,Tailings Stack,Cadillac Molybdenite,Barrick Gold Corporation,Barrick Gold Corporation,Barrick Gold Corporation,-78.382253,48.315221,Closed,1965.0,Upstream,20.0,1300000,1300000,Significant,Canadian Dam Association (CDA),https://barrick.q4cdn.com/788666289/files/doc_downloads/2019/06/Letter-to-the-CoE-plus-inventory.pdf,,tailings_source_df,POINT (-78.382253 48.315221)
TAIL-094b92c2-2019-1,2019,NU-TAIL-e26fa98b,Tailings Pond 1,Cullaton Lake,Barrick Gold Corporation,Barrick Gold Corporation,Barrick Gold Corporation,-98.492138,61.265859,Closed,1981.0,Downstream,5.0,300000,300000,Low,Canadian Dam Association (CDA),https://barrick.q4cdn.com/788666289/files/doc_downloads/2019/06/Letter-to-the-CoE-plus-inventory.pdf,,tailings_source_df,POINT (-98.492138 61.265859)
TAIL-deb52597-2019-1,2019,NU-TAIL-70f26e1b,Tailings Pond 2,Cullaton Lake,Barrick Gold Corporation,Barrick Gold Corporation,Barrick Gold Corporation,-98.4799,61.264636,Closed,1981.0,Downstream,0.0,0,0,Not rated,,https://barrick.q4cdn.com/788666289/files/doc_downloads/2019/06/Letter-to-the-CoE-plus-inventory.pdf,,tailings_source_df,POINT (-98.4799 61.264636)
TAIL-ad585c16-2019-1,2019,BC-TAIL-7b57eb50,Albino Lake TSF,Eskay,Barrick Gold Corporation,Barrick Gold Corporation,Barrick Gold Corporation,-130.496457,56.650496,Closed,1997.0,Lake,,200000,200000,Not rated,,https://barrick.q4cdn.com/788666289/files/doc_downloads/2019/06/Letter-to-the-CoE-plus-inventory.pdf,,tailings_source_df,POINT (-130.496457 56.650496)
TAIL-a1a1b7ff-2019-1,2019,BC-TAIL-c4c79202,Tom McKay TSF,Eskay,Barrick Gold Corporation,Barrick Gold Corporation,Barrick Gold Corporation,-130.520252,56.619746,Closed,2001.0,Lake,,500000,500000,Not rated,,https://barrick.q4cdn.com/788666289/files/doc_downloads/2019/06/Letter-to-the-CoE-plus-inventory.pdf,,tailings_source_df,POINT (-130.520252 56.619746)
TAIL-5b4a6c9d-2019-1,2019,BC-TAIL-cffbcaae,Upper TSF,Giant Nickel,Barrick Gold Corporation,Barrick Gold Corporation,Barrick Gold Corporation,-121.461631,49.482295,Closed,1958.0,Upstream,17.0,1800000,1800000,Not rated,,https://barrick.q4cdn.com/788666289/files/doc_downloads/2019/06/Letter-to-the-CoE-plus-inventory.pdf,,tailings_source_df,POINT (-121.461631 49.482295)
TAIL-9df1a292-2019-1,2019,BC-TAIL-f06508bf,Lower TSF,Giant Nickel,Barrick Gold Corporation,Barrick Gold Corporation,Barrick Gold Corporation,-121.457824,49.48343,Closed,1971.0,Downstream,22.0,1800000,1800000,Very High,Canadian Dam Association (CDA),https://barrick.q4cdn.com/788666289/files/doc_downloads/2019/06/Letter-to-the-CoE-plus-inventory.pdf,,tailings_source_df,POINT (-121.457824 49.48343)
TAIL-d72f33f4-2019-1,2019,ON-TAIL-d6eff356,Golden Patricia TSF,Golden Patricia,Barrick Gold Corporation,Barrick Gold Corporation,Barrick Gold Corporation,-91.131883,51.369843,Closed,1988.0,"Upstream, Centreline",5.0,800000,800000,Low,Canadian Dam Association (CDA),https://barrick.q4cdn.com/788666289/files/doc_downloads/2019/06/Letter-to-the-CoE-plus-inventory.pdf,,tailings_source_df,POINT (-91.131883 51.369843)
TAIL-294a3f7e-2019-1,2019,BC-TAIL-4de5b9a1,Nickel Plate TSF,Nickel Plate,Barrick Gold Corporation,Barrick Gold Corporation,Barrick Gold Corporation,-120.024094,49.35533,Closed,1987.0,"Upstream, Centreline",49.0,7600000,8200000,Very High,Canadian Dam Association (CDA),https://barrick.q4cdn.com/788666289/files/doc_downloads/2019/06/Letter-to-the-CoE-plus-inventory.pdf,,tailings_source_df,POINT (-120.024094 49.35533)
TAIL-aaaef94f-2019-1,2019,QC-TAIL-61076560,Parc A Residus,Powell Rouyn,Barrick Gold Corporation,Barrick Gold Corporation,Barrick Gold Corporation,-79.050362,48.258235,Closed,1937.0,Upstream,6.0,300000,300000,Significant,Canadian Dam Association (CDA),https://barrick.q4cdn.com/788666289/files/doc_downloads/2019/06/Letter-to-the-CoE-plus-inventory.pdf,,tailings_source_df,POINT (-79.050362 48.258235)
TAIL-42c9091c-2019-1,2019,ON-TAIL-d1766008,Renabie TSFs,Renabie,Barrick Gold Corporation,Barrick Gold Corporation,Barrick Gold Corporation,-83.863747,48.372015,Closed,1947.0,Upstream,13.0,3900000,3900000,Low,Canadian Dam Association (CDA),https://barrick.q4cdn.com/788666289/files/doc_downloads/2019/06/Letter-to-the-CoE-plus-inventory.pdf,,tailings_source_df,POINT (-83.863747 48.372015)
TAIL-2aca9fee-2019-1,2019,ON-TAIL-fea82e8f,Uchi TSFs,Uchi,Barrick Gold Corporation,Barrick Gold Corporation,Barrick Gold Corporation,-92.5936,51.0709,Closed,1938.0,Landform,,500000,500000,Low,Canadian Dam Association (CDA),https://barrick.q4cdn.com/788666289/files/doc_downloads/2019/06/Letter-to-the-CoE-plus-inventory.pdf,,tailings_source_df,POINT (-92.5936 51.0709)
TAIL-c0edd3c1-2019-1,2019,NT-TAIL-c7b572ed,PKC TSF,Diavik,Joint Venture,"Rio Tinto (60%), Dominion Diamond Mines (40%)",Rio Tinto,-110.31224,64.4914,Active,2002.0,Modified Centreline,48.0,34025000,44300000,High,Canadian Dam Association (CDA) 2013,https://www.riotinto.com/sustainability/environment/tailings,,tailings_source_df,POINT (-110.31224 64.4914)
TAIL-bc123614-2019-1,2019,SK-TAIL-f3596a83,Star FMA,FalCon Project,Rio Tinto,"Rio Tinto, Star Diamond Corporation",Rio Tinto,-104.77753,53.22399,Active,2004.0,Centreline,2.0,1968,25000,Low,Canadian Dam Association (CDA) 2013,https://www.riotinto.com/sustainability/environment/tailings,,tailings_source_df,POINT (-104.77753 53.22399)
TAIL-181eb354-2019-1,2019,NL-TAIL-c872f223,Wabush Lake Disposal,IOC Labrador City,Iron Ore Company of Canada,"Rio Tinto (58.7%), Mitsubishi (26.2%), Labrador Iron Ore Royalty Income Corporation (15.1%)",Iron Ore Company of Canada,-66.87,53.0,Active,1964.0,Lake,0.0,130000000,226000000,Low,Canadian Dam Association (CDA) 2013,https://www.riotinto.com/sustainability/environment/tailings,,tailings_source_df,POINT (-66.87 53)
TAIL-e0286cf3-2019-1,2019,QC-TAIL-a130f70a,Sept-iles Tailings,IOC Sept Iles,Iron Ore Company of Canada,"Rio Tinto (58.7%), Mitsubishi (26.2%), Labrador Iron Ore Royalty Income Corporation (15.1%)",Iron Ore Company of Canada,-66.32314,50.21811,Inactive,1972.0,Single embankment,5.0,1000000,1000000,Very Low,Canadian Dam Association (CDA) 2013,https://www.riotinto.com/sustainability/environment/tailings,,tailings_source_df,POINT (-66.32314 50.21811)
TAIL-287a1089-2019-1,2019,QC-TAIL-1a45d60b,P84,Sorel-Tracy,Rio Tinto,,Rio Tinto,-73.168,45.973,Active,1994.0,Dry stack,33.0,3285330,3950000,Significant,Canadian Dam Association (CDA) 2013,https://www.riotinto.com/sustainability/environment/tailings,,tailings_source_df,POINT (-73.168 45.973)
TAIL-2181ccdc-2019-1,2019,QC-TAIL-61fb6c9a,Laterriere TSF - Basins XC-XD,Vaudreuil,Rio Tinto,,Rio Tinto,-71.2042,48.34421,Inactive,1967.0,Downstream,30.0,10000000,10000000,High,Canadian Dam Association (CDA) 2013,https://www.riotinto.com/sustainability/environment/tailings,,tailings_source_df,POINT (-71.2042 48.34421)
TAIL-df6f9b1a-2019-1,2019,QC-TAIL-5afbac14,Local TSF - Jonquiere,Vaudreuil,Rio Tinto,,Rio Tinto,-71.15169,48.41559,Active,1942.0,Downstream,40.0,30000000,35000000,Very High,Canadian Dam Association (CDA) 2013,https://www.riotinto.com/sustainability/environment/tailings,,tailings_source_df,POINT (-71.15169 48.41559)
TAIL-31aa1aad-2019-1,2019,NS-TAIL-2436e6a6,East Kemptville Tailings Management Area,East Kemptville,BHP,,BHP,-65.702,44.111,Closed,1985.0,Centreline,9.0,12800000,12800000,High,Canadian Dam Association,https://www.bhp.com/-/media/documents/environment/2019/190607_coe.pdf?la=en,,tailings_source_df,POINT (-65.702 44.111)
TAIL-53ac05c6-2019-1,2019,ON-TAIL-3d06537b,Lacnor Tailings Management Area,Elliot Lake,BHP,,BHP,-82.585363,46.392515,Closed,1957.0,Upstream,15.0,1500000,1500000,Low,Canadian Dam Association/MNR Ontario Dam Safety Guidelines,https://www.bhp.com/-/media/documents/environment/2019/190607_coe.pdf?la=en,,tailings_source_df,POINT (-82.585363 46.392515)
TAIL-de70c6c6-2019-1,2019,ON-TAIL-ec67d07b,Milliken Tailings Management Area,Elliot Lake,BHP,,BHP,-82.646575,46.399908,Closed,1958.0,Centreline,4.0,100000,100000,High,Canadian Dam Association/MNR Ontario Dam Safety Guidelines,https://www.bhp.com/-/media/documents/environment/2019/190607_coe.pdf?la=en,,tailings_source_df,POINT (-82.646575 46.399908)
TAIL-12a5f8dd-2019-1,2019,ON-TAIL-a1e34ebd,Nordic Tailings Management Area,Elliot Lake,BHP,,BHP,-82.607482,46.38231,Closed,1957.0,Upstream,12.0,6900000,6900000,Significant,Canadian Dam Association/MNR Ontario Dam Safety Guidelines,https://www.bhp.com/-/media/documents/environment/2019/190607_coe.pdf?la=en,,tailings_source_df,POINT (-82.607482 46.38231)
TAIL-303eff3a-2019-1,2019,ON-TAIL-7fe939a9,Panel Tailings Management Area,Elliot Lake,BHP,,BHP,-82.551727,46.52408,Closed,1958.0,Centreline,23.0,8800000,8800000,High,Canadian Dam Association/MNR Ontario Dam Safety Guidelines,https://www.bhp.com/-/media/documents/environment/2019/190607_coe.pdf?la=en,,tailings_source_df,POINT (-82.551727 46.52408)
TAIL-325d5072-2019-1,2019,ON-TAIL-28cb4751,Pronto Tailings Management Area,Elliot Lake,BHP,,BHP,-82.704707,46.206818,Closed,1955.0,Centreline,13.0,2500000,2500000,Very High,Canadian Dam Association/MNR Ontario Dam Safety Guidelines,https://www.bhp.com/-/media/documents/environment/2019/190607_coe.pdf?la=en,,tailings_source_df,POINT (-82.704707 46.206818)
TAIL-8c4da8af-2019-1,2019,ON-TAIL-d269f54a,Quirke Tailings Management Area,Elliot Lake,BHP,,BHP,-82.657137,46.50859,Closed,1956.0,Centreline,26.0,32600000,32600000,Very High,Canadian Dam Association/MNR Ontario Dam Safety Guidelines,https://www.bhp.com/-/media/documents/environment/2019/190607_coe.pdf?la=en,,tailings_source_df,POINT (-82.657137 46.50859)
TAIL-968dfb5c-2019-1,2019,ON-TAIL-f488937f,Spanish American Tailings Management Area,Elliot Lake,BHP,,BHP,-82.601569,46.472266,Closed,1958.0,Centreline,2.0,300000,300000,Low,Canadian Dam Association/MNR Ontario Dam Safety Guidelines,https://www.bhp.com/-/media/documents/environment/2019/190607_coe.pdf?la=en,,tailings_source_df,POINT (-82.601569 46.472266)
TAIL-f89ddfad-2019-1,2019,ON-TAIL-c64f4c25,Stanleigh Tailings Management Area,Elliot Lake,BHP,,BHP,-82.59924,46.44754,Closed,1958.0,Centreline,23.0,11500000,11500000,Very High,Canadian Dam Association/MNR Ontario Dam Safety Guidelines,https://www.bhp.com/-/media/documents/environment/2019/190607_coe.pdf?la=en,,tailings_source_df,POINT (-82.59924 46.44754)
TAIL-6e3b2e92-2019-1,2019,BC-TAIL-276b9731,Island Copper Tailings,Island Copper,BHP,,BHP,-127.467926,50.59055,Closed,1971.0,In-pit,,308000000,308000000,,,https://www.bhp.com/-/media/documents/environment/2019/190607_coe.pdf?la=en,,tailings_source_df,POINT (-127.467926 50.59055)
TAIL-14b6eed3-2019-1,2019,QC-TAIL-7fd557c2,Poirier Tailings Disposal Area,Poirier,BHP,,BHP,-78.392419,49.445809,Closed,1965.0,Upstream,10.0,2500000,2500000,Low,Canadian Dam Association/Quebec Dam Safety Regulations,https://www.bhp.com/-/media/documents/environment/2019/190607_coe.pdf?la=en,,tailings_source_df,POINT (-78.392419 49.445809)
TAIL-571397e1-2019-1,2019,QC-TAIL-6e035c3f,Selbaie Tailings Facility,Selbaie,BHP,,BHP,-78.957185,49.799028,Closed,1981.0,Centreline,24.0,32500000,32500000,High,Canadian Dam Association/Quebec Dam Safety Regulations,https://www.bhp.com/-/media/documents/environment/2019/190607_coe.pdf?la=en,,tailings_source_df,POINT (-78.957185 49.799028)
TAIL-c676bb72-2019-1,2019,BC-TAIL-807fa93f,Bullmoose Tailings,Bullmoose,BHP,"TECK COMINCO (61%), BHP BILLITON (29%), and NISSHO-IWAI (CANADA) (10%)",Bullmoose Operating Corporation,-121.476274,55.136278,Inactive,1983.0,Downstream,38.0,4600000,4600000,High,Canadian Dam Association,https://www.bhp.com/-/media/documents/environment/2019/190607_coe.pdf?la=en,,tailings_source_df,POINT (-121.476274 55.136278)
TAIL-50213e86-2019-1,2019,ZZ-TAIL-23afbe61,Sigma Tailings Storage Facility,Lamaque,Integra Gold Corp,Unamgen Mineracao e Metalurgia is a subsidiary of Eldorado Gold Corp,Integra Gold Corp,,,Active,,Upstream,18.5,765000,,High,Canadian Dam Association,https://s2.q4cdn.com/536453762/files/doc_downloads/2020/01/Eldorado-Gold-Tailings-Facilities-Summary-(January-2020)-V4.pdf,,tailings_source_df,POINT (NaN NaN)
TAIL-96ba7757-2019-1,2019,ZZ-TAIL-a8592923,Lamaque Closed Tailings Facility,Lamaque,Integra Gold Corp,Integra is a subsidiary of Eldorado Gold Corp,Integra Gold Corp,,,Closed,,Upstream,10.0,16000000,,High,Canadian Dam Association,https://s2.q4cdn.com/536453762/files/doc_downloads/2020/01/Eldorado-Gold-Tailings-Facilities-Summary-(January-2020)-V4.pdf,,tailings_source_df,POINT (NaN NaN)
TAIL-0d781fc7-2019-1,2019,QC-TAIL-9b1a3b83,Tailings Storage Facility (Dam 2) (7),Louvicourt,Teck,"Teck 55%,  Glencore 45%",Teck,-77.60138889,48.1325,Closed,1993.0,Downstream,15.0,5990000,5990000,Very High,CDA 2007 (2013),https://www.glencore.com/dam/jcr:58e3d8ff-97c1-422f-8d31-dd2fee89fcc3/Glencore_TSFs_190614.pdf,,tailings_source_df,POINT (-77.60138889 48.1325)
TAIL-e85b8816-2019-1,2019,NB-TAIL-c6c38e9d,"Mine 12 Tailings Impoundment East Dam E1, E2,E3, North Dam west dam and south dam",Brunswick Mine,Xstrata plc,,Xstrata plc,-65.86833333,47.48388889,Closed,1964.0,Upstream,35.0,71400000,71400000,Significant,CDA 2007 (2013),https://www.glencore.com/dam/jcr:58e3d8ff-97c1-422f-8d31-dd2fee89fcc3/Glencore_TSFs_190614.pdf,,tailings_source_df,POINT (-65.86833333 47.48388889)
TAIL-a16bec18-2019-1,2019,NB-TAIL-8e5e2bc0,Mine 12 Tailings Impoundment East Dam E2,Brunswick Mine,Xstrata plc,,Xstrata plc,-65.86833333,47.48388889,Closed,1964.0,Upstream,35.0,71400000,71400000,Low,CDA 2007 (2013),https://www.glencore.com/dam/jcr:58e3d8ff-97c1-422f-8d31-dd2fee89fcc3/Glencore_TSFs_190614.pdf,,tailings_source_df,POINT (-65.86833333 47.48388889)
TAIL-be968aa2-2019-1,2019,QC-TAIL-62153b3f,Dam 6,Mines Gaspe,Xstrata plc,,Xstrata plc,-65.4375,48.91916667,Closed,1973.0,Downstream,15.0,150000,150000,Significant,CDA 2007 (2013),https://www.glencore.com/dam/jcr:58e3d8ff-97c1-422f-8d31-dd2fee89fcc3/Glencore_TSFs_190614.pdf,,tailings_source_df,POINT (-65.4375 48.91916667)
TAIL-75fc986c-2019-1,2019,QC-TAIL-53570e91,Tailings Storage Facility 1 (Tailings Dam 1),Mines Gaspe,Xstrata plc,,Xstrata plc,-65.46083333,48.92611111,Closed,1955.0,Upstream,35.0,26700000,26700000,Low,CDA 2007 (2013),https://www.glencore.com/dam/jcr:58e3d8ff-97c1-422f-8d31-dd2fee89fcc3/Glencore_TSFs_190614.pdf,,tailings_source_df,POINT (-65.46083333 48.92611111)
TAIL-6a404863-2019-1,2019,QC-TAIL-169e21ab,Tailings Storage Facility 2 (Tailings Dam 2),Mines Gaspe,Xstrata plc,,Xstrata plc,-65.47138889,48.92194444,Closed,1963.0,Upstream,44.0,34900000,34900000,High,CDA 2007 (2013),https://www.glencore.com/dam/jcr:58e3d8ff-97c1-422f-8d31-dd2fee89fcc3/Glencore_TSFs_190614.pdf,,tailings_source_df,POINT (-65.47138889 48.92194444)
TAIL-63b09459-2019-1,2019,QC-TAIL-831b34b1,Tailings Storage Facility 3 (Tailings Dam 3),Mines Gaspe,Xstrata plc,,Xstrata plc,-65.49888889,48.91666667,Closed,1972.0,Downstream,54.0,5080000,5080000,Low,CDA 2007 (2013),https://www.glencore.com/dam/jcr:58e3d8ff-97c1-422f-8d31-dd2fee89fcc3/Glencore_TSFs_190614.pdf,,tailings_source_df,POINT (-65.49888889 48.91666667)
TAIL-d90bbaf2-2019-1,2019,ON-TAIL-0682de72,"Geco Tailings Facility (CN1, CN2 , CP, CP3, E1-E3)",Geco,Xstrata plc,,Xstrata plc,-85.78111111,49.16222222,Closed,1955.0,Upstream,35.0,40000000,40000000,High,CDA 2007 (2013),https://www.glencore.com/dam/jcr:58e3d8ff-97c1-422f-8d31-dd2fee89fcc3/Glencore_TSFs_190614.pdf,,tailings_source_df,POINT (-85.78111111 49.16222222)
TAIL-e5f43438-2019-1,2019,NB-TAIL-2cf0efd7,Tailings Management Area ,Heath Steele,Subsidiary,,,-66.075,47.2725,Closed,1990.0,Downstream,21.0,15700000,15700000,Very High,CDA 2007 (2013),https://www.glencore.com/dam/jcr:58e3d8ff-97c1-422f-8d31-dd2fee89fcc3/Glencore_TSFs_190614.pdf,,tailings_source_df,POINT (-66.075 47.2725)
TAIL-6fe79b8c-2019-1,2019,ON-TAIL-4ffa481c,Mattabi TSF ,Mattabi,Subsidiary,,,-90.95027778,49.86833333,Closed,1971.0,Upstream,10.0,10000000,10000000,High,CDA 2007 (2013),https://www.glencore.com/dam/jcr:58e3d8ff-97c1-422f-8d31-dd2fee89fcc3/Glencore_TSFs_190614.pdf,,tailings_source_df,POINT (-90.95027778 49.86833333)
TAIL-e5aed23a-2019-1,2019,ON-TAIL-016edf6c,Tailings Storage Facility (Dam D/G),Willroy,Subsidiary,,,-85.82972222,49.16555556,Closed,1950.0,Upstream,21.0,5300000,5300000,High,CDA 2007 (2013),https://www.glencore.com/dam/jcr:58e3d8ff-97c1-422f-8d31-dd2fee89fcc3/Glencore_TSFs_190614.pdf,,tailings_source_df,POINT (-85.82972222 49.16555556)
TAIL-2a5d97ba-2019-1,2019,BC-TAIL-0ccc8207,Tailings Storage Facility (Main Dam),Brenda,Glencore Xstrata,"Glencore, Xstrata",Glencore Xstrata,-119.9513889,49.85972222,Closed,1969.0,Centreline,140.0,133000000,133000000,Extreme,CDA 2007 (2013),https://www.glencore.com/dam/jcr:58e3d8ff-97c1-422f-8d31-dd2fee89fcc3/Glencore_TSFs_190614.pdf,,tailings_source_df,POINT (-119.9513889 49.85972222)
TAIL-27d922ff-2019-1,2019,BC-TAIL-d591f938,Tailings Storage Facility Saddle Dam,Brenda,Glencore Xstrata,"Glencore, Xstrata",Glencore Xstrata,-119.9519417,49.86160833,Closed,1979.0,Downstream,38.0,133000000,133000000,Extreme,CDA 2007 (2013),https://www.glencore.com/dam/jcr:58e3d8ff-97c1-422f-8d31-dd2fee89fcc3/Glencore_TSFs_190614.pdf,,tailings_source_df,POINT (-119.9519417 49.86160833)
TAIL-9b21f5da-2019-1,2019,BC-TAIL-730bdb2f,Boss Tailings Storage Facility (Main Dam),Boss Mountain,Glencore Plc,,Glencore Plc,-120.8694444,52.09305556,Closed,1977.0,Downstream,15.0,5000000,5000000,High,CDA 2007 (2013),https://www.glencore.com/dam/jcr:58e3d8ff-97c1-422f-8d31-dd2fee89fcc3/Glencore_TSFs_190614.pdf,,tailings_source_df,POINT (-120.8694444 52.09305556)
TAIL-4639bb24-2019-1,2019,BC-TAIL-ba9838e8,Boss Tailings Storage Facility North Tailings Berm,Boss Mountain,Glencore Plc,,Glencore Plc,-120.8694444,52.09305556,Closed,1977.0,Downstream,5.0,5000000,5000000,Low,CDA 2007 (2013),https://www.glencore.com/dam/jcr:58e3d8ff-97c1-422f-8d31-dd2fee89fcc3/Glencore_TSFs_190614.pdf,,tailings_source_df,POINT (-120.8694444 52.09305556)
TAIL-41a14366-2019-1,2019,BC-TAIL-3151f401,Main Tailings Impoundment Dam 1-6,Bell,Glencore Canada Corporation,,Glencore Canada Corporation,-126.2323306,55.00309444,Closed,1970.0,Downstream,52.0,48000000,48000000,Low,CDA 2007 (2013),https://www.glencore.com/dam/jcr:58e3d8ff-97c1-422f-8d31-dd2fee89fcc3/Glencore_TSFs_190614.pdf,,tailings_source_df,POINT (-126.2323306 55.00309444)
TAIL-5195d862-2019-1,2019,BC-TAIL-d99b358a,"Tailings Expansion (Dam 7,8)",Bell,Glencore Canada Corporation,,Glencore Canada Corporation,-126.2323306,55.00309444,Closed,1980.0,Downstream,55.0,1000000,1000000,Low,CDA 2007 (2013),https://www.glencore.com/dam/jcr:58e3d8ff-97c1-422f-8d31-dd2fee89fcc3/Glencore_TSFs_190614.pdf,,tailings_source_df,POINT (-126.2323306 55.00309444)
TAIL-017abe28-2019-1,2019,BC-TAIL-6ceb6d3d,No. 1 Tailings Impoundment (Dam 1),Granisle,Glencore Canada Corporation,,Glencore Canada Corporation,-126.1725,54.93888889,Closed,1966.0,Downstream,12.0,4000000,4000000,Low,CDA 2007 (2013),https://www.glencore.com/dam/jcr:58e3d8ff-97c1-422f-8d31-dd2fee89fcc3/Glencore_TSFs_190614.pdf,,tailings_source_df,POINT (-126.1725 54.93888889)
TAIL-b4003e96-2019-1,2019,BC-TAIL-2a82318a,No. 2 Tailings Impoundment Dam 3-5,Granisle,Glencore Canada Corporation,,Glencore Canada Corporation,-126.1725,54.93888889,Closed,1968.0,Downstream,60.0,30000000,30000000,Low,CDA 2007 (2013),https://www.glencore.com/dam/jcr:58e3d8ff-97c1-422f-8d31-dd2fee89fcc3/Glencore_TSFs_190614.pdf,,tailings_source_df,POINT (-126.1725 54.93888889)
TAIL-00c289fc-2019-1,2019,QC-TAIL-28d08f3e,Noranda 4 (Principal Dyke),Fonderie Horne,Glencore Canada Corporation,,Glencore Canada Corporation,-79.07333333,48.23,Inactive,1947.0,Downstream,9.1,1880000,1880000,High,CDA 2007 (2013),https://www.glencore.com/dam/jcr:58e3d8ff-97c1-422f-8d31-dd2fee89fcc3/Glencore_TSFs_190614.pdf,,tailings_source_df,POINT (-79.07333333 48.23)
TAIL-577c3e3a-2019-1,2019,QC-TAIL-d3b8bfd3,"Noranda 5 Polishing Pond (South, North-East  and West Dyke)",Fonderie Horne,Glencore Canada Corporation,,Glencore Canada Corporation,-79.08833333,48.22638889,Active,2012.0,Downstream,9.5,2900000,2900000,Very High,CDA 2007 (2013),https://www.glencore.com/dam/jcr:58e3d8ff-97c1-422f-8d31-dd2fee89fcc3/Glencore_TSFs_190614.pdf,,tailings_source_df,POINT (-79.08833333 48.22638889)
TAIL-929dded2-2019-1,2019,QC-TAIL-f441ecf0,"Noranda 5 (Dyke N5-1,2,3)",Fonderie Horne,Glencore Canada Corporation,,Glencore Canada Corporation,-79.09444444,48.22111111,Active,2015.0,Upstream,8.0,5000000,7500000,Very High,CDA 2007 (2013),https://www.glencore.com/dam/jcr:58e3d8ff-97c1-422f-8d31-dd2fee89fcc3/Glencore_TSFs_190614.pdf,,tailings_source_df,POINT (-79.09444444 48.22111111)
TAIL-909ad46c-2019-1,2019,QC-TAIL-49281112,Waite Amulet TSF (Acid rock drainage water pond) (Principal Dike),Fonderie Horne,Glencore Canada Corporation,,Glencore Canada Corporation,-79.07521111,48.33078889,Closed,1973.0,Centreline,3.0,650000,650000,,CDA 2007 (2013),https://www.glencore.com/dam/jcr:58e3d8ff-97c1-422f-8d31-dd2fee89fcc3/Glencore_TSFs_190614.pdf,,tailings_source_df,POINT (-79.07521111 48.33078889)
TAIL-ee97599d-2019-1,2019,QC-TAIL-cbf72b8b,Quémont-2 TSF (A-G),Fonderie Horne,Glencore Canada Corporation,,Glencore Canada Corporation,-78.97833333,48.26805556,Inactive,1989.0,Downstream,14.0,8200000,8200000,Very High,CDA 2007 (2013),https://www.glencore.com/dam/jcr:58e3d8ff-97c1-422f-8d31-dd2fee89fcc3/Glencore_TSFs_190614.pdf,,tailings_source_df,POINT (-78.97833333 48.26805556)
TAIL-ad75c277-2019-1,2019,ON-TAIL-247bbb8f,Neutralizing Reservoir Dam,Onaping Area Mines,Glencore Canada Corporation,,Glencore Canada Corporation,-81.33527778,46.64277778,Active,1968.0,Centreline,15.0,9000000,10000000,Very High,CDA 2007 (2013),https://www.glencore.com/dam/jcr:58e3d8ff-97c1-422f-8d31-dd2fee89fcc3/Glencore_TSFs_190614.pdf,,tailings_source_df,POINT (-81.33527778 46.64277778)
TAIL-a086f6b5-2019-1,2019,ON-TAIL-9e205ce7,Polishing Reservoir Dam,Onaping Area Mines,Glencore Canada Corporation,,Glencore Canada Corporation,-81.349975,46.64514444,Inactive,,Centreline,8.0,0,0,Very High,CDA 2007 (2013),https://www.glencore.com/dam/jcr:58e3d8ff-97c1-422f-8d31-dd2fee89fcc3/Glencore_TSFs_190614.pdf,,tailings_source_df,POINT (-81.349975 46.64514444)
TAIL-04b3f1c6-2019-1,2019,ON-TAIL-0a70bfd6,Strathcona Tailings Area Dam 3A & 3B,Onaping Area Mines,Glencore Canada Corporation,,Glencore Canada Corporation,-81.31111111,46.65916667,Active,2001.0,Centreline,13.0,4000000,4000000,Very High,CDA 2007 (2013),https://www.glencore.com/dam/jcr:58e3d8ff-97c1-422f-8d31-dd2fee89fcc3/Glencore_TSFs_190614.pdf,,tailings_source_df,POINT (-81.31111111 46.65916667)
TAIL-de3da78c-2019-1,2019,ON-TAIL-b4e1cde4,Smelter Complex (Dam 1),Smelter Complex,Sudbury Integrated Nickel Operations,Glencore,Sudbury Integrated Nickel Operations,-80.7825,46.59222222,Inactive,,Centreline,13.0,Unknown,Unknown,High,CDA 2007 (2013),https://www.glencore.com/dam/jcr:58e3d8ff-97c1-422f-8d31-dd2fee89fcc3/Glencore_TSFs_190614.pdf,,tailings_source_df,POINT (-80.7825 46.59222222)
TAIL-40f62285-2019-1,2019,ON-TAIL-835ba312,Smelter Complex Dam 12,Smelter Complex,Sudbury Integrated Nickel Operations,Glencore,Sudbury Integrated Nickel Operations,-80.78607222,46.597875,Inactive,,Centreline,17.0,Unknown,Unknown,High,CDA 2007 (2013),https://www.glencore.com/dam/jcr:58e3d8ff-97c1-422f-8d31-dd2fee89fcc3/Glencore_TSFs_190614.pdf,,tailings_source_df,POINT (-80.78607222 46.597875)
TAIL-b90674cd-2019-1,2019,ON-TAIL-e46d48a2,Smelter Complex East Mine Tailings,Smelter Complex,Sudbury Integrated Nickel Operations,Glencore,Sudbury Integrated Nickel Operations,-80.7858,46.57901944,Inactive,1946.0,Upstream,15.0,9000000,9000000,High,CDA 2007 (2013),https://www.glencore.com/dam/jcr:58e3d8ff-97c1-422f-8d31-dd2fee89fcc3/Glencore_TSFs_190614.pdf,,tailings_source_df,POINT (-80.7858 46.57901944)
TAIL-ffdbe6e4-2019-1,2019,ON-TAIL-ff93b771,Nickel Rim South NR-2,Nickel Rim Mine,Sudbury Integrated Nickel Operations,Glencore,Sudbury Integrated Nickel Operations,-80.80472222,46.67027778,Inactive,,Downstream,2.5,Unknown,Unknown,Significant,CDA 2007 (2013),https://www.glencore.com/dam/jcr:58e3d8ff-97c1-422f-8d31-dd2fee89fcc3/Glencore_TSFs_190614.pdf,,tailings_source_df,POINT (-80.80472222 46.67027778)
TAIL-d5314c9e-2019-1,2019,ON-TAIL-a37f6a61,Nickel Rim South (Moose Lake Dam),Nickel Rim Mine,Sudbury Integrated Nickel Operations,Glencore,Sudbury Integrated Nickel Operations,-80.7975,46.66083333,Inactive,2003.0,Downstream,5.0,0,0,Significant,CDA 2007 (2013),https://www.glencore.com/dam/jcr:58e3d8ff-97c1-422f-8d31-dd2fee89fcc3/Glencore_TSFs_190614.pdf,,tailings_source_df,POINT (-80.7975 46.66083333)
TAIL-5a97b8d1-2019-1,2019,QC-TAIL-fab4954a,Raglan (Tailings Dry Stack),Raglan Mine,Raglan Mine,Glencore,Raglan Mine,-73.67841389,61.687425,Active,1998.0,Dry stack,35.0,11000000,14000000,Significant,CDA 2007 (2013),https://www.glencore.com/dam/jcr:58e3d8ff-97c1-422f-8d31-dd2fee89fcc3/Glencore_TSFs_190614.pdf,,tailings_source_df,POINT (-73.67841389 61.687425)
TAIL-49727521-2019-1,2019,ON-TAIL-654f4f06,Hardy Mine (Tailings Dam),Hardy Mine,Subsidiary,,Glencore,-81.40777778,46.63694444,Closed,,Downstream,15.0,Unknown,Unknown,High,CDA 2007 (2013),https://www.glencore.com/dam/jcr:58e3d8ff-97c1-422f-8d31-dd2fee89fcc3/Glencore_TSFs_190614.pdf,,tailings_source_df,POINT (-81.40777778 46.63694444)
TAIL-6161336e-2019-1,2019,QC-TAIL-b60ebaec,Ferrite (West),CEZinc Processing Plant,Noranda Income Fund,"Noranda Income Fund, Glencore Canada and CEZinc",Canada Electrolytic Zinc Limited (CEZinc),-74.07583333,45.23111111,Active,1997.0,Dry stack,3.0,3000000,4000000,Low,CDA 2007 (2013),https://www.glencore.com/dam/jcr:58e3d8ff-97c1-422f-8d31-dd2fee89fcc3/Glencore_TSFs_190614.pdf,,tailings_source_df,POINT (-74.07583333 45.23111111)
TAIL-fff5d323-2019-1,2019,QC-TAIL-8b32787f,Ferrite North,CEZinc Processing Plant,Noranda Income Fund,"Noranda Income Fund, Glencore Canada and CEZinc",Canada Electrolytic Zinc Limited (CEZinc),-74.12361111,45.23138889,Active,1982.0,Downstream,6.0,,,High,CDA 2007 (2013),https://www.glencore.com/dam/jcr:58e3d8ff-97c1-422f-8d31-dd2fee89fcc3/Glencore_TSFs_190614.pdf,,tailings_source_df,POINT (-74.12361111 45.23138889)
TAIL-22e89cfb-2019-1,2019,QC-TAIL-ca08d778,Ferrite South,CEZinc Processing Plant,Noranda Income Fund,"Noranda Income Fund, Glencore Canada and CEZinc",Canada Electrolytic Zinc Limited (CEZinc),-74.1275,45.23472222,Active,1990.0,Downstream,6.0,1200000,1200000,Very High,CDA 2007 (2013),https://www.glencore.com/dam/jcr:58e3d8ff-97c1-422f-8d31-dd2fee89fcc3/Glencore_TSFs_190614.pdf,,tailings_source_df,POINT (-74.1275 45.23472222)
TAIL-2f1b6e4f-2019-1,2019,QC-TAIL-0fe972f1,Jarofix (North Dyke),CEZinc Processing Plant,Noranda Income Fund,"Noranda Income Fund, Glencore Canada and CEZinc",Canada Electrolytic Zinc Limited (CEZinc),-74.11972222,45.23083333,Closed,1977.0,Downstream,5.5,Unknown,Unknown,High,CDA 2007 (2013),https://www.glencore.com/dam/jcr:58e3d8ff-97c1-422f-8d31-dd2fee89fcc3/Glencore_TSFs_190614.pdf,,tailings_source_df,POINT (-74.11972222 45.23083333)
TAIL-ec12cbda-2019-1,2019,QC-TAIL-28301156,Jarosite Triangular North-West,CEZinc Processing Plant,Noranda Income Fund,"Noranda Income Fund, Glencore Canada and CEZinc",Canada Electrolytic Zinc Limited (CEZinc),-74.10888889,45.22861111,Active,1973.0,Downstream,3.5,1500000,1600000,High,CDA 2007 (2013),https://www.glencore.com/dam/jcr:58e3d8ff-97c1-422f-8d31-dd2fee89fcc3/Glencore_TSFs_190614.pdf,,tailings_source_df,POINT (-74.10888889 45.22861111)
TAIL-5d3a73e8-2019-1,2019,QC-TAIL-ed4689f3,Jarosite North,CEZinc Processing Plant,Noranda Income Fund,"Noranda Income Fund, Glencore Canada and CEZinc",Canada Electrolytic Zinc Limited (CEZinc),-74.10888889,45.23083333,Active,1970.0,Downstream,3.5,500000,500000,Significant,CDA 2007 (2013),https://www.glencore.com/dam/jcr:58e3d8ff-97c1-422f-8d31-dd2fee89fcc3/Glencore_TSFs_190614.pdf,,tailings_source_df,POINT (-74.10888889 45.23083333)
TAIL-f36012f6-2019-1,2019,QC-TAIL-d5555f0e,Jarosite North-East,CEZinc Processing Plant,Noranda Income Fund,"Noranda Income Fund, Glencore Canada and CEZinc",Canada Electrolytic Zinc Limited (CEZinc),-74.10416667,45.22805556,Active,1973.0,Downstream,3.0,Unknown,Unknown,Very High,CDA 2007 (2013),https://www.glencore.com/dam/jcr:58e3d8ff-97c1-422f-8d31-dd2fee89fcc3/Glencore_TSFs_190614.pdf,,tailings_source_df,POINT (-74.10416667 45.22805556)
TAIL-2dffddaa-2019-1,2019,QC-TAIL-315e56b9,UNA (North-West),CEZinc Processing Plant,Noranda Income Fund,"Noranda Income Fund, Glencore Canada and CEZinc",Canada Electrolytic Zinc Limited (CEZinc),-74.10416667,45.23527778,Active,1966.0,Downstream,11.0,4000000,4300000,High,CDA 2007 (2013),https://www.glencore.com/dam/jcr:58e3d8ff-97c1-422f-8d31-dd2fee89fcc3/Glencore_TSFs_190614.pdf,,tailings_source_df,POINT (-74.10416667 45.23527778)
TAIL-9b800daa-2019-1,2019,QC-TAIL-2d3dd4cf,UNA South,CEZinc Processing Plant,Noranda Income Fund,"Noranda Income Fund, Glencore Canada and CEZinc",Canada Electrolytic Zinc Limited (CEZinc),-74.10472222,45.23361111,Active,1966.0,Upstream,11.5,4000000,4300000,High,CDA 2007 (2013),https://www.glencore.com/dam/jcr:58e3d8ff-97c1-422f-8d31-dd2fee89fcc3/Glencore_TSFs_190614.pdf,,tailings_source_df,POINT (-74.10472222 45.23361111)
TAIL-4c3224f2-2019-1,2019,ON-TAIL-b8b72f09,"Tailings Management Area (TMA), Perimeter Dyke, Corckys Pond, Pond A-C",Kidd Metallurgical Site,Kidd Operations,Glencore,Kidd Operations,-81.09666667,48.59305556,Active,1969.0,Centreline,10.0,80000000,88000000,High,CDA 2007 (2013),https://www.glencore.com/dam/jcr:58e3d8ff-97c1-422f-8d31-dd2fee89fcc3/Glencore_TSFs_190614.pdf,,tailings_source_df,POINT (-81.09666667 48.59305556)
TAIL-ad8fbfa6-2019-1,2019,ON-TAIL-e6a41bff,"TMA Pond D, West Dam",Kidd Metallurgical Site,Kidd Operations,Glencore,Kidd Operations,-81.11527778,48.5575,Active,1969.0,Centreline,6.5,,,High,CDA 2007 (2013),https://www.glencore.com/dam/jcr:58e3d8ff-97c1-422f-8d31-dd2fee89fcc3/Glencore_TSFs_190614.pdf,,tailings_source_df,POINT (-81.11527778 48.5575)
TAIL-6ede530e-2019-1,2019,ON-TAIL-9fc8abf9,"TMA Pond E, North Dam",Kidd Metallurgical Site,Kidd Operations,Glencore,Kidd Operations,-81.11888889,48.56166667,Active,2001.0,Centreline,7.0,,,Significant,CDA 2007 (2013),https://www.glencore.com/dam/jcr:58e3d8ff-97c1-422f-8d31-dd2fee89fcc3/Glencore_TSFs_190614.pdf,,tailings_source_df,POINT (-81.11888889 48.56166667)
TAIL-20175f53-2019-1,2019,QC-TAIL-b75d7f60," Central Pond, (Lalanne Dyke and Central Dyke)",Matagami Mine,Glencore Canada Corporation,Glencore,Glencore Canada Corporation,-77.767269,49.743986,Closed,2002.0,Centreline,8.9,8070000,8070000,High,CDA 2007 (2013),https://www.glencore.com/dam/jcr:58e3d8ff-97c1-422f-8d31-dd2fee89fcc3/Glencore_TSFs_190614.pdf,,tailings_source_df,POINT (-77.767269 49.743986)
TAIL-1f63f6ea-2019-1,2019,QC-TAIL-789c055f,"South Pond, (South Dyke)",Matagami Mine,Glencore Canada Corporation,Glencore,Glencore Canada Corporation,-77.7675,49.71944444,Active,1969.0,,3.0,3080000,7950000,Significant,CDA 2007 (2013),https://www.glencore.com/dam/jcr:58e3d8ff-97c1-422f-8d31-dd2fee89fcc3/Glencore_TSFs_190614.pdf,,tailings_source_df,POINT (-77.7675 49.71944444)
TAIL-e97bc5af-2019-1,2019,QC-TAIL-7cd6506b,West Ponds,Matagami Mine,Glencore Canada Corporation,Glencore,Glencore Canada Corporation,-77.79611111,49.74305556,Closed,1977.0,Centreline,5.5,1890000,1890000,Significant,CDA 2007 (2013),https://www.glencore.com/dam/jcr:58e3d8ff-97c1-422f-8d31-dd2fee89fcc3/Glencore_TSFs_190614.pdf,,tailings_source_df,POINT (-77.79611111 49.74305556)
TAIL-ed086ead-2019-1,2019,BC-TAIL-d3eec27e,Mount Milligan TSF,Mount Milligan,Thompson Creek Metals Company Inc,Centerra Gold,Thompson Creek Metals Company Inc,-124.02302,55.125756,Active,2013.0,Centreline,100.0,86000000,111100000,Very High,Canadian Dam Association (CDA) 2013,https://cg-raw.s3.amazonaws.com/cg/reports/CenterraGold_TSFDisclosure_June2019_Final.pdf,,tailings_source_df,POINT (-124.02302 55.125756)
TAIL-c9a2268b-2019-1,2019,BC-TAIL-7de866df,Kemess South TSF,Kemess South,AuRico Metals Inc,Centerra Gold,AuRico Metals Inc,-126.66972,57.0216667,Inactive,1998.0,Modified Centreline,180.0,141000000,141000000,Very High,Canadian Dam Association (CDA) 2013,https://cg-raw.s3.amazonaws.com/cg/reports/CenterraGold_TSFDisclosure_June2019_Final.pdf,,tailings_source_df,POINT (-126.66972 57.0216667)
TAIL-a80a81ef-2019-1,2019,BC-TAIL-407312ae,"Endako
Tailings Ponds #1 & #3",Endako,Thompson Creek Metals Company Inc.,"Joint Venture: Centerra(75%,), Sojitz (25%)",Thompson Creek Metals Company Inc.,-125.09353,54.0507861,Inactive Care and Maintenance,1965.0,Upstream,96.0,216000000,216000000,"High, Significant",Canadian Dam Association (CDA) 2013,https://cg-raw.s3.amazonaws.com/cg/reports/CenterraGold_TSFDisclosure_June2019_Final.pdf,,tailings_source_df,POINT (-125.09353 54.0507861)
TAIL-94e4495d-2019-1,2019,BC-TAIL-3233ee62,"Endako
Tailings Pond #2",Endako,Thompson Creek Metals Company Inc.,"Joint Venture: Centerra
(75%, Operator), Sojitz (25%)",Thompson Creek Metals Company Inc.,-125.09353,54.0507861,Inactive Care and Maintenance,1967.0,Upstream,147.0,107000000,107000000,High,Canadian Dam Association (CDA) 2013,https://cg-raw.s3.amazonaws.com/cg/reports/CenterraGold_TSFDisclosure_June2019_Final.pdf,,tailings_source_df,POINT (-125.09353 54.0507861)
TAIL-b4d3f920-2019-1,2019,SK-TAIL-0bc16986,"K1;Dykes, Ponds, Expansion, Reclaim",Esterhazy,Mosaic Company (The),,Mosaic Co Potash,-101.947,50.733,Active,1962.0,Downstream,6.0,5593606,5593606,High,Canadian Dam Association,http://investors.mosaicco.com,,tailings_source_df,POINT (-101.947 50.733)
TAIL-972d45f6-2019-1,2019,SK-TAIL-d222fd60,"K2; Dykes, Ponds: Phase I, Phase II, Phase III, Phase IV, Phase V.",Esterhazy,Mosaic Company (The),,Mosaic Co Potash,-101.861,50.663,Active,1967.0,Downstream,5.0,5349082,5349082,High,Canadian Dam Association,http://investors.mosaicco.com,,tailings_source_df,POINT (-101.861 50.663)
TAIL-3a1f9c3a-2019-1,2019,SK-TAIL-08c01e36,"Dykes, Ponds: TMA, Production.",Belle Plaine,Mosaic Company (The),,Mosaic Co Potash,-105.18,50.437,Active,1964.0,Downstream,7.0,1435700,1435700,High,Canadian Dam Association,http://investors.mosaicco.com,,tailings_source_df,POINT (-105.18 50.437)
TAIL-b490df01-2019-1,2019,SK-TAIL-4cd0f09b,"dykes, Ponds: Cooling, Reclaim",Colonsay,Mosaic Company (The),,Mosaic Co Potash,-105.777,51.925,Active,1969.0,Downstream,8.0,6422032,6422032,High,Canadian Dam Association,http://investors.mosaicco.com,,tailings_source_df,POINT (-105.777 51.925)
TAIL-caa58bb2-2019-1,2019,MB-TAIL-0b256eac,Anderson TIA One dam,Anderson,Hudbay Minerals,,Hudbay Minerals,-99.973959,54.855099,Active,1979.0,Downstream,5.0,9375000,11875000,Very high,Canadian Dam Association,https://s23.q4cdn.com/405985100/files/doc_financials/annual_reports/mine_tailings/Mine-Tailings-Disclosure-Table-FINAL.pdf,,tailings_source_df,POINT (-99.973959 54.855099)
TAIL-c94ad826-2019-1,2019,MB-TAIL-edd6f4cb,Birch Lake TDF,Birch Lake,Hudbay Minerals,,Hudbay Minerals,-100.0176,54.901791,Inactive,1949.0,"Not applicable – no raises are
planned",10.0,6750000,6750000,High,Canadian Dam Association,https://s23.q4cdn.com/405985100/files/doc_financials/annual_reports/mine_tailings/Mine-Tailings-Disclosure-Table-FINAL.pdf,,tailings_source_df,POINT (-100.0176 54.901791)
TAIL-67a8c960-2019-1,2019,SK-TAIL-e1bcae6e,Flin Flon TIS,Flin Flon,Hudbay Minerals,,Hudbay Minerals,-101.90583,54.771931,Active,1929.0,"Downstream, Upstream",21.0,78750000,82176000,"Very high, high",Canadian Dam Association,https://s23.q4cdn.com/405985100/files/doc_financials/annual_reports/mine_tailings/Mine-Tailings-Disclosure-Table-FINAL.pdf,,tailings_source_df,POINT (-101.90583 54.771931)
TAIL-2f0f9e98-2019-1,2019,ZZ-TAIL-3ba8cffb,TSF,Red Chris,"Newcrest Red Chris Mining Limited (70% Newcrest), Imperial Metals Ltd. (30%)",,Newcrest Red Chris Mining Limited (70% Newcrest),129.7167,57.7833,Active,2013.0,Centreline,60.2,38446000,42115000,Very High,MAC,https://www.newcrest.com/sites/default/files/2019-10/Newcrest_Tailings%20Safety%20Response.pdf,,tailings_source_df,POINT (129.7167 57.7833)
TAIL-15ed536d-2019-1,2019,NL-TAIL-45ba47c6,Voisey's Bay TSF,Voisey's Bay,Vale,,Vale S.A.,-61.986333,56.323,Active,2005.0,Single Stage,11.0,20100000,28000000,Very High,Canadian Dam Association,http://www.vale.com/EN/investors/information-market/presentations-webcast/PresentationsWebcastsDocs/Cover%20Letter_consolidated_i.pdf,,tailings_source_df,POINT (-61.986333 56.323)
TAIL-0368559f-2019-1,2019,NL-TAIL-94e787ca,Long Harbour,Long Harbour,Vale,,Vale S.A.,-53.81225,47.41325,Active,2013.0,Single Stage,10.0,930000,2470000,Extreme,Canadian Dam Association,http://www.vale.com/EN/investors/information-market/presentations-webcast/PresentationsWebcastsDocs/Cover%20Letter_consolidated_i.pdf,,tailings_source_df,POINT (-53.81225 47.41325)
TAIL-8bf8487d-2019-1,2019,ON-TAIL-358e8a81,FETA Dam,Sudbury,Vale,,Vale S.A.,-81.024806,46.5158611,Inactive Care and Maintenance,1968.0,Single Stage,12.0,5100000,5100000,Low,Canadian Dam Association,http://www.vale.com/EN/investors/information-market/presentations-webcast/PresentationsWebcastsDocs/Cover%20Letter_consolidated_i.pdf,,tailings_source_df,POINT (-81.024806 46.5158611)
TAIL-8f8b3800-2019-1,2019,NL-TAIL-a11903a6,Levack TSF,Levack ,Vale,,Vale S.A.,-53.81225,47.41325,Inactive Care and Maintenance,1957.0,Downstream,16.0,8600000,8600000,Significant,Canadian Dam Association,http://www.vale.com/EN/investors/information-market/presentations-webcast/PresentationsWebcastsDocs/Cover%20Letter_consolidated_i.pdf,,tailings_source_df,POINT (-53.81225 47.41325)
TAIL-3baf9002-2019-1,2019,ON-TAIL-8e6e2f28,Shebandowan TSF,Shebandowan,Vale,,Vale S.A.,-81.024806,46.5158611,Inactive Care and Maintenance,1971.0,Downstream,10.0,4300000,4300000,Very High,Canadian Dam Association,http://www.vale.com/EN/investors/information-market/presentations-webcast/PresentationsWebcastsDocs/Cover%20Letter_consolidated_i.pdf,,tailings_source_df,POINT (-81.024806 46.5158611)
TAIL-4f8f76b3-2019-1,2019,MB-TAIL-4e71e6e1,Thompson TSF Dam A ¹,Thompson,Vale,,Vale S.A.,-97.805056,55.7040278,Active,1971.0,Downstream,26.0,42000000,47000000,Significant,Canadian Dam Association,http://www.vale.com/EN/investors/information-market/presentations-webcast/PresentationsWebcastsDocs/Cover%20Letter_consolidated_i.pdf,,tailings_source_df,POINT (-97.805056 55.7040278)
TAIL-1006c44f-2019-1,2019,MB-TAIL-52168fea,Thompson TSF Other Dams ¹,Thompson,Vale,,Vale S.A.,-97.805056,55.7040278,Active,1971.0,Downstream,26.0,42000000,47000000,Very High,Canadian Dam Association,http://www.vale.com/EN/investors/information-market/presentations-webcast/PresentationsWebcastsDocs/Cover%20Letter_consolidated_i.pdf,,tailings_source_df,POINT (-97.805056 55.7040278)
TAIL-85e8a2c6-2019-1,2019,ON-TAIL-bef88ce1,Upper Pond Tailings Facility,Copper Cliff,Vale,,Vale S.A.,-81.050833,46.4863056,Inactive Care and Maintenance,1929.0,Upstream,19.0,3900000,3900000,Extreme,Canadian Dam Association,http://www.vale.com/EN/investors/information-market/presentations-webcast/PresentationsWebcastsDocs/Cover%20Letter_consolidated_i.pdf,,tailings_source_df,POINT (-81.050833 46.4863056)
TAIL-aa87d953-2019-1,2019,ON-TAIL-361d5ef5,A Area Tailings,Copper Cliff,Vale,,Vale S.A.,-81.140583,46.4714167,Inactive Care and Maintenance,1936.0,Upstream,25.0,8400000,8400000,Extreme,Canadian Dam Association,http://www.vale.com/EN/investors/information-market/presentations-webcast/PresentationsWebcastsDocs/Cover%20Letter_consolidated_i.pdf,,tailings_source_df,POINT (-81.140583 46.4714167)
TAIL-574d2aeb-2019-1,2019,ON-TAIL-4169443d,M Area Tailings,Copper Cliff,Vale,,Vale S.A.,-81.140583,46.4714167,Inactive Care and Maintenance,1945.0,Upstream,37.0,58600000,58600000,Extreme,Canadian Dam Association,http://www.vale.com/EN/investors/information-market/presentations-webcast/PresentationsWebcastsDocs/Cover%20Letter_consolidated_i.pdf,,tailings_source_df,POINT (-81.140583 46.4714167)
TAIL-a977cd2a-2019-1,2019,ON-TAIL-48c553b1,P Area Tailings,Copper Cliff,Vale,,Vale S.A.,-81.140583,46.4714167,Inactive Care and Maintenance,1960.0,Upstream,45.0,59700000,59700000,Extreme,Canadian Dam Association,http://www.vale.com/EN/investors/information-market/presentations-webcast/PresentationsWebcastsDocs/Cover%20Letter_consolidated_i.pdf,,tailings_source_df,POINT (-81.140583 46.4714167)
TAIL-39aa32f9-2019-1,2019,ON-TAIL-77467204,R1 Tailings,Copper Cliff,Vale,,Vale S.A.,-81.140583,46.4714167,Active,1985.0,"Compacted
Outer Shell",14.0,2900000,4000000,Extreme,Canadian Dam Association,http://www.vale.com/EN/investors/information-market/presentations-webcast/PresentationsWebcastsDocs/Cover%20Letter_consolidated_i.pdf,,tailings_source_df,POINT (-81.140583 46.4714167)
TAIL-fec26f5a-2019-1,2019,ON-TAIL-b36577c2,R2 Tailings,Copper Cliff,Vale,,Vale S.A.,-81.140583,46.4714167,Active,1985.0,"Compacted
Outer Shell",13.0,18000000,18000000,Extreme,Canadian Dam Association,http://www.vale.com/EN/investors/information-market/presentations-webcast/PresentationsWebcastsDocs/Cover%20Letter_consolidated_i.pdf,,tailings_source_df,POINT (-81.140583 46.4714167)
TAIL-43a45761-2019-1,2019,ON-TAIL-23577523,R3 Tailings,Copper Cliff,Vale,,Vale S.A.,-81.140583,46.4714167,Active,1985.0,"Compacted
Outer Shell",27.0,39000000,42000000,Extreme,Canadian Dam Association,http://www.vale.com/EN/investors/information-market/presentations-webcast/PresentationsWebcastsDocs/Cover%20Letter_consolidated_i.pdf,,tailings_source_df,POINT (-81.140583 46.4714167)
TAIL-98068efc-2019-1,2019,ON-TAIL-6b026135,R4 Tailings,Copper Cliff,Vale,,Vale S.A.,-81.140583,46.4714167,Active,1990.0,"Compacted
Outer Shell",22.0,59000000,63000000,Extreme,Canadian Dam Association,http://www.vale.com/EN/investors/information-market/presentations-webcast/PresentationsWebcastsDocs/Cover%20Letter_consolidated_i.pdf,,tailings_source_df,POINT (-81.140583 46.4714167)
TAIL-ab534311-2019-1,2019,ZZ-TAIL-6cdbda03,Dam #1 (Main Tailings Pond Dam),Rambler's Nugget Pond Mill Site,Rambler Metals and Mining,,Rambler Metals and Mining Canada Limited,,,Active,1997.0,,3.0,,,Significant,"Canadian Dam Safety Association Guidelines (2007, Rev 2013)",http://www.ramblermines.com/files/Tailings-Management-Facility-Info.pdf,,tailings_source_df,POINT (NaN NaN)
TAIL-1b947291-2019-1,2019,ZZ-TAIL-41c7d95b,Dam #2 (Tailings Pond Saddle Dam),Rambler's Nugget Pond Mill Site,Rambler Metals and Mining,,Rambler Metals and Mining Canada Limited,,,Active,1997.0,,1.0,,,Significant,"Canadian Dam Safety Association Guidelines (2007, Rev 2013)",http://www.ramblermines.com/files/Tailings-Management-Facility-Info.pdf,,tailings_source_df,POINT (NaN NaN)
TAIL-61bbd56d-2019-1,2019,ZZ-TAIL-dbd6725f,Dam #3 (Polishing Pond Dam),Rambler's Nugget Pond Mill Site,Rambler Metals and Mining,,Rambler Metals and Mining Canada Limited,,,Active,1997.0,,3.0,,,Significant,"Canadian Dam Safety Association Guidelines (2007, Rev 2013)",http://www.ramblermines.com/files/Tailings-Management-Facility-Info.pdf,,tailings_source_df,POINT (NaN NaN)
TAIL-2452976c-2019-1,2019,QC-TAIL-418125be,Canadian Malartic TSF,Canadian Malartic,Yamana Gold Inc.,Agnico Eagle Mines Limited,Canadian Malartic Corporation,-78.1036111,48.1113889,Active,2012.0,Upstream,40.0,96000000,136500000,Medium to High,CDA/Yamana,https://s22.q4cdn.com/899716706/files/doc_downloads/2019/06/Tailings-Safety-Disclosure-Data.pdf,,tailings_source_df,POINT (-78.1036111 48.1113889)
TAIL-5b55efb0-2019-1,2019,BC-TAIL-d8702dd7,Beaverdell North Tailings Storage Facility,Beaverdell,Teck,,Teck Corporation Ltd.,-119.095922,49.441605,Inactive,1980.0,Downstream,12.0,384000,384000,Significant,"BC Health, Safety and Reclamation Code for Mines 2017 (code references CDA Guidelines)",https://www.teck.com/Tailings/,,tailings_source_df,POINT (-119.095922 49.441605)
TAIL-39a81339-2019-1,2019,BC-TAIL-36941c82,Beaverdell South Tailings Storage Facility,Beaverdell,Teck,,Teck Corporation Ltd.,-119.097717,49.435957,Inactive,1954.0,Downstream,10.0,544000,544000,Significant,"BC Health, Safety and Reclamation Code for Mines 2017 (code references CDA Guidelines)",https://www.teck.com/Tailings/,,tailings_source_df,POINT (-119.097717 49.435957)
TAIL-c6861a09-2019-1,2019,BC-TAIL-698712cc,Bullmoose Tailings Storage Facility,Bullmoose,Teck,,Teck Corporation Ltd.,-121.476274,55.136278,Inactive,1983.0,Downstream,38.0,4400000,4400000,High,"BC Health, Safety and Reclamation Code for Mines 2017 (code references CDA Guidelines)",https://www.teck.com/Tailings/,,tailings_source_df,POINT (-121.476274 55.136278)
TAIL-b56ba415-2019-1,2019,NL-TAIL-cf1f0646,Duck Pond Tailings Management Facility,Duck Pond,Teck,,Teck Corporation Ltd.,-56.490561,48.64748,Inactive,2006.0,Single Stage,9.5,1260000,1260000,Low,Canadian Dam Association (CDA),https://www.teck.com/Tailings/,,tailings_source_df,POINT (-56.490561 48.64748)
TAIL-b3211278-2019-1,2019,BC-TAIL-6b5f1afb,Elkview Lagoon A,Elkview,Teck,Nippon Steel & Sumitomo Metal Corporation,Teck Corporation Ltd.,-114.874237,49.7525131,Inactive,1968.0,Single Stage,4.0,185000,185000,Low,"BC Health, Safety and Reclamation Code for Mines 2017 (code references CDA Guidelines)",https://www.teck.com/Tailings/,,tailings_source_df,POINT (-114.874237 49.7525131)
TAIL-d6dc77e2-2019-1,2019,BC-TAIL-4c4be360,Elkview Lagoon B,Elkview,Teck,Nippon Steel & Sumitomo Metal Corporation,Teck Corporation Ltd.,-114.8742807,49.7540611,Inactive,1968.0,Single Stage,4.0,287700,287700,Low,"BC Health, Safety and Reclamation Code for Mines 2017 (code references CDA Guidelines)",https://www.teck.com/Tailings/,,tailings_source_df,POINT (-114.8742807 49.7540611)
TAIL-f777f1fb-2019-1,2019,BC-TAIL-4884614e,Elkview Lagoon C,Elkview,Teck,Nippon Steel & Sumitomo Metal Corporation,Teck Corporation Ltd.,-114.87837,49.754622,Inactive,1970.0,"Downstream, Upstream",19.5,4658600,4658600,High,"BC Health, Safety and Reclamation Code for Mines 2017 (code references CDA Guidelines)",https://www.teck.com/Tailings/,,tailings_source_df,POINT (-114.87837 49.754622)
TAIL-1379b09f-2019-1,2019,BC-TAIL-a2eef203,Elkview Lagoon D,Elkview,Teck,Nippon Steel & Sumitomo Metal Corporation,Teck,-114.874921,49.748306,Active,1972.0,Upstream,57.0,22380000,22800000,Very High,"BC Health, Safety and Reclamation Code for Mines 2017 (code references CDA Guidelines)",https://www.teck.com/Tailings/,,tailings_source_df,POINT (-114.874921 49.748306)
TAIL-d62ecab0-2019-1,2019,BC-TAIL-835db0fc,Elkview West Fork Tailings Facility,Elkview,Teck,Nippon Steel & Sumitomo Metal Corporation,Teck,-114.791046,49.751937,Active,2006.0,Downstream,80.0,7840000,12741000,Low,"BC Health, Safety and Reclamation Code for Mines 2017 (code references CDA Guidelines)",https://www.teck.com/Tailings/,,tailings_source_df,POINT (-114.791046 49.751937)
TAIL-2faec15b-2019-1,2019,BC-TAIL-5c9a010e,Fisherman Road Tailings Impoundment Area,Fisherman Road ,Teck,,Teck,-117.390042,49.484757,Inactive,1890.0,Single Stage,3.5,113200,113200,Significant,CDA Guidelines,https://www.teck.com/Tailings/,,tailings_source_df,POINT (-117.390042 49.484757)
TAIL-17632f7a-2019-1,2019,BC-TAIL-2407f3c2,Fording River 2 Pit - 3 Pit Tailings Disposal Area,Fording River,Teck,,Teck,-114.896016,50.180256,Inactive,1995.0,Downstream,6.0,8830000,8830000,Low,"BC Health, Safety and Reclamation Code for Mines 2017 (code references CDA Guidelines)",https://www.teck.com/Tailings/,,tailings_source_df,POINT (-114.896016 50.180256)
TAIL-509ef9cd-2019-1,2019,BC-TAIL-e0eaf873,Fording River North Tailings Pond,Fording River,Teck,,Teck,-114.895532,50.190698,Inactive,1972.0,Downstream,24.0,3800000,3800000,Very High ,"BC Health, Safety and Reclamation Code for Mines 2017 (code references CDA Guidelines)",https://www.teck.com/Tailings/,,tailings_source_df,POINT (-114.895532 50.190698)
TAIL-a1ba1026-2019-1,2019,BC-TAIL-fd72334a,Fording River South Tailings Pond,Fording River,Teck,,Teck,-114.87642,50.177177,Active,1979.0,Downstream,35.0,12100000,12760000,Very High,"BC Health, Safety and Reclamation Code for Mines 2017 (code references CDA Guidelines)",https://www.teck.com/Tailings/,,tailings_source_df,POINT (-114.87642 50.177177)
TAIL-1e157587-2019-1,2019,BC-TAIL-10c34d0e,Fording River Turnbull Pit South Tailings Storage Facility,Fording River,Teck,,Teck,-114.873263,50.218553,Active,2016.0,In-pit,,3700000,8066000, High ,"BC Health, Safety and Reclamation Code for Mines 2017 (code references CDA Guidelines)",https://www.teck.com/Tailings/,,tailings_source_df,POINT (-114.873263 50.218553)
TAIL-ff892ec9-2019-1,2019,BC-TAIL-d969e8de,Greenhills Tailings Storage Facility,Greenhills,Teck,POSCO Canada Limited,Teck,-114.861663,50.059724,Active,1983.0,Downstream,55.0,17000000,20000000,High,"BC Health, Safety and Reclamation Code for Mines 2017 (code references CDA Guidelines)",https://www.teck.com/Tailings/,,tailings_source_df,POINT (-114.861663 50.059724)
TAIL-b22c3a25-2019-1,2019,BC-TAIL-178a8ba7, Bethlehem,Highland Valley Copper,Teck,,Teck,-120.987025,50.5094,Inactive,1964.0,"Upstream, Centreline, Downstream",91.0,68100000,68100000,Very High,CDA,https://www.teck.com/Tailings/,,tailings_source_df,POINT (-120.987025 50.5094)
TAIL-b06e92f3-2019-1,2019,BC-TAIL-0b09d91a,Highland,Highland Valley Copper,Teck,,Teck,-121.122614,50.547334,Active,1977.0,Centreline,161.0,1190300000,1460300000,Extreme ,CDA,https://www.teck.com/Tailings/,,tailings_source_df,POINT (-121.122614 50.547334)
TAIL-1bd1157e-2019-1,2019,BC-TAIL-3a31fa76,Highmont,Highland Valley Copper,Teck,,Teck,-120.92119,50.432155,Inactive,1980.0,Centreline,47.0,27700000,27700000,High,CDA,https://www.teck.com/Tailings/,,tailings_source_df,POINT (-120.92119 50.432155)
TAIL-827214f0-2019-1,2019,BC-TAIL-4cf16076,Trojan,Highland Valley Copper,Teck,,Teck,-121.005987,50.514552,Inactive,1973.0,"Centreline, Upstream",70.0,26000000,26000000,Very High,CDA,https://www.teck.com/Tailings/,,tailings_source_df,POINT (-121.005987 50.514552)
TAIL-81cffdf0-2019-1,2019,QC-TAIL-4370ba35,Teck,Louvicourt,Teck,"Teck 55%, Glencore 45",Teck,-77.601511,48.132622,Inactive,1993.0,Downstream,15.0,5992050,5992050,Very High,CDA Guidelines,https://www.teck.com/Tailings/,,tailings_source_df,POINT (-77.601511 48.132622)
TAIL-2ccf7825-2019-1,2019,BC-TAIL-2d35801a,Pinchi Tailings Storage Facility,Pinchi ,Teck,,Teck,-124.426425,54.627353,Inactive,1967.0,Downstream,15.0,1000000,1000000,Significant,"BC Health, Safety and Reclamation Code for Mines 2017 (code references CDA Guidelines)",https://www.teck.com/Tailings/,,tailings_source_df,POINT (-124.426425 54.627353)
TAIL-1a2fb340-2019-1,2019,NT-TAIL-629f9aac,Pine Point ,Pine Point ,Teck,,Teck,-114.437272,60.879272,Inactive,1964.0,Downstream,9.0,36597270,36597270,"Low, Significant",CDA Guidelines,https://www.teck.com/Tailings/,,tailings_source_df,POINT (-114.437272 60.879272)
TAIL-5c1e3960-2019-1,2019,BC-TAIL-ab452817,Plant Site TSF,Quintette,Teck,,Teck,-120.992153,55.014314,Inactive,1984.0,Downstream,52.0,25000000,25000000,High,"BC Health, Safety and Reclamation Code for Mines 2017 (code references CDA Guidelines)",https://www.teck.com/Tailings/,,tailings_source_df,POINT (-120.992153 55.014314)
TAIL-bbf442ed-2019-1,2019,BC-TAIL-b88d5bcf,Shikano TSF,Quintette,Teck,,Teck,-121.026815,54.986541,Inactive,1997.0,Single Stage,42.0,2700000,2700000,Significant,"BC Health, Safety and Reclamation Code for Mines 2017 (code references CDA Guidelines)",https://www.teck.com/Tailings/,,tailings_source_df,POINT (-121.026815 54.986541)
TAIL-20028f8f-2019-1,2019,YT-TAIL-e5c29fdb,North Tailings Pond,Sa Dena Hes ,Teck,,Teck,-128.850678,60.52825,Closed,1991.0,Downstream,15.0,466670,466670,Significant,CDA Guidelines,https://www.teck.com/Tailings/,,tailings_source_df,POINT (-128.850678 60.52825)
TAIL-297e8dd1-2019-1,2019,BC-TAIL-8ae406d8, Tailings Storage Facility,Sullivan,Teck,,Teck,-115.956205,49.647142,Inactive,1972.0,Upstream,4.6,817500,817500,Low,"BC Health, Safety and Reclamation Code for Mines 2017 (code references CDA Guidelines)",https://www.teck.com/Tailings/,,tailings_source_df,POINT (-115.956205 49.647142)
TAIL-e820d0e1-2019-1,2019,BC-TAIL-389120ff," East Gypsum Dike, West Gypsum Dike, Gypsum Divider Dike, NorthEast Gypsum Dike",Sullivan,Teck,,Teck,-115.93552,49.64453,Inactive,1969.0,Upstream,22.9,4578000,4578000,High,"BC Health, Safety and Reclamation Code for Mines 2017 (code references CDA Guidelines)",https://www.teck.com/Tailings/,,tailings_source_df,POINT (-115.93552 49.64453)
TAIL-0469253d-2019-1,2019,BC-TAIL-8563a4a7, Iron pond,Sullivan,Teck,,Teck,-115.937887,49.657872,Inactive,1975.0,"Upstream, Downstream",29.0,15527800,15527800,High,"BC Health, Safety and Reclamation Code for Mines 2017 (code references CDA Guidelines)",https://www.teck.com/Tailings/,,tailings_source_df,POINT (-115.937887 49.657872)
TAIL-47ad0990-2019-1,2019,BC-TAIL-3c6c55a6, Old Iron Dike and Iron TSF Divider Dike,Sullivan,Teck,,Teck,-115.952749,49.658303,Inactive,1900.0,Unknown,7.6,9682000,9682000,Low,"BC Health, Safety and Reclamation Code for Mines 2017 (code references CDA Guidelines)",https://www.teck.com/Tailings/,,tailings_source_df,POINT (-115.952749 49.658303)
TAIL-9a81890b-2019-1,2019,BC-TAIL-507ae78e," Siliceous No. 1 Dike, Siliceous No. 2 Dike, Siliceous No. 3 Dike",Sullivan,Teck,,Teck,-115.923106,49.657971,Inactive,1923.0,Upstream,12.5,15648000,15648000,Low,"BC Health, Safety and Reclamation Code for Mines 2017 (code references CDA Guidelines)",https://www.teck.com/Tailings/,,tailings_source_df,POINT (-115.923106 49.657971)
TAIL-0ff98a63-2019-1,2019,AB-TAIL-7fcddd99,"Fort Hills Out of Pit Tailings Area (OPTA)
Facility Dams: 
West Tailings Dyke, West Overburden Dyke, South Dyke, East Dyke, North East Dyke, North Dyke. (Canada)",Fort Hills,"Owned: Joint Venture through the Fort Hills Energy LP - Suncor Energy Inc., Teck Resources Ltd., Total 
Operated by: Suncor Energy Inc. 
",,Teck,-111.510648,57.362136,Active,2014.0,Upstream,29.0,54832000,279000000,Extreme,Dam Classification is based on the Alberta Dam and Canal Safety Directive (regulation) (equivalent to CDA),https://www.teck.com/Tailings/,,tailings_source_df,POINT (-111.510648 57.362136)
TAIL-466ad190-2019-1,2019,SK-TAIL-9979da56,AGTMF,Rabbit Lake Operation,Cameco Corp,,Cameco Corp,-103.6916667,58.1636111,Inactive,1975.0,"Downstream, Centreline",27.0,5416667,5416667,Not classified,,https://www.cameco.com/uploads/downloads/Cameco-Tailings-Management.pdf,,tailings_source_df,POINT (-103.6916667 58.1636111)
TAIL-ec1798f5-2019-1,2019,SK-TAIL-5980158d,KL AGTMF,Key Lake Operation,Cameco Corp/Orano Canada,"83%Cameco Corporation,17%OranoCanadaInc",Cameco Corp,-105.7030556,57.2069444,Inactive,1983.0,Single Stage,20.0,5800000,5800000,Not classified,,https://www.cameco.com/uploads/downloads/Cameco-Tailings-Management.pdf,,tailings_source_df,POINT (-105.7030556 57.2069444)
TAIL-debe1511-2019-1,2019,SK-TAIL-51c4af72,RLITMF,Rabbit Lake Operation,Cameco Corp,,Cameco Corp,-103.7133333,58.1977778,Inactive Care and Maintenance,1984.0,In-pit,,8270000,8270000,,,https://www.cameco.com/uploads/downloads/Cameco-Tailings-Management.pdf,,tailings_source_df,POINT (-103.7133333 58.1977778)
TAIL-ad6a2a6c-2019-1,2019,SK-TAIL-3a7e0186,DTMF,Key Lake Operation,Cameco Corp/Orano Canada,"83%Cameco Corporation,17%OranoCanadaInc",Cameco Corp,-105.63,57.2083333,Inactive Care and Maintenance,1996.0,In-pit,,9300000,10800000,,,https://www.cameco.com/uploads/downloads/Cameco-Tailings-Management.pdf,,tailings_source_df,POINT (-105.63 57.2083333)
TAIL-74d796ae-2019-1,2019,QC-TAIL-06a92a93,Mont Wright TSF,Mont Wright TSF,ArcelorMittal Mining Canada GP,,ArcelorMittal Mining Canada GP,-67.3866583,52.7982639,Active,1981.0,Sidehill embankment,100.0,725000000,895000000,Very High,Canadian Dam Association,https://drive.google.com/file/d/1Pj-UZaWctl9i0lKc4XpjybSoT9CN74tb/view,,tailings_source_df,POINT (-67.3866583 52.7982639)
TAIL-ad32ea40-2019-1,2019,QC-TAIL-f609cf33,Port Cartier TSF,Port Cartier TSF,ArcelorMittal Mining Canada GP,,ArcelorMittal Mining Canada GP,-66.7889333,50.0436611,Active,1978.0,Sidehill embankment,24.0,4200000,5500000,Very High,Canadian Dam Association,https://drive.google.com/file/d/1Pj-UZaWctl9i0lKc4XpjybSoT9CN74tb/view,,tailings_source_df,POINT (-66.7889333 50.0436611)
TAIL-8690c300-2019-1,2019,ON-TAIL-d7f2e664,Bell Creek,Bell Creek,Pan American Silver,,Pan American Silver,-81.19,48.55,Active,1988.0,"Downstream, Centreline",10.0,6700000,11700000,Low to Significant,CDA Dam Consequence Classification,https://panamericansilver.com/sustainabilityreport2018/wp-content/uploads/2019/06/PAAS-Tailings-Facility-Factsheet-2019-Final.pdf,,tailings_source_df,POINT (-81.19 48.55)
TAIL-d79c05b7-2019-1,2019,AB-TAIL-0b856bf6,Fort Hills Out of Pit Tailings Area,Fort Hills,Total SA JV ,"Total SA Joint Venture through the Fort Hills Energy LP - Suncor Energy Inc., Teck",Suncor Energy Inc.,-111.51667,57.3666667,Active,2018.0,"Upstream, Downstream",29.0,54832000,279000000,Extreme,Alberta Dam and Canal Safety Directive (regulation),https://www.sustainable-performance.total.com/sites/g/files/wompnd1016/f/atoms/files/disclosure_of_tailings_facility_management_-_may_2019_protected_0.pdf,,tailings_source_df,POINT (-111.51667 57.3666667)
TAIL-088ae05b-2019-1,2019,SK-TAIL-aa269859,"Seabee Mine, Triangle Lake TSF – 2 dams and 2 saddle dikes",Seabee Mine,SGO Mining Inc.,wholly-owned subsidiary of SSR Mining,SGO Mining Inc,-103.57932,55.6903833,Active,2004.0,Modified Centreline,19.0,2750000,4000000,High,Canadian Dam Association Consequence Classification Ratings for Dams,http://www.ssrmining.com/_resources/2019-08-30-SSR-Mining-Response-Letter-re-Investor-Mining-&-Tailings-Safety-Initiative.pdf,,tailings_source_df,POINT (-103.57932 55.6903833)
TAIL-f1ccc359-2019-1,2019,SK-TAIL-21f4771d,"Seabee Mine, East Lake TSF – 3 concrete perimeter dams",Seabee Mine,SGO Mining Inc.,wholly-owned subsidiary of SSR Mining,SGO Mining Inc,-103.59224,55.6900444,Active,1991.0,Centreline,8.0,2550000,2860000,Significant,Canadian Dam Association Consequence Classification Ratings for Dams,http://www.ssrmining.com/_resources/2019-08-30-SSR-Mining-Response-Letter-re-Investor-Mining-&-Tailings-Safety-Initiative.pdf,,tailings_source_df,POINT (-103.59224 55.6900444)
TAIL-dc8f1680-2019-1,2019,ON-TAIL-f4d71c34,Detour Lake Mine - TMA Cell 1,Detour Lake mine,Detour Gold Corporation,,Detour Gold Corporation,-79.70275,50.0196806,Active,2013.0,Centreline,49.0,80000000,100000000,Moderate,Canadian Dam Association / Ministry of Natural Resources and Forestry,https://s22.q4cdn.com/327131108/files/doc_downloads/2019/Detour-Gold-Mine-Tailings-Disclosure-Table-FINAL.pdf,,tailings_source_df,POINT (-79.70275 50.0196806)
TAIL-5cfbd44a-2019-1,2019,QC-TAIL-d7f1f96a,IAMGOLD WESTWOOD GOLD MINE/ DOYON,Westwood Gold Mine,IAMGOLD,,IAMGOLD,-78.55009694,48.27279389,Active,1982.0,Centreline,18.0,10945990,23212163,Significant risk,"Canadian Dam Association
Guidelines",https://s1.q4cdn.com/060001837/files/doc_downloads/policies/2019/Copy-of-Church-of-England-Master_edits.pdf,,tailings_source_df,POINT (-78.55009694 48.27279389)
TAIL-a6ffb926-2019-1,2019,QC-TAIL-00540a4b,YVAN VEZINA,YVAN VEZINA,IAMGOLD,,IAMGOLD,-78.92438611,48.47883889,Closed,1983.0,Closed site,10.0,2500000,2500000,,Quebec Dam Safety Act,https://s1.q4cdn.com/060001837/files/doc_downloads/policies/2019/Copy-of-Church-of-England-Master_edits.pdf,,tailings_source_df,POINT (-78.92438611 48.47883889)
TAIL-e0678515-2019-1,2019,QC-TAIL-bb37d9af,SOLBEC,Solbec,IAMGOLD,,IAMGOLD,-71.28860556,45.80382778,Closed,1994.0,Closed site,11.0,2500000,2500000,Moderate,Quebec Dam Safety Act,https://s1.q4cdn.com/060001837/files/doc_downloads/policies/2019/Copy-of-Church-of-England-Master_edits.pdf,,tailings_source_df,POINT (-71.28860556 45.80382778)
TAIL-f36f83d0-2019-1,2019,ON-TAIL-7dc3981c,Tailings Impoundment Area -7 East Dam,Young-Davidson Mine,Alamos Gold Inc.,,Alamos Gold Inc.,-80.712447,47.950208,Active,2012.0,Downstream,50.0,2500000,3500000,High,Ontario Ministry of Natural Resources Classification and Inflow Design Criteria (2011),https://s1.q4cdn.com/556167425/files/doc_downloads/2019/12/Overview-of-Alamos-Tailings-Impoundment-Areas-Dec2019-FINAL.pdf,,tailings_source_df,POINT (-80.712447 47.950208)
TAIL-0031591f-2019-1,2019,ON-TAIL-e4a80aee,Tailings Impoundment Area -7 West Dam,Young-Davidson Mine,Alamos Gold Inc.,,Alamos Gold Inc.,-80.712447,47.950208,Active,2012.0,Modified Centreline,40.0,2500000,3500000,High,Ontario Ministry of Natural Resources Classification and Inflow Design Criteria (2011),https://s1.q4cdn.com/556167425/files/doc_downloads/2019/12/Overview-of-Alamos-Tailings-Impoundment-Areas-Dec2019-FINAL.pdf,,tailings_source_df,POINT (-80.712447 47.950208)
TAIL-44ac91be-2019-1,2019,ON-TAIL-76c3a363,Tailings Impoundment Area -7 North Dam,Young-Davidson Mine,Alamos Gold Inc.,,Alamos Gold Inc.,-80.712447,47.950208,Active,2014.0,Modified Centreline,12.0,2500000,3500000,High,Ontario Ministry of Natural Resources Classification and Inflow Design Criteria (2011),https://s1.q4cdn.com/556167425/files/doc_downloads/2019/12/Overview-of-Alamos-Tailings-Impoundment-Areas-Dec2019-FINAL.pdf,,tailings_source_df,POINT (-80.712447 47.950208)
TAIL-bd1deb01-2019-1,2019,ON-TAIL-9ff4d9c4,Tailings Impoundment Area -7 South Saddle Dam,Young-Davidson Mine,Alamos Gold Inc.,,Alamos Gold Inc.,-80.712447,47.950208,Active,2018.0,Upstream,7.0,2500000,3500000,High,Ontario Ministry of Natural Resources Classification and Inflow Design Criteria (2011),https://s1.q4cdn.com/556167425/files/doc_downloads/2019/12/Overview-of-Alamos-Tailings-Impoundment-Areas-Dec2019-FINAL.pdf,,tailings_source_df,POINT (-80.712447 47.950208)
TAIL-3734b6f7-2019-1,2019,ON-TAIL-e10510ba,Primary Pond Dyke 1,Island Gold Mine,Alamos Gold Inc.,,Alamos Gold Inc.,-84.445337,48.30807,Active,1988.0,Downstream,11.0,486000,1488000,High,Ontario Ministry of Natural Resources Classification and Inflow Design Criteria (2011),https://s1.q4cdn.com/556167425/files/doc_downloads/2019/12/Overview-of-Alamos-Tailings-Impoundment-Areas-Dec2019-FINAL.pdf,,tailings_source_df,POINT (-84.445337 48.30807)
TAIL-936517a3-2019-1,2019,ON-TAIL-5365467e,Primary Pond Dyke 2,Island Gold Mine,Alamos Gold Inc.,,Alamos Gold Inc.,-84.445337,48.30807,Active,2011.0,Downstream,8.0,486000,1488000,Moderate,Ontario Ministry of Natural Resources Classification and Inflow Design Criteria (2011),https://s1.q4cdn.com/556167425/files/doc_downloads/2019/12/Overview-of-Alamos-Tailings-Impoundment-Areas-Dec2019-FINAL.pdf,,tailings_source_df,POINT (-84.445337 48.30807)
TAIL-be410ba9-2019-1,2019,ON-TAIL-03fd7eec,Primary Pond Dyke 3,Island Gold Mine,Alamos Gold Inc.,,Alamos Gold Inc.,-84.445337,48.30807,Active,2011.0,Downstream,10.0,486000,1488000,Moderate,Ontario Ministry of Natural Resources Classification and Inflow Design Criteria (2011),https://s1.q4cdn.com/556167425/files/doc_downloads/2019/12/Overview-of-Alamos-Tailings-Impoundment-Areas-Dec2019-FINAL.pdf,,tailings_source_df,POINT (-84.445337 48.30807)
TAIL-f6db8dc5-2019-1,2019,ON-TAIL-c526a43d,Primary Pond Dyke 4,Island Gold Mine,Alamos Gold Inc.,,Alamos Gold Inc.,-84.445337,48.30807,Active,2011.0,Downstream,10.0,486000,1488000,High,Ontario Ministry of Natural Resources Classification and Inflow Design Criteria (2011),https://s1.q4cdn.com/556167425/files/doc_downloads/2019/12/Overview-of-Alamos-Tailings-Impoundment-Areas-Dec2019-FINAL.pdf,,tailings_source_df,POINT (-84.445337 48.30807)
TAIL-a48da521-2019-1,2019,ON-TAIL-3f96e4ae,Primary Pond Dyke 5,Island Gold Mine,Alamos Gold Inc.,,Alamos Gold Inc.,-84.445337,48.30807,Active,2015.0,Downstream,5.0,486000,1488000,Moderate,Ontario Ministry of Natural Resources Classification and Inflow Design Criteria (2011),https://s1.q4cdn.com/556167425/files/doc_downloads/2019/12/Overview-of-Alamos-Tailings-Impoundment-Areas-Dec2019-FINAL.pdf,,tailings_source_df,POINT (-84.445337 48.30807)
TAIL-57774f6b-2019-1,2019,ON-TAIL-0dce2753,"Black Fox, Matheson, Ontario, Canada",Black fox,McEwen Mining,,McEwen Mining,-80.760015,48.554335,Active,1988.0,Upstream,11.7,5300000,7300000,Medium,Canadian Dam Association (CDA),https://s21.q4cdn.com/390685383/files/doc_downloads/2019/McEwen-Mining-Tailings-Safety-Disclosure-Table.pdf,,tailings_source_df,POINT (-80.760015 48.554335)
TAIL-98a3b0da-2019-1,2019,QC-TAIL-3745f75e,Casa Berardi Cell 4,Casa Berardi,Hecla Quibec Inc,,Hecla Quibec Inc,-79.240528,49.555972,Active,2010.0,Upstream,8.0,5000000,4000000,High,Candian Dam Association Consequence Classification,https://www.hecla-mining.com/wp-content/uploads/2019/06/2019-Hecla-TailingsMgmt_FactSheet.pdf,,tailings_source_df,POINT (-79.240528 49.555972)
TAIL-dddfd09b-2019-1,2019,QC-TAIL-19f7020b,Casa Berardi Cell #1,Casa Berardi,Hecla Quibec Inc,,Hecla Quibec Inc,-79.232417,49.560333,Inactive,1989.0,Downstream,8.0,,,High,Candian Dam Association Consequence Classification,https://www.hecla-mining.com/wp-content/uploads/2019/06/2019-Hecla-TailingsMgmt_FactSheet.pdf,,tailings_source_df,POINT (-79.232417 49.560333)
TAIL-23914ddc-2019-1,2019,QC-TAIL-5edb92d4,Casa Berardi Cell #2,Casa Berardi,Hecla Quibec Inc,,Hecla Quibec Inc,-79.223056,49.561333,Closure,1993.0,Upstream,19.0,,,Significant,Candian Dam Association Consequence Classification,https://www.hecla-mining.com/wp-content/uploads/2019/06/2019-Hecla-TailingsMgmt_FactSheet.pdf,,tailings_source_df,POINT (-79.223056 49.561333)
TAIL-566aec42-2019-1,2019,QC-TAIL-589b3f9e,Casa Berardi Cell #3,Casa Berardi,Hecla Quibec Inc,,Hecla Quibec Inc,-79.235528,49.560389,Inactive,1988.0,Centreline,7.0,,,Significant,Candian Dam Association Consequence Classification,https://www.hecla-mining.com/wp-content/uploads/2019/06/2019-Hecla-TailingsMgmt_FactSheet.pdf,,tailings_source_df,POINT (-79.235528 49.560389)
TAIL-a257a536-2019-1,2019,SK-TAIL-447c70ce,Triangle Lake TSF – 2 dams and 2 saddle dikes,Seabee Mine,SGO Mining Inc.,wholly-owned subsidiary of SSR Mining,SGO Mining Inc.,-103.57932,55.6903833,Active,2004.0,"Modified Centreline, Upstream",19.0,2750000,4000000,high,Canadian Dam Association Consequence Classification Ratings for Dam,http://www.ssrmining.com/_resources/2019-08-30-SSR-Mining-Response-Letter-re-Investor-Mining-&-Tailings-Safety-Initiative.pdf,,tailings_source_df,POINT (-103.57932 55.6903833)
TAIL-e24b5096-2019-1,2019,SK-TAIL-924b4cac,East Lake TSF – 3 concrete perimeter dams,Seabee Mine,SGO Mining Inc.,wholly-owned subsidiary of SSR Mining,SGO Mining Inc.,-103.59224,55.6900444,Active,1991.0,Centreline,8.0,2500000,2860000,Significant,Canadian Dam Association Consequence Classification Ratings for Dam,http://www.ssrmining.com/_resources/2019-08-30-SSR-Mining-Response-Letter-re-Investor-Mining-&-Tailings-Safety-Initiative.pdf,,tailings_source_df,POINT (-103.59224 55.6900444)
TAIL-4cced51d-2019-1,2019,NB-TAIL-5d7e77dd,TSF 1 STTP,Caribou,Trevali,,Trevali,-66.2975,47.5694444,Active,1989.0,"Downstream, Upstream",25.7,4250000,5850000,Very High,Canadian Dam Association,https://s22.q4cdn.com/617180940/files/doc_downloads/2019/10/Trevali-Mining-and-Tailings-Safety-Initiative-2019.pdf,,tailings_source_df,POINT (-66.2975 47.5694444)
TAIL-7090e52b-2019-1,2019,NB-TAIL-bc3447c8,TSF 2 Anaconda,Caribou,Province of New Brunswick,,Province of New Brunswick,-66.2975,47.5694444,Inactive,1970.0,"Downstream, Dry stack",11.0,165000,165000,Significant,Canadian Dam Association,https://s22.q4cdn.com/617180940/files/doc_downloads/2019/10/Trevali-Mining-and-Tailings-Safety-Initiative-2019.pdf,,tailings_source_df,POINT (-66.2975 47.5694444)
TAIL-6673f39e-2019-1,2019,ON-TAIL-e363812a,Dome No.6 TMA,Porcupine Gold Mines  ,Newmont Goldcorp,,Newmont/Goldcorp,-81.2136,48.4374,Active,1983.0,"Downstream , Centreline , Upstream",33.0,72000000,110000000,Extreme,Canadian Dam Association,https://www.newmontgoldcorp.com/document/church-of-england-tailings-management/,,tailings_source_df,POINT (-81.2136 48.4374)
TAIL-29791fbd-2019-1,2019,ON-TAIL-185d9e72,Coniaurum,Porcupine Gold Mines  ,Newmont Goldcorp,,Newmont/Goldcorp,-81.283,48.4976,Inactive Care and Maintenance,1913.0,Upstream,10.0,4900000,,Low,Canadian Dam Association,https://www.newmontgoldcorp.com/document/church-of-england-tailings-management/,,tailings_source_df,POINT (-81.283 48.4976)
TAIL-cfe76bff-2019-1,2019,ZZ-TAIL-9aa8d85e,Broulan Reef,Porcupine Gold Mines  ,Newmont Goldcorp,,Newmont/Goldcorp,81.1469,48.5135,Inactive Care and Maintenance,1938.0,Downstream,20.0,3300000,,High,Canadian Dam Association,https://www.newmontgoldcorp.com/document/church-of-england-tailings-management/,,tailings_source_df,POINT (81.1469 48.5135)
TAIL-645f0440-2019-1,2019,ON-TAIL-8d3d76f1,"Dome 1, 2, 2A",Porcupine Gold Mines  ,Newmont Goldcorp,,Newmont/Goldcorp,-81.2476,48.4763,Inactive Care and Maintenance,1925.0,Upstream,24.0,35000000,,Significant,Canadian Dam Association,https://www.newmontgoldcorp.com/document/church-of-england-tailings-management/,,tailings_source_df,POINT (-81.2476 48.4763)
TAIL-94410dfa-2019-1,2019,ON-TAIL-52a65906,Dome 3,Porcupine Gold Mines  ,Newmont Goldcorp,,Newmont/Goldcorp,-81.2432,48.4696,Inactive Care and Maintenance,1961.0,Upstream,18.0,6800000,,Unknown,Not Classified,https://www.newmontgoldcorp.com/document/church-of-england-tailings-management/,,tailings_source_df,POINT (-81.2432 48.4696)
TAIL-59b48994-2019-1,2019,ON-TAIL-97f2fb1c,Dome 4,Porcupine Gold Mines  ,Newmont Goldcorp,,Newmont/Goldcorp,-81.2549,48.4665,Inactive Care and Maintenance,1979.0,Upstream,10.0,1600000,,Unknown,Not Classified,https://www.newmontgoldcorp.com/document/church-of-england-tailings-management/,,tailings_source_df,POINT (-81.2549 48.4665)
TAIL-011a6506-2019-1,2019,ON-TAIL-7c93051c,Dome 5,Porcupine Gold Mines  ,Newmont Goldcorp,,Newmont/Goldcorp,-81.2519,48.4635,Inactive Care and Maintenance,1925.0,Upstream,8.0,700000,,Unknown,Not Classified,https://www.newmontgoldcorp.com/document/church-of-england-tailings-management/,,tailings_source_df,POINT (-81.2519 48.4635)
TAIL-071b435b-2019-1,2019,ON-TAIL-7faedf39,Paymaster North,Porcupine Gold Mines  ,Newmont Goldcorp,,Newmont/Goldcorp,-81.2674,48.4537,Inactive Care and Maintenance,1915.0,Upstream,11.0,2800000,,Unknown,Not Classified,https://www.newmontgoldcorp.com/document/church-of-england-tailings-management/,,tailings_source_df,POINT (-81.2674 48.4537)
TAIL-b49969ff-2019-1,2019,ON-TAIL-f3b07bcc,Paymaster South,Porcupine Gold Mines  ,Newmont Goldcorp,,Newmont/Goldcorp,-81.2599,48.4425,Inactive Care and Maintenance,1915.0,Upstream,10.0,1500000,,Unknown,Not Classified,https://www.newmontgoldcorp.com/document/church-of-england-tailings-management/,,tailings_source_df,POINT (-81.2599 48.4425)
TAIL-af111949-2019-1,2019,ON-TAIL-bdaac0ab,McIntyre,Porcupine Gold Mines  ,Newmont Goldcorp,,Newmont/Goldcorp,-81.2832,48.4997,Inactive Care and Maintenance,1912.0,Upstream,5.0,32200000,,Significant,Canadian Dam Association,https://www.newmontgoldcorp.com/document/church-of-england-tailings-management/,,tailings_source_df,POINT (-81.2832 48.4997)
TAIL-f7f02202-2019-1,2019,ON-TAIL-501b6735,Pamour T3,Porcupine Gold Mines  ,Newmont Goldcorp,,Newmont/Goldcorp,-81.1329,48.5269,Inactive Care and Maintenance,1936.0,Upstream,14.0,17500000,,Significant,Canadian Dam Association,https://www.newmontgoldcorp.com/document/church-of-england-tailings-management/,,tailings_source_df,POINT (-81.1329 48.5269)
TAIL-bd53bcec-2019-1,2019,ON-TAIL-9ecb480c,Pamour T2,Porcupine Gold Mines  ,Newmont Goldcorp,,Newmont/Goldcorp,-81.1233,48.5167,Inactive Care and Maintenance,1936.0,Upstream,30.0,20700000,,Significant,Canadian Dam Association,https://www.newmontgoldcorp.com/document/church-of-england-tailings-management/,,tailings_source_df,POINT (-81.1233 48.5167)
TAIL-be59f723-2019-1,2019,ON-TAIL-cfb752e7,Pamour T1,Porcupine Gold Mines  ,Newmont Goldcorp,,Newmont/Goldcorp,-81.1136,48.5279,Inactive Care and Maintenance,1936.0,Upstream,15.0,3900000,,Unknown,Not Classified,https://www.newmontgoldcorp.com/document/church-of-england-tailings-management/,,tailings_source_df,POINT (-81.1136 48.5279)
TAIL-45aadc8e-2019-1,2019,ON-TAIL-4d0dfd5b,Aunor A,Porcupine Gold Mines  ,Newmont Goldcorp,,Newmont/Goldcorp,-81.2775,48.4419,Inactive Care and Maintenance,1940.0,Upstream,14.0,700000,,Significant,Canadian Dam Association,https://www.newmontgoldcorp.com/document/church-of-england-tailings-management/,,tailings_source_df,POINT (-81.2775 48.4419)
TAIL-f5a64fae-2019-1,2019,ON-TAIL-3a5c246e,Aunor B,Porcupine Gold Mines  ,Newmont Goldcorp,,Newmont/Goldcorp,-81.2818,48.4382,Inactive Care and Maintenance,1940.0,Upstream,18.0,1500000,,Moderate,Canadian Dam Association,https://www.newmontgoldcorp.com/document/church-of-england-tailings-management/,,tailings_source_df,POINT (-81.2818 48.4382)
TAIL-839b48d3-2019-1,2019,ON-TAIL-eea7df36,Delnite,Porcupine Gold Mines  ,Newmont Goldcorp,,Newmont/Goldcorp,-81.29701,48.43722,Inactive Care and Maintenance,1937.0,Upstream,16.0,1600000,,Moderate,Canadian Dam Association,https://www.newmontgoldcorp.com/document/church-of-england-tailings-management/,,tailings_source_df,POINT (-81.29701 48.43722)
TAIL-cfd7350a-2019-1,2019,ZZ-TAIL-6913472c,Hallnor,Porcupine Gold Mines  ,Newmont Goldcorp,,Newmont/Goldcorp,-81.1455,45.5239,Inactive Care and Maintenance,1939.0,Upstream,11.0,4900000,,Moderate,Canadian Dam Association,https://www.newmontgoldcorp.com/document/church-of-england-tailings-management/,,tailings_source_df,POINT (-81.1455 45.5239)
TAIL-f7009759-2019-1,2019,ON-TAIL-202589c0,Campbell Complex,Red Lake Gold Mines       ,Newmont Goldcorp,,Newmont/Goldcorp,-93.7575,51.0641,Active,1983.0,Upstream,14.0,7000000,8000000,Very High,Canadian Dam Association,https://www.newmontgoldcorp.com/document/church-of-england-tailings-management/,,tailings_source_df,POINT (-93.7575 51.0641)
TAIL-78796a83-2019-1,2019,ON-TAIL-c10ae34e,Red Lake Complex,Red Lake Gold Mines       ,Newmont Goldcorp,,Newmont/Goldcorp,-93.7158,51.0641,Active,1960.0,"Modified Centreline, Downstream",8.0,6000000,7000000,Significant,Canadian Dam Association,https://www.newmontgoldcorp.com/document/church-of-england-tailings-management/,,tailings_source_df,POINT (-93.7158 51.0641)
TAIL-6daaea94-2019-1,2019,ON-TAIL-6037a75a,Balmer Tailings,Red Lake Gold Mines       ,Newmont Goldcorp,,Newmont/Goldcorp,-93.7575,51.0641,Inactive Care and Maintenance,1949.0,Other,3.0,2500000,2500000,Low,Canadian Dam Association,https://www.newmontgoldcorp.com/document/church-of-england-tailings-management/,,tailings_source_df,POINT (-93.7575 51.0641)
TAIL-ec49a1b9-2019-1,2019,ON-TAIL-294cb34c,Cochenour Wilanour Complex,Red Lake Gold Mines       ,Newmont Goldcorp,,Newmont/Goldcorp,-93.4843,51.0418,Inactive Care and Maintenance,1939.0,Centreline,7.0,1800000,1800000,High,Canadian Dam Association,https://www.newmontgoldcorp.com/document/church-of-england-tailings-management/,,tailings_source_df,POINT (-93.4843 51.0418)
TAIL-d4bd60ee-2019-1,2019,ON-TAIL-3985fecf,Main Tailings Facility,Dona Lake Mine         ,Newmont Goldcorp,,Newmont/Goldcorp,-90.0954,51.4159,Inactive Care and Maintenance,1990.0,Upstream,15.0,700000,,Significant,Canadian Dam Association,https://www.newmontgoldcorp.com/document/church-of-england-tailings-management/,,tailings_source_df,POINT (-90.0954 51.4159)
TAIL-fae01558-2019-1,2019,ON-TAIL-c38f574d,Musselwhite TMA,Musselwhite Mine             ,Newmont Goldcorp,,Newmont/Goldcorp,-90.3806,52.5974,Active,1996.0,"Centreline, Upstream",21.0,12000000,19000000,Significant,Canadian Dam Association,https://www.newmontgoldcorp.com/document/church-of-england-tailings-management/,,tailings_source_df,POINT (-90.3806 52.5974)
TAIL-4dcc0055-2019-1,2019,QC-TAIL-583b41da,No Dam,Eleonore Mine                ,Newmont Goldcorp,,Newmont/Goldcorp,-76.0682,52.7224,Active,2014.0,Filtered Tailings Stack on Liner,,,,,Not Classified,https://www.newmontgoldcorp.com/document/church-of-england-tailings-management/,,tailings_source_df,POINT (-76.0682 52.7224)
TAIL-f09d011b-2019-1,2019,BC-TAIL-547aba47,TMA,Equity Silver                     ,Newmont Goldcorp,,Newmont/Goldcorp,-126.2691,54.2043,Inactive Care and Maintenance,1984.0,"Downstream, centreline",61.0,48000000,,Very High,Canadian Dam Association,https://www.newmontgoldcorp.com/document/church-of-england-tailings-management/,,tailings_source_df,POINT (-126.2691 54.2043)
TAIL-53b062ec-2019-1,2019,NT-TAIL-7791ece7,Upper Pud,Miramar - Con Mine           ,Newmont Goldcorp,,Miramar,-114.3763,62.4308,Reclaimed  ,1998.0,"Upstream, Centreline",13.0,1550000,,Low,Canadian Dam Association,https://www.newmontgoldcorp.com/document/church-of-england-tailings-management/,,tailings_source_df,POINT (-114.3763 62.4308)
TAIL-88978c6d-2019-1,2019,NT-TAIL-c0247868,Middle Pud,Miramar - Con Mine           ,Newmont Goldcorp,,Miramar,-114.3763,62.4308,Inactive,1998.0,Upstream,7.0,930000,,Low,Canadian Dam Association,https://www.newmontgoldcorp.com/document/church-of-england-tailings-management/,,tailings_source_df,POINT (-114.3763 62.4308)
TAIL-f31b3992-2019-1,2019,NT-TAIL-fee10612,"Lower Pud, Neil Lake and Neques TCAs",Miramar - Con Mine           ,Newmont Goldcorp,,Miramar,-114.3763,62.4308,Inactive,2009.0,Upstream,1.5,620000,,Low,Canadian Dam Association,https://www.newmontgoldcorp.com/document/church-of-england-tailings-management/,,tailings_source_df,POINT (-114.3763 62.4308)
TAIL-70e361fe-2019-1,2019,ON-TAIL-378e970b,Interlake Tailings Facility,Golden Giant                              ,Newmont Goldcorp,,,-85.9051,48.6956,Inactive   ,1984.0,Downstream ,38.0,11600000,,Extreme,Canadian Dam Association,https://www.newmontgoldcorp.com/document/church-of-england-tailings-management/,,tailings_source_df,POINT (-85.9051 48.6956)
