year,source_id,source_name,source_type,iso3_country,sector,subsector,lat,lon,geometry_ref,gas,activity_units,emissions_factor,emissions_factor_units,capacity_units,capacity_factor,other1,other1_def,other2,other2_def,other3,other3_def,sector_id,emissions_quantity,activity,capacity
2021,1754048,777 Mine,copper-mine,CAN,mineral-extraction,copper-mining,54.775408,-101.879304,trace_1754048,co2e_100yr,t of copper ore,0.0111216558635677,t of CO2e in 100 yr GWP per t of copper ore,tonnes,0.6914107611548557,Underground,"Mine type (open pit, underground or both)",Production,"Mine status (Suspended', 'Closed', or 'Operating')",Zinc/Gold/Silver,Other minerals mined at this asset (Mineral type),83,11719.000050146376,1053710.0045088949,1524000.006521297
2021,1754049,Bell Mine,copper-mine,CAN,mineral-extraction,copper-mining,54.994393,-126.229872,trace_1754049,co2e_100yr,t of copper ore,0.0,t of CO2e in 100 yr GWP per t of copper ore,tonnes,0.0,Open Pit,"Mine type (open pit, underground or both)",Closed,"Mine status (Suspended', 'Closed', or 'Operating')",Molybdenum/Gold/Silver,Other minerals mined at this asset (Mineral type),83,0.0,0.0,96424444.85705103
2021,1754050,Bell-Allard Mine,copper-mine,CAN,mineral-extraction,copper-mining,49.70137,-77.726647,trace_1754050,co2e_100yr,t of copper ore,0.0,t of CO2e in 100 yr GWP per t of copper ore,tonnes,0.0,Underground,"Mine type (open pit, underground or both)",Closed,"Mine status (Suspended', 'Closed', or 'Operating')",Zinc/Gold/Silver,Other minerals mined at this asset (Mineral type),83,0.0,0.0,96424444.85705103
2021,1754051,Bell-Allard South Mine,copper-mine,CAN,mineral-extraction,copper-mining,49.676477,-77.66766,trace_1754051,co2e_100yr,t of copper ore,0.0,t of CO2e in 100 yr GWP per t of copper ore,tonnes,0.0,Underground,"Mine type (open pit, underground or both)",Closed,"Mine status (Suspended', 'Closed', or 'Operating')",Zinc/Gold/Silver,Other minerals mined at this asset (Mineral type),83,0.0,0.0,96424444.85705103
2021,1754053,Cantung Mine,copper-mine,CAN,mineral-extraction,copper-mining,61.968158,-128.230176,trace_1754053,co2e_100yr,t of copper ore,0.0,t of CO2e in 100 yr GWP per t of copper ore,tonnes,0.0,Both,"Mine type (open pit, underground or both)",Suspended,"Mine status (Suspended', 'Closed', or 'Operating')",Tungsten,Other minerals mined at this asset (Mineral type),83,0.0,0.0,1818000.0077793424
2021,1754054,Caribou Mine,copper-mine,CAN,mineral-extraction,copper-mining,47.563852,-66.291932,trace_1754054,co2e_100yr,t of copper ore,0.0,t of CO2e in 100 yr GWP per t of copper ore,tonnes,0.0,Open Pit,"Mine type (open pit, underground or both)",Suspended,"Mine status (Suspended', 'Closed', or 'Operating')",Polymetallic,Other minerals mined at this asset (Mineral type),83,0.0,0.0,96424444.85705103
2021,1754055,Coleman Mine,copper-mine,CAN,mineral-extraction,copper-mining,46.674583,-81.34308,trace_1754055,co2e_100yr,t of copper ore,0.0072996987951807,t of CO2e in 100 yr GWP per t of copper ore,tonnes,0.1271543469934891,Underground,"Mine type (open pit, underground or both)",Production,"Mine status (Suspended', 'Closed', or 'Operating')",Polymetallic,Other minerals mined at this asset (Mineral type),83,4847.000020740634,664000.0028413,5222000.022345284
2021,1754056,Copper Cliff Mine,copper-mine,CAN,mineral-extraction,copper-mining,46.48096,-81.052207,trace_1754056,co2e_100yr,t of copper ore,0.0072991452991452,t of CO2e in 100 yr GWP per t of copper ore,tonnes,0.0130522088353413,Underground,"Mine type (open pit, underground or both)",Production,"Mine status (Suspended', 'Closed', or 'Operating')",Polymetallic,Other minerals mined at this asset (Mineral type),83,3416.00001461729,468000.002002603,35856000.1534302
2021,1754057,Copper Mountain Mine,copper-mine,CAN,mineral-extraction,copper-mining,49.331253,-120.521629,trace_1754057,co2e_100yr,t of copper ore,0.0111216499475969,t of CO2e in 100 yr GWP per t of copper ore,tonnes,0.0266356137177996,Open Pit,"Mine type (open pit, underground or both)",Production,"Mine status (Suspended', 'Closed', or 'Operating')",Gold/Silver,Other minerals mined at this asset (Mineral type),83,148563.00063571092,13358000.057159767,501509002.14599025
2021,1754058,Creighton Mine,copper-mine,CAN,mineral-extraction,copper-mining,46.462958,-81.176038,trace_1754058,co2e_100yr,t of copper ore,0.0073,t of CO2e in 100 yr GWP per t of copper ore,tonnes,0.0887335305189567,Underground,"Mine type (open pit, underground or both)",Production,"Mine status (Suspended', 'Closed', or 'Operating')",Polymetallic,Other minerals mined at this asset (Mineral type),83,2409.0000103082707,330000.00141209183,3719000.0159138474
2021,1754059,Estrades Mine,copper-mine,CAN,mineral-extraction,copper-mining,49.586191,-78.870907,trace_1754059,co2e_100yr,t of copper ore,0.0,t of CO2e in 100 yr GWP per t of copper ore,tonnes,0.0,Open Pit,"Mine type (open pit, underground or both)",Suspended,"Mine status (Suspended', 'Closed', or 'Operating')",Zinc/Gold/Silver,Other minerals mined at this asset (Mineral type),83,0.0,0.0,96424444.85705103
2021,1754060,Garson Mine,copper-mine,CAN,mineral-extraction,copper-mining,46.56758,-80.857509,trace_1754060,co2e_100yr,t of copper ore,0.0073,t of CO2e in 100 yr GWP per t of copper ore,tonnes,0.0754231052244297,Underground,"Mine type (open pit, underground or both)",Production,"Mine status (Suspended', 'Closed', or 'Operating')",Polymetallic,Other minerals mined at this asset (Mineral type),83,2993.000012807245,410000.00175441714,5436000.023261004
2021,1754061,Gibraltar Mine,copper-mine,CAN,mineral-extraction,copper-mining,52.519137,-122.26926,trace_1754061,co2e_100yr,t of copper ore,0.0010250948766603,t of CO2e in 100 yr GWP per t of copper ore,tonnes,0.1492917847025495,Open Pit,"Mine type (open pit, underground or both)",Production,"Mine status (Suspended', 'Closed', or 'Operating')",Molybdenum/Silver,Other minerals mined at this asset (Mineral type),83,108045.0004623317,105400000.45101358,706000003.0210208
2021,1754063,Granisle Mine,copper-mine,CAN,mineral-extraction,copper-mining,54.940589,-126.1571,trace_1754063,co2e_100yr,t of copper ore,0.0,t of CO2e in 100 yr GWP per t of copper ore,tonnes,0.0,Open Pit,"Mine type (open pit, underground or both)",Closed,"Mine status (Suspended', 'Closed', or 'Operating')",Molybdenum/Gold/Silver,Other minerals mined at this asset (Mineral type),83,0.0,0.0,96424444.85705103
2021,1754064,Halfmile Mine,copper-mine,CAN,mineral-extraction,copper-mining,47.304433,-66.324075,trace_1754064,co2e_100yr,t of copper ore,0.0,t of CO2e in 100 yr GWP per t of copper ore,tonnes,0.0,Underground,"Mine type (open pit, underground or both)",Suspended,"Mine status (Suspended', 'Closed', or 'Operating')",Polymetallic,Other minerals mined at this asset (Mineral type),83,0.0,0.0,4410000.018870682
2021,1754065,Heath Steele Mine,copper-mine,CAN,mineral-extraction,copper-mining,47.292613,-66.062529,trace_1754065,co2e_100yr,t of copper ore,0.0,t of CO2e in 100 yr GWP per t of copper ore,tonnes,0.0,Both,"Mine type (open pit, underground or both)",Closed,"Mine status (Suspended', 'Closed', or 'Operating')",Zinc/Lead,Other minerals mined at this asset (Mineral type),83,0.0,0.0,96424444.85705103
2021,1754066,Highland Valley Mine,copper-mine,CAN,mineral-extraction,copper-mining,50.486244,-121.042759,trace_1754066,co2e_100yr,t of copper ore,0.0273757220584358,t of CO2e in 100 yr GWP per t of copper ore,tonnes,0.2466509015666568,Open Pit,"Mine type (open pit, underground or both)",Production,"Mine status (Suspended', 'Closed', or 'Operating')",Molybdenum,Other minerals mined at this asset (Mineral type),83,2284285.0097746067,83442000.35705385,338300001.4476081
2021,1754067,Horne Mine,copper-mine,CAN,mineral-extraction,copper-mining,48.254296,-79.010706,trace_1754067,co2e_100yr,t of copper ore,0.0,t of CO2e in 100 yr GWP per t of copper ore,tonnes,0.0,Underground,"Mine type (open pit, underground or both)",Closed,"Mine status (Suspended', 'Closed', or 'Operating')",Zinc/Gold/Silver,Other minerals mined at this asset (Mineral type),83,0.0,0.0,96424444.85705103
2021,1754068,Huckleberry Mine,copper-mine,CAN,mineral-extraction,copper-mining,53.681321,-127.179631,trace_1754068,co2e_100yr,t of copper ore,0.0,t of CO2e in 100 yr GWP per t of copper ore,tonnes,0.0,Open Pit,"Mine type (open pit, underground or both)",Suspended,"Mine status (Suspended', 'Closed', or 'Operating')",Molybdenum/Gold/Silver,Other minerals mined at this asset (Mineral type),83,0.0,0.0,96424444.85705103
2021,1754069,Isle-Dieu Mine,copper-mine,CAN,mineral-extraction,copper-mining,49.720988,-77.748708,trace_1754069,co2e_100yr,t of copper ore,0.0,t of CO2e in 100 yr GWP per t of copper ore,tonnes,0.0,Underground,"Mine type (open pit, underground or both)",Closed,"Mine status (Suspended', 'Closed', or 'Operating')",Zinc/Gold/Silver,Other minerals mined at this asset (Mineral type),83,0.0,0.0,96424444.85705103
2021,1754070,Joutel Mine,copper-mine,CAN,mineral-extraction,copper-mining,49.453113,-78.352142,trace_1754070,co2e_100yr,t of copper ore,0.0,t of CO2e in 100 yr GWP per t of copper ore,tonnes,0.0,Open Pit,"Mine type (open pit, underground or both)",Closed,"Mine status (Suspended', 'Closed', or 'Operating')",Zinc/Silver,Other minerals mined at this asset (Mineral type),83,0.0,0.0,96424444.85705103
2021,1754071,Kemess Mine,copper-mine,CAN,mineral-extraction,copper-mining,57.003206,-126.772517,trace_1754071,co2e_100yr,t of copper ore,0.0,t of CO2e in 100 yr GWP per t of copper ore,tonnes,0.0,Open Pit,"Mine type (open pit, underground or both)",Closed,"Mine status (Suspended', 'Closed', or 'Operating')",Gold/Silver,Other minerals mined at this asset (Mineral type),83,0.0,0.0,107381000.45949042
2021,1754074,Lac Matagami Mine,copper-mine,CAN,mineral-extraction,copper-mining,49.718189,-77.71434,trace_1754074,co2e_100yr,t of copper ore,0.0,t of CO2e in 100 yr GWP per t of copper ore,tonnes,0.0,Underground,"Mine type (open pit, underground or both)",Closed,"Mine status (Suspended', 'Closed', or 'Operating')",Zinc/Gold/Silver,Other minerals mined at this asset (Mineral type),83,0.0,0.0,96424444.85705103
2021,1754075,Lalor Mine,copper-mine,CAN,mineral-extraction,copper-mining,54.873524,-100.149518,trace_1754075,co2e_100yr,t of copper ore,0.0111213563560516,t of CO2e in 100 yr GWP per t of copper ore,tonnes,0.0926250581395348,Underground,"Mine type (open pit, underground or both)",Production,"Mine status (Suspended', 'Closed', or 'Operating')",Zinc/Gold/Silver,Other minerals mined at this asset (Mineral type),83,17718.000075816497,1593151.0068171986,17200000.07359994
2021,1754076,Langlois Mine,copper-mine,CAN,mineral-extraction,copper-mining,49.24537,-76.674411,trace_1754076,co2e_100yr,t of copper ore,0.0,t of CO2e in 100 yr GWP per t of copper ore,tonnes,0.0,Underground,"Mine type (open pit, underground or both)",Suspended,"Mine status (Suspended', 'Closed', or 'Operating')",Polymetallic,Other minerals mined at this asset (Mineral type),83,0.0,0.0,96424444.85705103
2021,1754077,LaRonde Mine,copper-mine,CAN,mineral-extraction,copper-mining,48.249139,-78.441434,trace_1754077,co2e_100yr,t of copper ore,0.0105001333471216,t of CO2e in 100 yr GWP per t of copper ore,tonnes,0.0654196190137083,Underground,"Mine type (open pit, underground or both)",Production,"Mine status (Suspended', 'Closed', or 'Operating')",Zinc/Gold/Silver,Other minerals mined at this asset (Mineral type),83,19292.000082551745,1837310.0078619712,28085000.120177574
2021,1754078,Lexington Mine,copper-mine,CAN,mineral-extraction,copper-mining,49.008773,-118.613201,trace_1754078,co2e_100yr,t of copper ore,0.0,t of CO2e in 100 yr GWP per t of copper ore,tonnes,0.0,Underground,"Mine type (open pit, underground or both)",Suspended,"Mine status (Suspended', 'Closed', or 'Operating')",Gold,Other minerals mined at this asset (Mineral type),83,0.0,0.0,96424444.85705103
2021,1754079,Matagami Mine,copper-mine,CAN,mineral-extraction,copper-mining,49.689045,-77.694108,trace_1754079,co2e_100yr,t of copper ore,0.0094,t of CO2e in 100 yr GWP per t of copper ore,tonnes,0.75,Underground,"Mine type (open pit, underground or both)",Production,"Mine status (Suspended', 'Closed', or 'Operating')",Zinc/Gold/Silver,Other minerals mined at this asset (Mineral type),83,8460.0000362009,900000.0038511596,1200000.0051348794
2021,1754080,Max Mine,copper-mine,CAN,mineral-extraction,copper-mining,50.649897,-117.569419,trace_1754080,co2e_100yr,t of copper ore,0.0,t of CO2e in 100 yr GWP per t of copper ore,tonnes,0.0,Underground,"Mine type (open pit, underground or both)",Suspended,"Mine status (Suspended', 'Closed', or 'Operating')",Molybdenum/Gold/Silver,Other minerals mined at this asset (Mineral type),83,0.0,0.0,96424444.85705103
2021,1754081,McCreedy West Mine,copper-mine,CAN,mineral-extraction,copper-mining,46.637729,-81.398089,trace_1754081,co2e_100yr,t of copper ore,0.0122217427722923,t of CO2e in 100 yr GWP per t of copper ore,tonnes,0.0024514738079325,Underground,"Mine type (open pit, underground or both)",Production,"Mine status (Suspended', 'Closed', or 'Operating')",Polymetallic,Other minerals mined at this asset (Mineral type),83,2889.000012362222,236382.00101149423,96424444.85705103
2021,1754082,Ming Mine,copper-mine,CAN,mineral-extraction,copper-mining,49.914219,-56.085819,trace_1754082,co2e_100yr,t of copper ore,0.009400016992773,t of CO2e in 100 yr GWP per t of copper ore,tonnes,0.3223055443140429,Underground,"Mine type (open pit, underground or both)",Production,"Mine status (Suspended', 'Closed', or 'Operating')",Gold/Silver,Other minerals mined at this asset (Mineral type),83,22459.000096103548,2389251.0102237635,7413000.031720718
2021,1754083,Minto Mine,copper-mine,CAN,mineral-extraction,copper-mining,62.61756,-137.256469,trace_1754083,co2e_100yr,t of copper ore,0.0,t of CO2e in 100 yr GWP per t of copper ore,tonnes,0.3747535667963683,Both,"Mine type (open pit, underground or both)",Production,"Mine status (Suspended', 'Closed', or 'Operating')",Gold/Silver,Other minerals mined at this asset (Mineral type),83,0.0,866805.003709116,2313000.0098974803
2021,1754084,Mount Milligan Mine,copper-mine,CAN,mineral-extraction,copper-mining,55.120089,-124.019136,trace_1754084,co2e_100yr,t of copper ore,0.0053104295148174,t of CO2e in 100 yr GWP per t of copper ore,tonnes,0.122173695615936,Open Pit,"Mine type (open pit, underground or both)",Production,"Mine status (Suspended', 'Closed', or 'Operating')",Gold/Silver,Other minerals mined at this asset (Mineral type),83,97303.00041636599,18323000.07840533,149975000.64175296
2021,1754085,Mount Polley Mine,copper-mine,CAN,mineral-extraction,copper-mining,52.548922,-121.634586,trace_1754085,co2e_100yr,t of copper ore,0.0094002157661693,t of CO2e in 100 yr GWP per t of copper ore,tonnes,0.0414922078405117,Both,"Mine type (open pit, underground or both)",Production,"Mine status (Suspended', 'Closed', or 'Operating')",Gold/Silver,Other minerals mined at this asset (Mineral type),83,20973.000089744855,2231119.009547106,53772000.230093956
2021,1754086,Myra Falls Mine,copper-mine,CAN,mineral-extraction,copper-mining,49.57067,-125.591966,trace_1754086,co2e_100yr,t of copper ore,0.0094,t of CO2e in 100 yr GWP per t of copper ore,tonnes,0.010948905109489,Underground,"Mine type (open pit, underground or both)",Production,"Mine status (Suspended', 'Closed', or 'Operating')",Polymetallic,Other minerals mined at this asset (Mineral type),83,423.00000181004503,45000.00019255798,4110000.0175869623
2021,1754087,New Afton Mine,copper-mine,CAN,mineral-extraction,copper-mining,50.662968,-120.520252,trace_1754087,co2e_100yr,t of copper ore,0.0042290827740492,t of CO2e in 100 yr GWP per t of copper ore,tonnes,0.1083006250908562,Underground,"Mine type (open pit, underground or both)",Production,"Mine status (Suspended', 'Closed', or 'Operating')",Gold/Silver,Other minerals mined at this asset (Mineral type),83,18904.000080891466,4470000.019127426,41274000.17661418
2021,1754088,New Hosco Mine,copper-mine,CAN,mineral-extraction,copper-mining,49.789786,-77.836128,trace_1754088,co2e_100yr,t of copper ore,0.0,t of CO2e in 100 yr GWP per t of copper ore,tonnes,0.0,Open Pit,"Mine type (open pit, underground or both)",Closed,"Mine status (Suspended', 'Closed', or 'Operating')",Zinc/Silver,Other minerals mined at this asset (Mineral type),83,0.0,0.0,96424444.85705103
2021,1754089,Norita Mine,copper-mine,CAN,mineral-extraction,copper-mining,49.775233,-77.655109,trace_1754089,co2e_100yr,t of copper ore,0.0,t of CO2e in 100 yr GWP per t of copper ore,tonnes,0.0,Underground,"Mine type (open pit, underground or both)",Closed,"Mine status (Suspended', 'Closed', or 'Operating')",Zinc,Other minerals mined at this asset (Mineral type),83,0.0,0.0,96424444.85705103
2021,1754090,Nunavik Nickel Operation,copper-mine,CAN,mineral-extraction,copper-mining,61.556721,-73.449743,trace_1754090,co2e_100yr,t of copper ore,0.0,t of CO2e in 100 yr GWP per t of copper ore,tonnes,0.0,Both,"Mine type (open pit, underground or both)",Production,"Mine status (Suspended', 'Closed', or 'Operating')",Nickel,Other minerals mined at this asset (Mineral type),83,0.0,0.0,96424444.85705103
2021,1754091,Orchan Mine,copper-mine,CAN,mineral-extraction,copper-mining,49.707436,-77.7079,trace_1754091,co2e_100yr,t of copper ore,0.0,t of CO2e in 100 yr GWP per t of copper ore,tonnes,0.0,Underground,"Mine type (open pit, underground or both)",Closed,"Mine status (Suspended', 'Closed', or 'Operating')",Zinc/Gold/Silver,Other minerals mined at this asset (Mineral type),83,0.0,0.0,96424444.85705103
2021,1754093,Poirier Mine,copper-mine,CAN,mineral-extraction,copper-mining,49.444177,-78.397175,trace_1754093,co2e_100yr,t of copper ore,0.0,t of CO2e in 100 yr GWP per t of copper ore,tonnes,0.0,Open Pit,"Mine type (open pit, underground or both)",Closed,"Mine status (Suspended', 'Closed', or 'Operating')",Zinc/Silver,Other minerals mined at this asset (Mineral type),83,0.0,0.0,96424444.85705103
2021,1754094,Quemont Mine,copper-mine,CAN,mineral-extraction,copper-mining,48.256614,-79.004787,trace_1754094,co2e_100yr,t of copper ore,0.0,t of CO2e in 100 yr GWP per t of copper ore,tonnes,0.0,Underground,"Mine type (open pit, underground or both)",Closed,"Mine status (Suspended', 'Closed', or 'Operating')",Zinc/Gold/Silver,Other minerals mined at this asset (Mineral type),83,0.0,0.0,96424444.85705103
2021,1754095,Radiore Mine,copper-mine,CAN,mineral-extraction,copper-mining,49.753583,-77.558927,trace_1754095,co2e_100yr,t of copper ore,0.0,t of CO2e in 100 yr GWP per t of copper ore,tonnes,0.0,Underground,"Mine type (open pit, underground or both)",Closed,"Mine status (Suspended', 'Closed', or 'Operating')",Zinc,Other minerals mined at this asset (Mineral type),83,0.0,0.0,96424444.85705103
2021,1754096,Raglan Operation,copper-mine,CAN,mineral-extraction,copper-mining,61.687773,-73.678676,trace_1754096,co2e_100yr,t of copper ore,0.0094,t of CO2e in 100 yr GWP per t of copper ore,tonnes,0.1405579399141631,Underground,"Mine type (open pit, underground or both)",Production,"Mine status (Suspended', 'Closed', or 'Operating')",Polymetallic,Other minerals mined at this asset (Mineral type),83,12314.000052692421,1310000.0056055768,9320000.039880898
2021,1754097,Red Chris Mine,copper-mine,CAN,mineral-extraction,copper-mining,57.713205,-129.794095,trace_1754097,co2e_100yr,t of copper ore,0.0108909908870688,t of CO2e in 100 yr GWP per t of copper ore,tonnes,0.0180604166666666,Open Pit,"Mine type (open pit, underground or both)",Production,"Mine status (Suspended', 'Closed', or 'Operating')",Gold/Silver,Other minerals mined at this asset (Mineral type),83,94414.00040400376,8669000.037095224,480000002.0539518
2021,1754098,Restigouche Mine,copper-mine,CAN,mineral-extraction,copper-mining,47.500875,-66.550582,trace_1754098,co2e_100yr,t of copper ore,0.0,t of CO2e in 100 yr GWP per t of copper ore,tonnes,0.0,Open Pit,"Mine type (open pit, underground or both)",Suspended,"Mine status (Suspended', 'Closed', or 'Operating')",Polymetallic,Other minerals mined at this asset (Mineral type),83,0.0,0.0,96424444.85705103
2021,1754099,Samatosum Mine,copper-mine,CAN,mineral-extraction,copper-mining,51.15156,-119.813151,trace_1754099,co2e_100yr,t of copper ore,0.0,t of CO2e in 100 yr GWP per t of copper ore,tonnes,0.0,Open Pit,"Mine type (open pit, underground or both)",Closed,"Mine status (Suspended', 'Closed', or 'Operating')",Zinc/Lead/Silver,Other minerals mined at this asset (Mineral type),83,0.0,0.0,96424444.85705103
2021,1754100,Selbaie Mine,copper-mine,CAN,mineral-extraction,copper-mining,49.805167,-78.946232,trace_1754100,co2e_100yr,t of copper ore,0.0,t of CO2e in 100 yr GWP per t of copper ore,tonnes,0.0,Open Pit,"Mine type (open pit, underground or both)",Closed,"Mine status (Suspended', 'Closed', or 'Operating')",Zinc/Gold/Silver,Other minerals mined at this asset (Mineral type),83,0.0,0.0,96424444.85705103
2021,1754101,Stobie Mine,copper-mine,CAN,mineral-extraction,copper-mining,46.48096,-81.052207,trace_1754101,co2e_100yr,t of copper ore,0.0,t of CO2e in 100 yr GWP per t of copper ore,tonnes,0.0,Both,"Mine type (open pit, underground or both)",Closed,"Mine status (Suspended', 'Closed', or 'Operating')",Polymetallic,Other minerals mined at this asset (Mineral type),83,0.0,0.0,96424444.85705103
2021,1754102,Sudbury INO Operation,copper-mine,CAN,mineral-extraction,copper-mining,46.657829,-80.79658,trace_1754102,co2e_100yr,t of copper ore,0.0097318841202823,t of CO2e in 100 yr GWP per t of copper ore,tonnes,0.0953221311475409,Underground,"Mine type (open pit, underground or both)",Production,"Mine status (Suspended', 'Closed', or 'Operating')",Polymetallic,Other minerals mined at this asset (Mineral type),83,18108.000077485332,1860688.0079620073,19520000.083527375
2021,1754103,Thompson Mine,copper-mine,CAN,mineral-extraction,copper-mining,55.71406,-97.852724,trace_1754103,co2e_100yr,t of copper ore,0.0073003095975232,t of CO2e in 100 yr GWP per t of copper ore,tonnes,0.0066995459887995,Underground,"Mine type (open pit, underground or both)",Production,"Mine status (Suspended', 'Closed', or 'Operating')",Nickel/Cobalt,Other minerals mined at this asset (Mineral type),83,4716.000020180077,646000.0027642768,96424444.85705103
2021,1754104,Totten Mine,copper-mine,CAN,mineral-extraction,copper-mining,46.38187,-81.453631,trace_1754104,co2e_100yr,t of copper ore,0.00730078125,t of CO2e in 100 yr GWP per t of copper ore,tonnes,0.0710519011934499,Underground,"Mine type (open pit, underground or both)",Production,"Mine status (Suspended', 'Closed', or 'Operating')",Polymetallic,Other minerals mined at this asset (Mineral type),83,1869.0000079975748,256000.00109544094,3603000.0154174757
2021,1754105,Troilus Mine,copper-mine,CAN,mineral-extraction,copper-mining,51.012585,-74.466821,trace_1754105,co2e_100yr,t of copper ore,0.0,t of CO2e in 100 yr GWP per t of copper ore,tonnes,0.0,Both,"Mine type (open pit, underground or both)",Suspended,"Mine status (Suspended', 'Closed', or 'Operating')",Gold/Silver,Other minerals mined at this asset (Mineral type),83,0.0,0.0,96424444.85705103
2021,1754106,Voisey's Bay Mine,copper-mine,CAN,mineral-extraction,copper-mining,56.331334,-62.096044,trace_1754106,co2e_100yr,t of copper ore,0.0072998544395924,t of CO2e in 100 yr GWP per t of copper ore,tonnes,0.0769029850746268,Both,"Mine type (open pit, underground or both)",Production,"Mine status (Suspended', 'Closed', or 'Operating')",Nickel/Cobalt,Other minerals mined at this asset (Mineral type),83,15045.000064378552,2061000.0088191554,26800000.114678975
2021,25486533,Kidd Creek Mine,copper-mine,CAN,mineral-extraction,copper-mining,48.689104,-81.371982,trace_25486533,co2e_100yr,t of copper ore,0.0094,t of CO2e in 100 yr GWP per t of copper ore,tonnes,0.4645161290322581,Underground,"Mine type (open pit, underground or both)",Production,"Mine status (Suspended', 'Closed', or 'Operating')",Zinc/Silver,Other minerals mined at this asset (Mineral type),83,13536.00005792144,1440000.0061618553,3100000.0132651054
2021,25486534,Lac des Iles Mine,copper-mine,CAN,mineral-extraction,copper-mining,49.164166,-89.622449,trace_25486534,co2e_100yr,t of copper ore,0.0139969238656754,t of CO2e in 100 yr GWP per t of copper ore,tonnes,0.0874663677130044,Both,"Mine type (open pit, underground or both)",Production,"Mine status (Suspended', 'Closed', or 'Operating')",Polymetallic,Other minerals mined at this asset (Mineral type),83,54602.00023364557,3901000.0166926375,44600000.190846354
2021,36395102,Scully Mine,iron-mine,CAN,mineral-extraction,iron-mining,52.905338,-66.927868,trace_36395102,co2e_100yr,t of iron ore,0.0423999814091838,t of CO2e in 100 yr GWP per t of iron ore,tonnes,0.0224619631146086,Open Pit,"Mine type (open pit, underground or both)",Production,"Mine status (Suspended', 'Closed', or 'Operating')",Manganese,Other minerals mined at this asset (Mineral type),84,456139.001951849,10758000.046034195,478943002.0494288
2022,1754048,777 Mine,copper-mine,CAN,mineral-extraction,copper-mining,54.775408,-101.879304,trace_1754048,co2e_100yr,t of copper ore,0.0140578707765998,t of CO2e in 100 yr GWP per t of copper ore,tonnes,0.3178182414698163,Underground,"Mine type (open pit, underground or both)",Production,"Mine status (Suspended', 'Closed', or 'Operating')",Zinc/Gold/Silver,Other minerals mined at this asset (Mineral type),83,6809.000029136162,484355.00207258714,1524000.006521297
2022,1754049,Bell Mine,copper-mine,CAN,mineral-extraction,copper-mining,54.994393,-126.229872,trace_1754049,co2e_100yr,t of copper ore,0.0,t of CO2e in 100 yr GWP per t of copper ore,tonnes,0.0,Open Pit,"Mine type (open pit, underground or both)",Closed,"Mine status (Suspended', 'Closed', or 'Operating')",Molybdenum/Gold/Silver,Other minerals mined at this asset (Mineral type),83,0.0,0.0,91253899.27937037
2022,1754050,Bell-Allard Mine,copper-mine,CAN,mineral-extraction,copper-mining,49.70137,-77.726647,trace_1754050,co2e_100yr,t of copper ore,0.0,t of CO2e in 100 yr GWP per t of copper ore,tonnes,0.0,Underground,"Mine type (open pit, underground or both)",Closed,"Mine status (Suspended', 'Closed', or 'Operating')",Zinc/Gold/Silver,Other minerals mined at this asset (Mineral type),83,0.0,0.0,91253899.27937037
2022,1754051,Bell-Allard South Mine,copper-mine,CAN,mineral-extraction,copper-mining,49.676477,-77.66766,trace_1754051,co2e_100yr,t of copper ore,0.0,t of CO2e in 100 yr GWP per t of copper ore,tonnes,0.0,Underground,"Mine type (open pit, underground or both)",Closed,"Mine status (Suspended', 'Closed', or 'Operating')",Zinc/Gold/Silver,Other minerals mined at this asset (Mineral type),83,0.0,0.0,91253899.27937037
2022,1754053,Cantung Mine,copper-mine,CAN,mineral-extraction,copper-mining,61.968158,-128.230176,trace_1754053,co2e_100yr,t of copper ore,0.0,t of CO2e in 100 yr GWP per t of copper ore,tonnes,0.0,Both,"Mine type (open pit, underground or both)",Suspended,"Mine status (Suspended', 'Closed', or 'Operating')",Tungsten,Other minerals mined at this asset (Mineral type),83,0.0,0.0,1818000.0077793424
2022,1754054,Caribou Mine,copper-mine,CAN,mineral-extraction,copper-mining,47.563852,-66.291932,trace_1754054,co2e_100yr,t of copper ore,0.0,t of CO2e in 100 yr GWP per t of copper ore,tonnes,0.0,Open Pit,"Mine type (open pit, underground or both)",Suspended,"Mine status (Suspended', 'Closed', or 'Operating')",Polymetallic,Other minerals mined at this asset (Mineral type),83,0.0,0.0,91253899.27937037
2022,1754055,Coleman Mine,copper-mine,CAN,mineral-extraction,copper-mining,46.674583,-81.34308,trace_1754055,co2e_100yr,t of copper ore,0.0066,t of CO2e in 100 yr GWP per t of copper ore,tonnes,0.1892301038062283,Underground,"Mine type (open pit, underground or both)",Production,"Mine status (Suspended', 'Closed', or 'Operating')",Polymetallic,Other minerals mined at this asset (Mineral type),83,5775.000024711608,875000.003744183,4624000.019786403
2022,1754056,Copper Cliff Mine,copper-mine,CAN,mineral-extraction,copper-mining,46.48096,-81.052207,trace_1754056,co2e_100yr,t of copper ore,0.0066002673796791,t of CO2e in 100 yr GWP per t of copper ore,tonnes,0.0210425633668101,Underground,"Mine type (open pit, underground or both)",Production,"Mine status (Suspended', 'Closed', or 'Operating')",Polymetallic,Other minerals mined at this asset (Mineral type),83,4937.00002112575,748000.0032007415,35547000.15210797
2022,1754057,Copper Mountain Mine,copper-mine,CAN,mineral-extraction,copper-mining,49.331253,-120.521629,trace_1754057,co2e_100yr,t of copper ore,0.0140585143387184,t of CO2e in 100 yr GWP per t of copper ore,tonnes,0.0352526023216524,Open Pit,"Mine type (open pit, underground or both)",Production,"Mine status (Suspended', 'Closed', or 'Operating')",Gold/Silver,Other minerals mined at this asset (Mineral type),83,181875.00077825517,12937000.05535828,366980001.57033175
2022,1754058,Creighton Mine,copper-mine,CAN,mineral-extraction,copper-mining,46.462958,-81.176038,trace_1754058,co2e_100yr,t of copper ore,0.0066004618937644,t of CO2e in 100 yr GWP per t of copper ore,tonnes,0.0392174621863961,Underground,"Mine type (open pit, underground or both)",Production,"Mine status (Suspended', 'Closed', or 'Operating')",Polymetallic,Other minerals mined at this asset (Mineral type),83,2858.000012229571,433000.00185283564,11041000.04724517
2022,1754059,Estrades Mine,copper-mine,CAN,mineral-extraction,copper-mining,49.586191,-78.870907,trace_1754059,co2e_100yr,t of copper ore,0.0,t of CO2e in 100 yr GWP per t of copper ore,tonnes,0.0,Open Pit,"Mine type (open pit, underground or both)",Suspended,"Mine status (Suspended', 'Closed', or 'Operating')",Zinc/Gold/Silver,Other minerals mined at this asset (Mineral type),83,0.0,0.0,91253899.27937037
2022,1754060,Garson Mine,copper-mine,CAN,mineral-extraction,copper-mining,46.56758,-80.857509,trace_1754060,co2e_100yr,t of copper ore,0.0066006493506493,t of CO2e in 100 yr GWP per t of copper ore,tonnes,0.1277478224802986,Underground,"Mine type (open pit, underground or both)",Production,"Mine status (Suspended', 'Closed', or 'Operating')",Polymetallic,Other minerals mined at this asset (Mineral type),83,4066.000017398683,616000.0026359048,4822000.020633657
2022,1754061,Gibraltar Mine,copper-mine,CAN,mineral-extraction,copper-mining,52.519137,-122.26926,trace_1754061,co2e_100yr,t of copper ore,0.0014020856820744,t of CO2e in 100 yr GWP per t of copper ore,tonnes,0.1312130177514792,Open Pit,"Mine type (open pit, underground or both)",Production,"Mine status (Suspended', 'Closed', or 'Operating')",Molybdenum/Silver,Other minerals mined at this asset (Mineral type),83,124365.00053216607,88700000.37955317,676000002.8926488
2022,1754063,Granisle Mine,copper-mine,CAN,mineral-extraction,copper-mining,54.940589,-126.1571,trace_1754063,co2e_100yr,t of copper ore,0.0,t of CO2e in 100 yr GWP per t of copper ore,tonnes,0.0,Open Pit,"Mine type (open pit, underground or both)",Closed,"Mine status (Suspended', 'Closed', or 'Operating')",Molybdenum/Gold/Silver,Other minerals mined at this asset (Mineral type),83,0.0,0.0,91253899.27937037
2022,1754064,Halfmile Mine,copper-mine,CAN,mineral-extraction,copper-mining,47.304433,-66.324075,trace_1754064,co2e_100yr,t of copper ore,0.0,t of CO2e in 100 yr GWP per t of copper ore,tonnes,0.0,Underground,"Mine type (open pit, underground or both)",Suspended,"Mine status (Suspended', 'Closed', or 'Operating')",Polymetallic,Other minerals mined at this asset (Mineral type),83,0.0,0.0,4410000.018870682
2022,1754065,Heath Steele Mine,copper-mine,CAN,mineral-extraction,copper-mining,47.292613,-66.062529,trace_1754065,co2e_100yr,t of copper ore,0.0,t of CO2e in 100 yr GWP per t of copper ore,tonnes,0.0,Both,"Mine type (open pit, underground or both)",Closed,"Mine status (Suspended', 'Closed', or 'Operating')",Zinc/Lead,Other minerals mined at this asset (Mineral type),83,0.0,0.0,91253899.27937037
2022,1754066,Highland Valley Mine,copper-mine,CAN,mineral-extraction,copper-mining,50.486244,-121.042759,trace_1754066,co2e_100yr,t of copper ore,0.0291244610754087,t of CO2e in 100 yr GWP per t of copper ore,tonnes,0.2399414443721535,Open Pit,"Mine type (open pit, underground or both)",Production,"Mine status (Suspended', 'Closed', or 'Operating')",Molybdenum,Other minerals mined at this asset (Mineral type),83,2148162.0091921273,73758000.31561537,307400001.315385
2022,1754067,Horne Mine,copper-mine,CAN,mineral-extraction,copper-mining,48.254296,-79.010706,trace_1754067,co2e_100yr,t of copper ore,0.0,t of CO2e in 100 yr GWP per t of copper ore,tonnes,0.0,Underground,"Mine type (open pit, underground or both)",Closed,"Mine status (Suspended', 'Closed', or 'Operating')",Zinc/Gold/Silver,Other minerals mined at this asset (Mineral type),83,0.0,0.0,91253899.27937037
2022,1754068,Huckleberry Mine,copper-mine,CAN,mineral-extraction,copper-mining,53.681321,-127.179631,trace_1754068,co2e_100yr,t of copper ore,0.0,t of CO2e in 100 yr GWP per t of copper ore,tonnes,0.0,Open Pit,"Mine type (open pit, underground or both)",Suspended,"Mine status (Suspended', 'Closed', or 'Operating')",Molybdenum/Gold/Silver,Other minerals mined at this asset (Mineral type),83,0.0,0.0,91253899.27937037
2022,1754069,Isle-Dieu Mine,copper-mine,CAN,mineral-extraction,copper-mining,49.720988,-77.748708,trace_1754069,co2e_100yr,t of copper ore,0.0,t of CO2e in 100 yr GWP per t of copper ore,tonnes,0.0,Underground,"Mine type (open pit, underground or both)",Closed,"Mine status (Suspended', 'Closed', or 'Operating')",Zinc/Gold/Silver,Other minerals mined at this asset (Mineral type),83,0.0,0.0,91253899.27937037
2022,1754070,Joutel Mine,copper-mine,CAN,mineral-extraction,copper-mining,49.453113,-78.352142,trace_1754070,co2e_100yr,t of copper ore,0.0,t of CO2e in 100 yr GWP per t of copper ore,tonnes,0.0,Open Pit,"Mine type (open pit, underground or both)",Closed,"Mine status (Suspended', 'Closed', or 'Operating')",Zinc/Silver,Other minerals mined at this asset (Mineral type),83,0.0,0.0,91253899.27937037
2022,1754071,Kemess Mine,copper-mine,CAN,mineral-extraction,copper-mining,57.003206,-126.772517,trace_1754071,co2e_100yr,t of copper ore,0.0,t of CO2e in 100 yr GWP per t of copper ore,tonnes,0.0,Open Pit,"Mine type (open pit, underground or both)",Closed,"Mine status (Suspended', 'Closed', or 'Operating')",Gold/Silver,Other minerals mined at this asset (Mineral type),83,0.0,0.0,107381000.45949042
2022,1754074,Lac Matagami Mine,copper-mine,CAN,mineral-extraction,copper-mining,49.718189,-77.71434,trace_1754074,co2e_100yr,t of copper ore,0.0,t of CO2e in 100 yr GWP per t of copper ore,tonnes,0.0,Underground,"Mine type (open pit, underground or both)",Closed,"Mine status (Suspended', 'Closed', or 'Operating')",Zinc/Gold/Silver,Other minerals mined at this asset (Mineral type),83,0.0,0.0,91253899.27937037
2022,1754075,Lalor Mine,copper-mine,CAN,mineral-extraction,copper-mining,54.873524,-100.149518,trace_1754075,co2e_100yr,t of copper ore,0.0140588034715668,t of CO2e in 100 yr GWP per t of copper ore,tonnes,0.0990788080768476,Underground,"Mine type (open pit, underground or both)",Production,"Mine status (Suspended', 'Closed', or 'Operating')",Zinc/Gold/Silver,Other minerals mined at this asset (Mineral type),83,21316.000091212576,1516203.006487933,15303000.065482551
2022,1754076,Langlois Mine,copper-mine,CAN,mineral-extraction,copper-mining,49.24537,-76.674411,trace_1754076,co2e_100yr,t of copper ore,0.0,t of CO2e in 100 yr GWP per t of copper ore,tonnes,0.0,Underground,"Mine type (open pit, underground or both)",Suspended,"Mine status (Suspended', 'Closed', or 'Operating')",Polymetallic,Other minerals mined at this asset (Mineral type),83,0.0,0.0,91253899.27937037
2022,1754077,LaRonde Mine,copper-mine,CAN,mineral-extraction,copper-mining,48.249139,-78.441434,trace_1754077,co2e_100yr,t of copper ore,0.0144002634888316,t of CO2e in 100 yr GWP per t of copper ore,tonnes,0.0735671174941627,Underground,"Mine type (open pit, underground or both)",Production,"Mine status (Suspended', 'Closed', or 'Operating')",Zinc/Gold/Silver,Other minerals mined at this asset (Mineral type),83,24047.000102898706,1669900.0071456127,22699000.097130522
2022,1754078,Lexington Mine,copper-mine,CAN,mineral-extraction,copper-mining,49.008773,-118.613201,trace_1754078,co2e_100yr,t of copper ore,0.0,t of CO2e in 100 yr GWP per t of copper ore,tonnes,0.0,Underground,"Mine type (open pit, underground or both)",Suspended,"Mine status (Suspended', 'Closed', or 'Operating')",Gold,Other minerals mined at this asset (Mineral type),83,0.0,0.0,91253899.27937037
2022,1754079,Matagami Mine,copper-mine,CAN,mineral-extraction,copper-mining,49.689045,-77.694108,trace_1754079,co2e_100yr,t of copper ore,0.0104007446600039,t of CO2e in 100 yr GWP per t of copper ore,tonnes,0.3402,Underground,"Mine type (open pit, underground or both)",Production,"Mine status (Suspended', 'Closed', or 'Operating')",Zinc/Gold/Silver,Other minerals mined at this asset (Mineral type),83,4246.000018168916,408240.001746886,1200000.0051348794
2022,1754080,Max Mine,copper-mine,CAN,mineral-extraction,copper-mining,50.649897,-117.569419,trace_1754080,co2e_100yr,t of copper ore,0.0,t of CO2e in 100 yr GWP per t of copper ore,tonnes,0.0,Underground,"Mine type (open pit, underground or both)",Suspended,"Mine status (Suspended', 'Closed', or 'Operating')",Molybdenum/Gold/Silver,Other minerals mined at this asset (Mineral type),83,0.0,0.0,91253899.27937037
2022,1754081,McCreedy West Mine,copper-mine,CAN,mineral-extraction,copper-mining,46.637729,-81.398089,trace_1754081,co2e_100yr,t of copper ore,0.0121097652028351,t of CO2e in 100 yr GWP per t of copper ore,tonnes,0.0032142955377407,Underground,"Mine type (open pit, underground or both)",Production,"Mine status (Suspended', 'Closed', or 'Operating')",Polymetallic,Other minerals mined at this asset (Mineral type),83,3552.0000151992435,293317.0012551229,91253899.27937037
2022,1754082,Ming Mine,copper-mine,CAN,mineral-extraction,copper-mining,49.914219,-56.085819,trace_1754082,co2e_100yr,t of copper ore,0.0103998718701617,t of CO2e in 100 yr GWP per t of copper ore,tonnes,0.0505355456630244,Underground,"Mine type (open pit, underground or both)",Production,"Mine status (Suspended', 'Closed', or 'Operating')",Gold/Silver,Other minerals mined at this asset (Mineral type),83,3896.000016671242,374620.0016030238,7413000.031720718
2022,1754083,Minto Mine,copper-mine,CAN,mineral-extraction,copper-mining,62.61756,-137.256469,trace_1754083,co2e_100yr,t of copper ore,0.0,t of CO2e in 100 yr GWP per t of copper ore,tonnes,0.3908629485516645,Both,"Mine type (open pit, underground or both)",Production,"Mine status (Suspended', 'Closed', or 'Operating')",Gold/Silver,Other minerals mined at this asset (Mineral type),83,0.0,904066.0038685583,2313000.0098974803
2022,1754084,Mount Milligan Mine,copper-mine,CAN,mineral-extraction,copper-mining,55.120089,-124.019136,trace_1754084,co2e_100yr,t of copper ore,0.0052169412976313,t of CO2e in 100 yr GWP per t of copper ore,tonnes,0.0867130743848149,Open Pit,"Mine type (open pit, underground or both)",Production,"Mine status (Suspended', 'Closed', or 'Operating')",Gold/Silver,Other minerals mined at this asset (Mineral type),83,101313.00043352504,19420000.083099466,223957000.95832682
2022,1754085,Mount Polley Mine,copper-mine,CAN,mineral-extraction,copper-mining,52.548922,-121.634586,trace_1754085,co2e_100yr,t of copper ore,0.0104000812053189,t of CO2e in 100 yr GWP per t of copper ore,tonnes,0.0386204370609691,Both,"Mine type (open pit, underground or both)",Production,"Mine status (Suspended', 'Closed', or 'Operating')",Gold/Silver,Other minerals mined at this asset (Mineral type),83,21516.00009206839,2068830.0088526607,53568270.22922217
2022,1754086,Myra Falls Mine,copper-mine,CAN,mineral-extraction,copper-mining,49.57067,-125.591966,trace_1754086,co2e_100yr,t of copper ore,0.0104,t of CO2e in 100 yr GWP per t of copper ore,tonnes,0.010948905109489,Underground,"Mine type (open pit, underground or both)",Production,"Mine status (Suspended', 'Closed', or 'Operating')",Polymetallic,Other minerals mined at this asset (Mineral type),83,468.00000200260297,45000.00019255798,4110000.0175869623
2022,1754087,New Afton Mine,copper-mine,CAN,mineral-extraction,copper-mining,50.662968,-120.520252,trace_1754087,co2e_100yr,t of copper ore,0.0097233009708737,t of CO2e in 100 yr GWP per t of copper ore,tonnes,0.0556877162629757,Underground,"Mine type (open pit, underground or both)",Production,"Mine status (Suspended', 'Closed', or 'Operating')",Gold/Silver,Other minerals mined at this asset (Mineral type),83,20030.000085709697,2060000.0088148764,36992000.15829122
2022,1754088,New Hosco Mine,copper-mine,CAN,mineral-extraction,copper-mining,49.789786,-77.836128,trace_1754088,co2e_100yr,t of copper ore,0.0,t of CO2e in 100 yr GWP per t of copper ore,tonnes,0.0,Open Pit,"Mine type (open pit, underground or both)",Closed,"Mine status (Suspended', 'Closed', or 'Operating')",Zinc/Silver,Other minerals mined at this asset (Mineral type),83,0.0,0.0,91253899.27937037
2022,1754089,Norita Mine,copper-mine,CAN,mineral-extraction,copper-mining,49.775233,-77.655109,trace_1754089,co2e_100yr,t of copper ore,0.0,t of CO2e in 100 yr GWP per t of copper ore,tonnes,0.0,Underground,"Mine type (open pit, underground or both)",Closed,"Mine status (Suspended', 'Closed', or 'Operating')",Zinc,Other minerals mined at this asset (Mineral type),83,0.0,0.0,91253899.27937037
2022,1754090,Nunavik Nickel Operation,copper-mine,CAN,mineral-extraction,copper-mining,61.556721,-73.449743,trace_1754090,co2e_100yr,t of copper ore,0.0,t of CO2e in 100 yr GWP per t of copper ore,tonnes,0.0,Both,"Mine type (open pit, underground or both)",Production,"Mine status (Suspended', 'Closed', or 'Operating')",Nickel,Other minerals mined at this asset (Mineral type),83,0.0,0.0,91253899.27937037
2022,1754091,Orchan Mine,copper-mine,CAN,mineral-extraction,copper-mining,49.707436,-77.7079,trace_1754091,co2e_100yr,t of copper ore,0.0,t of CO2e in 100 yr GWP per t of copper ore,tonnes,0.0,Underground,"Mine type (open pit, underground or both)",Closed,"Mine status (Suspended', 'Closed', or 'Operating')",Zinc/Gold/Silver,Other minerals mined at this asset (Mineral type),83,0.0,0.0,91253899.27937037
2022,1754093,Poirier Mine,copper-mine,CAN,mineral-extraction,copper-mining,49.444177,-78.397175,trace_1754093,co2e_100yr,t of copper ore,0.0,t of CO2e in 100 yr GWP per t of copper ore,tonnes,0.0,Open Pit,"Mine type (open pit, underground or both)",Closed,"Mine status (Suspended', 'Closed', or 'Operating')",Zinc/Silver,Other minerals mined at this asset (Mineral type),83,0.0,0.0,91253899.27937037
2022,1754094,Quemont Mine,copper-mine,CAN,mineral-extraction,copper-mining,48.256614,-79.004787,trace_1754094,co2e_100yr,t of copper ore,0.0,t of CO2e in 100 yr GWP per t of copper ore,tonnes,0.0,Underground,"Mine type (open pit, underground or both)",Closed,"Mine status (Suspended', 'Closed', or 'Operating')",Zinc/Gold/Silver,Other minerals mined at this asset (Mineral type),83,0.0,0.0,91253899.27937037
2022,1754095,Radiore Mine,copper-mine,CAN,mineral-extraction,copper-mining,49.753583,-77.558927,trace_1754095,co2e_100yr,t of copper ore,0.0,t of CO2e in 100 yr GWP per t of copper ore,tonnes,0.0,Underground,"Mine type (open pit, underground or both)",Closed,"Mine status (Suspended', 'Closed', or 'Operating')",Zinc,Other minerals mined at this asset (Mineral type),83,0.0,0.0,91253899.27937037
2022,1754096,Raglan Operation,copper-mine,CAN,mineral-extraction,copper-mining,61.687773,-73.678676,trace_1754096,co2e_100yr,t of copper ore,0.0104001834477857,t of CO2e in 100 yr GWP per t of copper ore,tonnes,0.1371870833333333,Underground,"Mine type (open pit, underground or both)",Production,"Mine status (Suspended', 'Closed', or 'Operating')",Polymetallic,Other minerals mined at this asset (Mineral type),83,13697.00005861037,1316996.005635513,9600000.041079037
2022,1754097,Red Chris Mine,copper-mine,CAN,mineral-extraction,copper-mining,57.713205,-129.794095,trace_1754097,co2e_100yr,t of copper ore,0.0127618777816334,t of CO2e in 100 yr GWP per t of copper ore,tonnes,0.0169285765957446,Open Pit,"Mine type (open pit, underground or both)",Production,"Mine status (Suspended', 'Closed', or 'Operating')",Gold/Silver,Other minerals mined at this asset (Mineral type),83,101539.0004344921,7956431.034046095,470000002.01116115
2022,1754098,Restigouche Mine,copper-mine,CAN,mineral-extraction,copper-mining,47.500875,-66.550582,trace_1754098,co2e_100yr,t of copper ore,0.0,t of CO2e in 100 yr GWP per t of copper ore,tonnes,0.0,Open Pit,"Mine type (open pit, underground or both)",Suspended,"Mine status (Suspended', 'Closed', or 'Operating')",Polymetallic,Other minerals mined at this asset (Mineral type),83,0.0,0.0,91253899.27937037
2022,1754099,Samatosum Mine,copper-mine,CAN,mineral-extraction,copper-mining,51.15156,-119.813151,trace_1754099,co2e_100yr,t of copper ore,0.0,t of CO2e in 100 yr GWP per t of copper ore,tonnes,0.0,Open Pit,"Mine type (open pit, underground or both)",Closed,"Mine status (Suspended', 'Closed', or 'Operating')",Zinc/Lead/Silver,Other minerals mined at this asset (Mineral type),83,0.0,0.0,91253899.27937037
2022,1754100,Selbaie Mine,copper-mine,CAN,mineral-extraction,copper-mining,49.805167,-78.946232,trace_1754100,co2e_100yr,t of copper ore,0.0,t of CO2e in 100 yr GWP per t of copper ore,tonnes,0.0,Open Pit,"Mine type (open pit, underground or both)",Closed,"Mine status (Suspended', 'Closed', or 'Operating')",Zinc/Gold/Silver,Other minerals mined at this asset (Mineral type),83,0.0,0.0,91253899.27937037
2022,1754101,Stobie Mine,copper-mine,CAN,mineral-extraction,copper-mining,46.48096,-81.052207,trace_1754101,co2e_100yr,t of copper ore,0.0,t of CO2e in 100 yr GWP per t of copper ore,tonnes,0.0,Both,"Mine type (open pit, underground or both)",Closed,"Mine status (Suspended', 'Closed', or 'Operating')",Polymetallic,Other minerals mined at this asset (Mineral type),83,0.0,0.0,91253899.27937037
2022,1754102,Sudbury INO Operation,copper-mine,CAN,mineral-extraction,copper-mining,46.657829,-80.79658,trace_1754102,co2e_100yr,t of copper ore,0.0106350991939799,t of CO2e in 100 yr GWP per t of copper ore,tonnes,0.0897284375,Underground,"Mine type (open pit, underground or both)",Production,"Mine status (Suspended', 'Closed', or 'Operating')",Polymetallic,Other minerals mined at this asset (Mineral type),83,18322.00007840105,1722786.0073719153,19200000.082158074
2022,1754103,Thompson Mine,copper-mine,CAN,mineral-extraction,copper-mining,55.71406,-97.852724,trace_1754103,co2e_100yr,t of copper ore,0.0066003289473684,t of CO2e in 100 yr GWP per t of copper ore,tonnes,0.0066627290165464,Underground,"Mine type (open pit, underground or both)",Production,"Mine status (Suspended', 'Closed', or 'Operating')",Nickel/Cobalt,Other minerals mined at this asset (Mineral type),83,4013.000017171893,608000.0026016723,91253899.27937037
2022,1754104,Totten Mine,copper-mine,CAN,mineral-extraction,copper-mining,46.38187,-81.453631,trace_1754104,co2e_100yr,t of copper ore,0.0065990338164251,t of CO2e in 100 yr GWP per t of copper ore,tonnes,0.1687729311047696,Underground,"Mine type (open pit, underground or both)",Production,"Mine status (Suspended', 'Closed', or 'Operating')",Polymetallic,Other minerals mined at this asset (Mineral type),83,2732.0000116904093,414000.0017715334,2453000.0104965493
2022,1754105,Troilus Mine,copper-mine,CAN,mineral-extraction,copper-mining,51.012585,-74.466821,trace_1754105,co2e_100yr,t of copper ore,0.0,t of CO2e in 100 yr GWP per t of copper ore,tonnes,0.0,Both,"Mine type (open pit, underground or both)",Suspended,"Mine status (Suspended', 'Closed', or 'Operating')",Gold/Silver,Other minerals mined at this asset (Mineral type),83,0.0,0.0,91253899.27937037
2022,1754106,Voisey's Bay Mine,copper-mine,CAN,mineral-extraction,copper-mining,56.331334,-62.096044,trace_1754106,co2e_100yr,t of copper ore,0.0065997596153846,t of CO2e in 100 yr GWP per t of copper ore,tonnes,0.0543790849673202,Both,"Mine type (open pit, underground or both)",Production,"Mine status (Suspended', 'Closed', or 'Operating')",Nickel/Cobalt,Other minerals mined at this asset (Mineral type),83,10982.000046992705,1664000.0071203662,30600000.130939428
2022,25486533,Kidd Creek Mine,copper-mine,CAN,mineral-extraction,copper-mining,48.689104,-81.371982,trace_25486533,co2e_100yr,t of copper ore,0.0104,t of CO2e in 100 yr GWP per t of copper ore,tonnes,0.5,Underground,"Mine type (open pit, underground or both)",Production,"Mine status (Suspended', 'Closed', or 'Operating')",Zinc/Silver,Other minerals mined at this asset (Mineral type),83,13000.000055627861,1250000.0053488328,2500000.0106976656
2022,25486534,Lac des Iles Mine,copper-mine,CAN,mineral-extraction,copper-mining,49.164166,-89.622449,trace_25486534,co2e_100yr,t of copper ore,0.0164949796472184,t of CO2e in 100 yr GWP per t of copper ore,tonnes,0.0912128712871287,Both,"Mine type (open pit, underground or both)",Production,"Mine status (Suspended', 'Closed', or 'Operating')",Polymetallic,Other minerals mined at this asset (Mineral type),83,60784.000260098765,3685000.015768359,40400000.17287427
2022,36395102,Scully Mine,iron-mine,CAN,mineral-extraction,iron-mining,52.905338,-66.927868,trace_36395102,co2e_100yr,t of iron ore,0.0435000318832503,t of CO2e in 100 yr GWP per t of iron ore,tonnes,0.0288796662650879,Open Pit,"Mine type (open pit, underground or both)",Production,"Mine status (Suspended', 'Closed', or 'Operating')",Manganese,Other minerals mined at this asset (Mineral type),84,601680.0025746286,13831714.05918682,478943002.0494288
2023,1754048,777 Mine,copper-mine,CAN,mineral-extraction,copper-mining,54.775408,-101.879304,trace_1754048,co2e_100yr,t of copper ore,0.0,t of CO2e in 100 yr GWP per t of copper ore,tonnes,0.0,Underground,"Mine type (open pit, underground or both)",Closed,"Mine status (Suspended', 'Closed', or 'Operating')",Zinc/Gold/Silver,Other minerals mined at this asset (Mineral type),83,0.0,0.0,1524000.006521297
2023,1754049,Bell Mine,copper-mine,CAN,mineral-extraction,copper-mining,54.994393,-126.229872,trace_1754049,co2e_100yr,t of copper ore,0.0,t of CO2e in 100 yr GWP per t of copper ore,tonnes,0.0,Open Pit,"Mine type (open pit, underground or both)",Closed,"Mine status (Suspended', 'Closed', or 'Operating')",Molybdenum/Gold/Silver,Other minerals mined at this asset (Mineral type),83,0.0,0.0,87879592.9686352
2023,1754050,Bell-Allard Mine,copper-mine,CAN,mineral-extraction,copper-mining,49.70137,-77.726647,trace_1754050,co2e_100yr,t of copper ore,0.0,t of CO2e in 100 yr GWP per t of copper ore,tonnes,0.0,Underground,"Mine type (open pit, underground or both)",Closed,"Mine status (Suspended', 'Closed', or 'Operating')",Zinc/Gold/Silver,Other minerals mined at this asset (Mineral type),83,0.0,0.0,87879592.9686352
2023,1754051,Bell-Allard South Mine,copper-mine,CAN,mineral-extraction,copper-mining,49.676477,-77.66766,trace_1754051,co2e_100yr,t of copper ore,0.0,t of CO2e in 100 yr GWP per t of copper ore,tonnes,0.0,Underground,"Mine type (open pit, underground or both)",Closed,"Mine status (Suspended', 'Closed', or 'Operating')",Zinc/Gold/Silver,Other minerals mined at this asset (Mineral type),83,0.0,0.0,87879592.9686352
2023,1754053,Cantung Mine,copper-mine,CAN,mineral-extraction,copper-mining,61.968158,-128.230176,trace_1754053,co2e_100yr,t of copper ore,0.0,t of CO2e in 100 yr GWP per t of copper ore,tonnes,0.0,Both,"Mine type (open pit, underground or both)",Suspended,"Mine status (Suspended', 'Closed', or 'Operating')",Tungsten,Other minerals mined at this asset (Mineral type),83,0.0,0.0,1818000.0077793424
2023,1754054,Caribou Mine,copper-mine,CAN,mineral-extraction,copper-mining,47.563852,-66.291932,trace_1754054,co2e_100yr,t of copper ore,0.0,t of CO2e in 100 yr GWP per t of copper ore,tonnes,0.0,Open Pit,"Mine type (open pit, underground or both)",Suspended,"Mine status (Suspended', 'Closed', or 'Operating')",Polymetallic,Other minerals mined at this asset (Mineral type),83,0.0,0.0,87879592.9686352
2023,1754055,Coleman Mine,copper-mine,CAN,mineral-extraction,copper-mining,46.674583,-81.34308,trace_1754055,co2e_100yr,t of copper ore,0.0065005793742757,t of CO2e in 100 yr GWP per t of copper ore,tonnes,0.1866349480968858,Underground,"Mine type (open pit, underground or both)",Production,"Mine status (Suspended', 'Closed', or 'Operating')",Polymetallic,Other minerals mined at this asset (Mineral type),83,5610.0000240055615,863000.0036928342,4624000.019786403
2023,1754056,Copper Cliff Mine,copper-mine,CAN,mineral-extraction,copper-mining,46.48096,-81.052207,trace_1754056,co2e_100yr,t of copper ore,0.0065005076142131,t of CO2e in 100 yr GWP per t of copper ore,tonnes,0.0277097926688609,Underground,"Mine type (open pit, underground or both)",Production,"Mine status (Suspended', 'Closed', or 'Operating')",Polymetallic,Other minerals mined at this asset (Mineral type),83,6403.000027398861,985000.0042148803,35547000.15210797
2023,1754057,Copper Mountain Mine,copper-mine,CAN,mineral-extraction,copper-mining,49.331253,-120.521629,trace_1754057,co2e_100yr,t of copper ore,0.0157746826758147,t of CO2e in 100 yr GWP per t of copper ore,tonnes,0.0397138964577656,Open Pit,"Mine type (open pit, underground or both)",Production,"Mine status (Suspended', 'Closed', or 'Operating')",Gold/Silver,Other minerals mined at this asset (Mineral type),83,229916.00098382577,14575000.06236739,367000001.5704173
2023,1754058,Creighton Mine,copper-mine,CAN,mineral-extraction,copper-mining,46.462958,-81.176038,trace_1754058,co2e_100yr,t of copper ore,0.0065,t of CO2e in 100 yr GWP per t of copper ore,tonnes,0.0367720315188841,Underground,"Mine type (open pit, underground or both)",Production,"Mine status (Suspended', 'Closed', or 'Operating')",Polymetallic,Other minerals mined at this asset (Mineral type),83,2639.000011292456,406000.0017373009,11041000.04724517
2023,1754059,Estrades Mine,copper-mine,CAN,mineral-extraction,copper-mining,49.586191,-78.870907,trace_1754059,co2e_100yr,t of copper ore,0.0,t of CO2e in 100 yr GWP per t of copper ore,tonnes,0.0,Open Pit,"Mine type (open pit, underground or both)",Suspended,"Mine status (Suspended', 'Closed', or 'Operating')",Zinc/Gold/Silver,Other minerals mined at this asset (Mineral type),83,0.0,0.0,87879592.9686352
2023,1754060,Garson Mine,copper-mine,CAN,mineral-extraction,copper-mining,46.56758,-80.857509,trace_1754060,co2e_100yr,t of copper ore,0.0065,t of CO2e in 100 yr GWP per t of copper ore,tonnes,0.1347988386561592,Underground,"Mine type (open pit, underground or both)",Production,"Mine status (Suspended', 'Closed', or 'Operating')",Polymetallic,Other minerals mined at this asset (Mineral type),83,4225.000018079055,650000.002781393,4822000.020633657
2023,1754061,Gibraltar Mine,copper-mine,CAN,mineral-extraction,copper-mining,52.519137,-122.26926,trace_1754061,co2e_100yr,t of copper ore,0.0014941884222474,t of CO2e in 100 yr GWP per t of copper ore,tonnes,0.1365891472868217,Open Pit,"Mine type (open pit, underground or both)",Production,"Mine status (Suspended', 'Closed', or 'Operating')",Molybdenum/Silver,Other minerals mined at this asset (Mineral type),83,131638.00056328773,88100000.37698573,645000002.7599977
2023,1754063,Granisle Mine,copper-mine,CAN,mineral-extraction,copper-mining,54.940589,-126.1571,trace_1754063,co2e_100yr,t of copper ore,0.0,t of CO2e in 100 yr GWP per t of copper ore,tonnes,0.0,Open Pit,"Mine type (open pit, underground or both)",Closed,"Mine status (Suspended', 'Closed', or 'Operating')",Molybdenum/Gold/Silver,Other minerals mined at this asset (Mineral type),83,0.0,0.0,87879592.9686352
2023,1754064,Halfmile Mine,copper-mine,CAN,mineral-extraction,copper-mining,47.304433,-66.324075,trace_1754064,co2e_100yr,t of copper ore,0.0,t of CO2e in 100 yr GWP per t of copper ore,tonnes,0.0,Underground,"Mine type (open pit, underground or both)",Suspended,"Mine status (Suspended', 'Closed', or 'Operating')",Polymetallic,Other minerals mined at this asset (Mineral type),83,0.0,0.0,4410000.018870682
2023,1754065,Heath Steele Mine,copper-mine,CAN,mineral-extraction,copper-mining,47.292613,-66.062529,trace_1754065,co2e_100yr,t of copper ore,0.0,t of CO2e in 100 yr GWP per t of copper ore,tonnes,0.0,Both,"Mine type (open pit, underground or both)",Closed,"Mine status (Suspended', 'Closed', or 'Operating')",Zinc/Lead,Other minerals mined at this asset (Mineral type),83,0.0,0.0,87879592.9686352
2023,1754066,Highland Valley Mine,copper-mine,CAN,mineral-extraction,copper-mining,50.486244,-121.042759,trace_1754066,co2e_100yr,t of copper ore,0.0330945586257991,t of CO2e in 100 yr GWP per t of copper ore,tonnes,0.2770277461041429,Open Pit,"Mine type (open pit, underground or both)",Production,"Mine status (Suspended', 'Closed', or 'Operating')",Molybdenum,Other minerals mined at this asset (Mineral type),83,2412130.0103216637,72886000.31188402,263100001.12582234
2023,1754067,Horne Mine,copper-mine,CAN,mineral-extraction,copper-mining,48.254296,-79.010706,trace_1754067,co2e_100yr,t of copper ore,0.0,t of CO2e in 100 yr GWP per t of copper ore,tonnes,0.0,Underground,"Mine type (open pit, underground or both)",Closed,"Mine status (Suspended', 'Closed', or 'Operating')",Zinc/Gold/Silver,Other minerals mined at this asset (Mineral type),83,0.0,0.0,87879592.9686352
2023,1754068,Huckleberry Mine,copper-mine,CAN,mineral-extraction,copper-mining,53.681321,-127.179631,trace_1754068,co2e_100yr,t of copper ore,0.0,t of CO2e in 100 yr GWP per t of copper ore,tonnes,0.0,Open Pit,"Mine type (open pit, underground or both)",Suspended,"Mine status (Suspended', 'Closed', or 'Operating')",Molybdenum/Gold/Silver,Other minerals mined at this asset (Mineral type),83,0.0,0.0,87879592.9686352
2023,1754069,Isle-Dieu Mine,copper-mine,CAN,mineral-extraction,copper-mining,49.720988,-77.748708,trace_1754069,co2e_100yr,t of copper ore,0.0,t of CO2e in 100 yr GWP per t of copper ore,tonnes,0.0,Underground,"Mine type (open pit, underground or both)",Closed,"Mine status (Suspended', 'Closed', or 'Operating')",Zinc/Gold/Silver,Other minerals mined at this asset (Mineral type),83,0.0,0.0,87879592.9686352
2023,1754070,Joutel Mine,copper-mine,CAN,mineral-extraction,copper-mining,49.453113,-78.352142,trace_1754070,co2e_100yr,t of copper ore,0.0,t of CO2e in 100 yr GWP per t of copper ore,tonnes,0.0,Open Pit,"Mine type (open pit, underground or both)",Closed,"Mine status (Suspended', 'Closed', or 'Operating')",Zinc/Silver,Other minerals mined at this asset (Mineral type),83,0.0,0.0,87879592.9686352
2023,1754071,Kemess Mine,copper-mine,CAN,mineral-extraction,copper-mining,57.003206,-126.772517,trace_1754071,co2e_100yr,t of copper ore,0.0,t of CO2e in 100 yr GWP per t of copper ore,tonnes,0.0,Open Pit,"Mine type (open pit, underground or both)",Closed,"Mine status (Suspended', 'Closed', or 'Operating')",Gold/Silver,Other minerals mined at this asset (Mineral type),83,0.0,0.0,107381000.45949042
2023,1754074,Lac Matagami Mine,copper-mine,CAN,mineral-extraction,copper-mining,49.718189,-77.71434,trace_1754074,co2e_100yr,t of copper ore,0.0,t of CO2e in 100 yr GWP per t of copper ore,tonnes,0.0,Underground,"Mine type (open pit, underground or both)",Closed,"Mine status (Suspended', 'Closed', or 'Operating')",Zinc/Gold/Silver,Other minerals mined at this asset (Mineral type),83,0.0,0.0,87879592.9686352
2023,1754075,Lalor Mine,copper-mine,CAN,mineral-extraction,copper-mining,54.873524,-100.149518,trace_1754075,co2e_100yr,t of copper ore,0.0157749017671112,t of CO2e in 100 yr GWP per t of copper ore,tonnes,0.1125076639646278,Underground,"Mine type (open pit, underground or both)",Production,"Mine status (Suspended', 'Closed', or 'Operating')",Zinc/Gold/Silver,Other minerals mined at this asset (Mineral type),83,24084.00010305703,1526729.0065329745,13570000.058066929
2023,1754076,Langlois Mine,copper-mine,CAN,mineral-extraction,copper-mining,49.24537,-76.674411,trace_1754076,co2e_100yr,t of copper ore,0.0,t of CO2e in 100 yr GWP per t of copper ore,tonnes,0.0,Underground,"Mine type (open pit, underground or both)",Suspended,"Mine status (Suspended', 'Closed', or 'Operating')",Polymetallic,Other minerals mined at this asset (Mineral type),83,0.0,0.0,87879592.9686352
2023,1754077,LaRonde Mine,copper-mine,CAN,mineral-extraction,copper-mining,48.249139,-78.441434,trace_1754077,co2e_100yr,t of copper ore,0.0446998663319749,t of CO2e in 100 yr GWP per t of copper ore,tonnes,0.0755196157328236,Underground,"Mine type (open pit, underground or both)",Production,"Mine status (Suspended', 'Closed', or 'Operating')",Zinc/Gold/Silver,Other minerals mined at this asset (Mineral type),83,67116.0002871938,1501481.0064249367,19882000.085076395
2023,1754078,Lexington Mine,copper-mine,CAN,mineral-extraction,copper-mining,49.008773,-118.613201,trace_1754078,co2e_100yr,t of copper ore,0.0,t of CO2e in 100 yr GWP per t of copper ore,tonnes,0.0,Underground,"Mine type (open pit, underground or both)",Suspended,"Mine status (Suspended', 'Closed', or 'Operating')",Gold,Other minerals mined at this asset (Mineral type),83,0.0,0.0,87879592.9686352
2023,1754079,Matagami Mine,copper-mine,CAN,mineral-extraction,copper-mining,49.689045,-77.694108,trace_1754079,co2e_100yr,t of copper ore,0.0,t of CO2e in 100 yr GWP per t of copper ore,tonnes,0.0,Underground,"Mine type (open pit, underground or both)",Closed,"Mine status (Suspended', 'Closed', or 'Operating')",Zinc/Gold/Silver,Other minerals mined at this asset (Mineral type),83,0.0,0.0,1200000.0051348794
2023,1754080,Max Mine,copper-mine,CAN,mineral-extraction,copper-mining,50.649897,-117.569419,trace_1754080,co2e_100yr,t of copper ore,0.0,t of CO2e in 100 yr GWP per t of copper ore,tonnes,0.0,Underground,"Mine type (open pit, underground or both)",Suspended,"Mine status (Suspended', 'Closed', or 'Operating')",Molybdenum/Gold/Silver,Other minerals mined at this asset (Mineral type),83,0.0,0.0,87879592.9686352
2023,1754081,McCreedy West Mine,copper-mine,CAN,mineral-extraction,copper-mining,46.637729,-81.398089,trace_1754081,co2e_100yr,t of copper ore,0.014739445916537,t of CO2e in 100 yr GWP per t of copper ore,tonnes,0.006007890847283,Underground,"Mine type (open pit, underground or both)",Production,"Mine status (Suspended', 'Closed', or 'Operating')",Polymetallic,Other minerals mined at this asset (Mineral type),83,7782.000033299693,527971.0022592229,87879592.9686352
2023,1754082,Ming Mine,copper-mine,CAN,mineral-extraction,copper-mining,49.914219,-56.085819,trace_1754082,co2e_100yr,t of copper ore,0.0,t of CO2e in 100 yr GWP per t of copper ore,tonnes,0.0,Underground,"Mine type (open pit, underground or both)",Suspended,"Mine status (Suspended', 'Closed', or 'Operating')",Gold/Silver,Other minerals mined at this asset (Mineral type),83,0.0,0.0,7413000.031720718
2023,1754083,Minto Mine,copper-mine,CAN,mineral-extraction,copper-mining,62.61756,-137.256469,trace_1754083,co2e_100yr,t of copper ore,0.0,t of CO2e in 100 yr GWP per t of copper ore,tonnes,0.0,Both,"Mine type (open pit, underground or both)",Suspended,"Mine status (Suspended', 'Closed', or 'Operating')",Gold/Silver,Other minerals mined at this asset (Mineral type),83,0.0,0.0,2313000.0098974803
2023,1754084,Mount Milligan Mine,copper-mine,CAN,mineral-extraction,copper-mining,55.120089,-124.019136,trace_1754084,co2e_100yr,t of copper ore,0.0037393552025566,t of CO2e in 100 yr GWP per t of copper ore,tonnes,0.0851034896510349,Open Pit,"Mine type (open pit, underground or both)",Production,"Mine status (Suspended', 'Closed', or 'Operating')",Gold/Silver,Other minerals mined at this asset (Mineral type),83,79566.00034046818,21278000.09104997,250025001.06987354
2023,1754085,Mount Polley Mine,copper-mine,CAN,mineral-extraction,copper-mining,52.548922,-121.634586,trace_1754085,co2e_100yr,t of copper ore,0.0120000221914418,t of CO2e in 100 yr GWP per t of copper ore,tonnes,0.1213208305288706,Both,"Mine type (open pit, underground or both)",Production,"Mine status (Suspended', 'Closed', or 'Operating')",Gold/Silver,Other minerals mined at this asset (Mineral type),83,71379.00030543547,5948239.025452908,49029000.209798336
2023,1754086,Myra Falls Mine,copper-mine,CAN,mineral-extraction,copper-mining,49.57067,-125.591966,trace_1754086,co2e_100yr,t of copper ore,0.012,t of CO2e in 100 yr GWP per t of copper ore,tonnes,0.010948905109489,Underground,"Mine type (open pit, underground or both)",Production,"Mine status (Suspended', 'Closed', or 'Operating')",Polymetallic,Other minerals mined at this asset (Mineral type),83,540.0000023106958,45000.00019255798,4110000.0175869623
2023,1754087,New Afton Mine,copper-mine,CAN,mineral-extraction,copper-mining,50.662968,-120.520252,trace_1754087,co2e_100yr,t of copper ore,0.0053150684931506,t of CO2e in 100 yr GWP per t of copper ore,tonnes,0.0878047349429401,Underground,"Mine type (open pit, underground or both)",Production,"Mine status (Suspended', 'Closed', or 'Operating')",Gold/Silver,Other minerals mined at this asset (Mineral type),83,15908.000068071386,2993000.0128072454,34087000.14586053
2023,1754088,New Hosco Mine,copper-mine,CAN,mineral-extraction,copper-mining,49.789786,-77.836128,trace_1754088,co2e_100yr,t of copper ore,0.0,t of CO2e in 100 yr GWP per t of copper ore,tonnes,0.0,Open Pit,"Mine type (open pit, underground or both)",Closed,"Mine status (Suspended', 'Closed', or 'Operating')",Zinc/Silver,Other minerals mined at this asset (Mineral type),83,0.0,0.0,87879592.9686352
2023,1754089,Norita Mine,copper-mine,CAN,mineral-extraction,copper-mining,49.775233,-77.655109,trace_1754089,co2e_100yr,t of copper ore,0.0,t of CO2e in 100 yr GWP per t of copper ore,tonnes,0.0,Underground,"Mine type (open pit, underground or both)",Closed,"Mine status (Suspended', 'Closed', or 'Operating')",Zinc,Other minerals mined at this asset (Mineral type),83,0.0,0.0,87879592.9686352
2023,1754090,Nunavik Nickel Operation,copper-mine,CAN,mineral-extraction,copper-mining,61.556721,-73.449743,trace_1754090,co2e_100yr,t of copper ore,0.0,t of CO2e in 100 yr GWP per t of copper ore,tonnes,0.0,Both,"Mine type (open pit, underground or both)",Production,"Mine status (Suspended', 'Closed', or 'Operating')",Nickel,Other minerals mined at this asset (Mineral type),83,0.0,0.0,87879592.9686352
2023,1754091,Orchan Mine,copper-mine,CAN,mineral-extraction,copper-mining,49.707436,-77.7079,trace_1754091,co2e_100yr,t of copper ore,0.0,t of CO2e in 100 yr GWP per t of copper ore,tonnes,0.0,Underground,"Mine type (open pit, underground or both)",Closed,"Mine status (Suspended', 'Closed', or 'Operating')",Zinc/Gold/Silver,Other minerals mined at this asset (Mineral type),83,0.0,0.0,87879592.9686352
2023,1754093,Poirier Mine,copper-mine,CAN,mineral-extraction,copper-mining,49.444177,-78.397175,trace_1754093,co2e_100yr,t of copper ore,0.0,t of CO2e in 100 yr GWP per t of copper ore,tonnes,0.0,Open Pit,"Mine type (open pit, underground or both)",Closed,"Mine status (Suspended', 'Closed', or 'Operating')",Zinc/Silver,Other minerals mined at this asset (Mineral type),83,0.0,0.0,87879592.9686352
2023,1754094,Quemont Mine,copper-mine,CAN,mineral-extraction,copper-mining,48.256614,-79.004787,trace_1754094,co2e_100yr,t of copper ore,0.0,t of CO2e in 100 yr GWP per t of copper ore,tonnes,0.0,Underground,"Mine type (open pit, underground or both)",Closed,"Mine status (Suspended', 'Closed', or 'Operating')",Zinc/Gold/Silver,Other minerals mined at this asset (Mineral type),83,0.0,0.0,87879592.9686352
2023,1754095,Radiore Mine,copper-mine,CAN,mineral-extraction,copper-mining,49.753583,-77.558927,trace_1754095,co2e_100yr,t of copper ore,0.0,t of CO2e in 100 yr GWP per t of copper ore,tonnes,0.0,Underground,"Mine type (open pit, underground or both)",Closed,"Mine status (Suspended', 'Closed', or 'Operating')",Zinc,Other minerals mined at this asset (Mineral type),83,0.0,0.0,87879592.9686352
2023,1754096,Raglan Operation,copper-mine,CAN,mineral-extraction,copper-mining,61.687773,-73.678676,trace_1754096,co2e_100yr,t of copper ore,0.0120006599705933,t of CO2e in 100 yr GWP per t of copper ore,tonnes,0.0456586,Underground,"Mine type (open pit, underground or both)",Production,"Mine status (Suspended', 'Closed', or 'Operating')",Polymetallic,Other minerals mined at this asset (Mineral type),83,8219.000035169645,684879.0029306426,15000000.064185994
2023,1754097,Red Chris Mine,copper-mine,CAN,mineral-extraction,copper-mining,57.713205,-129.794095,trace_1754097,co2e_100yr,t of copper ore,0.0122698273112293,t of CO2e in 100 yr GWP per t of copper ore,tonnes,0.0151411497032314,Open Pit,"Mine type (open pit, underground or both)",Production,"Mine status (Suspended', 'Closed', or 'Operating')",Gold/Silver,Other minerals mined at this asset (Mineral type),83,84511.00036162816,6887709.029472963,454900001.9465472
2023,1754098,Restigouche Mine,copper-mine,CAN,mineral-extraction,copper-mining,47.500875,-66.550582,trace_1754098,co2e_100yr,t of copper ore,0.0,t of CO2e in 100 yr GWP per t of copper ore,tonnes,0.0,Open Pit,"Mine type (open pit, underground or both)",Suspended,"Mine status (Suspended', 'Closed', or 'Operating')",Polymetallic,Other minerals mined at this asset (Mineral type),83,0.0,0.0,87879592.9686352
2023,1754099,Samatosum Mine,copper-mine,CAN,mineral-extraction,copper-mining,51.15156,-119.813151,trace_1754099,co2e_100yr,t of copper ore,0.0,t of CO2e in 100 yr GWP per t of copper ore,tonnes,0.0,Open Pit,"Mine type (open pit, underground or both)",Closed,"Mine status (Suspended', 'Closed', or 'Operating')",Zinc/Lead/Silver,Other minerals mined at this asset (Mineral type),83,0.0,0.0,87879592.9686352
2023,1754100,Selbaie Mine,copper-mine,CAN,mineral-extraction,copper-mining,49.805167,-78.946232,trace_1754100,co2e_100yr,t of copper ore,0.0,t of CO2e in 100 yr GWP per t of copper ore,tonnes,0.0,Open Pit,"Mine type (open pit, underground or both)",Closed,"Mine status (Suspended', 'Closed', or 'Operating')",Zinc/Gold/Silver,Other minerals mined at this asset (Mineral type),83,0.0,0.0,87879592.9686352
2023,1754101,Stobie Mine,copper-mine,CAN,mineral-extraction,copper-mining,46.48096,-81.052207,trace_1754101,co2e_100yr,t of copper ore,0.0,t of CO2e in 100 yr GWP per t of copper ore,tonnes,0.0,Both,"Mine type (open pit, underground or both)",Closed,"Mine status (Suspended', 'Closed', or 'Operating')",Polymetallic,Other minerals mined at this asset (Mineral type),83,0.0,0.0,87879592.9686352
2023,1754102,Sudbury INO Operation,copper-mine,CAN,mineral-extraction,copper-mining,46.657829,-80.79658,trace_1754102,co2e_100yr,t of copper ore,0.0111330744300402,t of CO2e in 100 yr GWP per t of copper ore,tonnes,0.0847147928994082,Underground,"Mine type (open pit, underground or both)",Production,"Mine status (Suspended', 'Closed', or 'Operating')",Polymetallic,Other minerals mined at this asset (Mineral type),83,15939.000068204037,1431680.0061262536,16900000.07231622
2023,1754103,Thompson Mine,copper-mine,CAN,mineral-extraction,copper-mining,55.71406,-97.852724,trace_1754103,co2e_100yr,t of copper ore,0.0065,t of CO2e in 100 yr GWP per t of copper ore,tonnes,0.007760618590504,Underground,"Mine type (open pit, underground or both)",Production,"Mine status (Suspended', 'Closed', or 'Operating')",Nickel/Cobalt,Other minerals mined at this asset (Mineral type),83,4433.000018969101,682000.0029183232,87879592.9686352
2023,1754104,Totten Mine,copper-mine,CAN,mineral-extraction,copper-mining,46.38187,-81.453631,trace_1754104,co2e_100yr,t of copper ore,0.0065,t of CO2e in 100 yr GWP per t of copper ore,tonnes,0.2111699959233591,Underground,"Mine type (open pit, underground or both)",Production,"Mine status (Suspended', 'Closed', or 'Operating')",Polymetallic,Other minerals mined at this asset (Mineral type),83,3367.000014407616,518000.00221655634,2453000.0104965493
2023,1754105,Troilus Mine,copper-mine,CAN,mineral-extraction,copper-mining,51.012585,-74.466821,trace_1754105,co2e_100yr,t of copper ore,0.0,t of CO2e in 100 yr GWP per t of copper ore,tonnes,0.0,Both,"Mine type (open pit, underground or both)",Suspended,"Mine status (Suspended', 'Closed', or 'Operating')",Gold/Silver,Other minerals mined at this asset (Mineral type),83,0.0,0.0,87879592.9686352
2023,1754106,Voisey's Bay Mine,copper-mine,CAN,mineral-extraction,copper-mining,56.331334,-62.096044,trace_1754106,co2e_100yr,t of copper ore,0.0065,t of CO2e in 100 yr GWP per t of copper ore,tonnes,0.0565916398713826,Both,"Mine type (open pit, underground or both)",Production,"Mine status (Suspended', 'Closed', or 'Operating')",Nickel/Cobalt,Other minerals mined at this asset (Mineral type),83,11440.000048952517,1760000.0075311565,31100000.133078963
2023,25486533,Kidd Creek Mine,copper-mine,CAN,mineral-extraction,copper-mining,48.689104,-81.371982,trace_25486533,co2e_100yr,t of copper ore,0.012,t of CO2e in 100 yr GWP per t of copper ore,tonnes,0.54,Underground,"Mine type (open pit, underground or both)",Production,"Mine status (Suspended', 'Closed', or 'Operating')",Zinc/Silver,Other minerals mined at this asset (Mineral type),83,16200.000069320873,1350000.0057767394,2500000.0106976656
2023,25486534,Lac des Iles Mine,copper-mine,CAN,mineral-extraction,copper-mining,49.164166,-89.622449,trace_25486534,co2e_100yr,t of copper ore,0.0155726698262243,t of CO2e in 100 yr GWP per t of copper ore,tonnes,0.1726363636363636,Both,"Mine type (open pit, underground or both)",Production,"Mine status (Suspended', 'Closed', or 'Operating')",Polymetallic,Other minerals mined at this asset (Mineral type),83,59145.00025308537,3798000.0162518937,22000000.094139457
2023,36395102,Scully Mine,iron-mine,CAN,mineral-extraction,iron-mining,52.905338,-66.927868,trace_36395102,co2e_100yr,t of iron ore,0.0364999919532645,t of CO2e in 100 yr GWP per t of iron ore,tonnes,0.0329533952892097,Open Pit,"Mine type (open pit, underground or both)",Production,"Mine status (Suspended', 'Closed', or 'Operating')",Manganese,Other minerals mined at this asset (Mineral type),84,576072.0024650502,15782798.067535637,478943002.0494288
2024,1754048,777 Mine,copper-mine,CAN,mineral-extraction,copper-mining,54.775408,-101.879304,trace_1754048,co2e_100yr,t of copper ore,0.0,t of CO2e in 100 yr GWP per t of copper ore,tonnes,0.0,Underground,"Mine type (open pit, underground or both)",Closed,"Mine status (Suspended', 'Closed', or 'Operating')",Zinc/Gold/Silver,Other minerals mined at this asset (Mineral type),83,0.0,0.0,1524000.006521297
2024,1754049,Bell Mine,copper-mine,CAN,mineral-extraction,copper-mining,54.994393,-126.229872,trace_1754049,co2e_100yr,t of copper ore,0.0,t of CO2e in 100 yr GWP per t of copper ore,tonnes,0.0,Open Pit,"Mine type (open pit, underground or both)",Closed,"Mine status (Suspended', 'Closed', or 'Operating')",Molybdenum/Gold/Silver,Other minerals mined at this asset (Mineral type),83,0.0,0.0,87879592.9686352
2024,1754050,Bell-Allard Mine,copper-mine,CAN,mineral-extraction,copper-mining,49.70137,-77.726647,trace_1754050,co2e_100yr,t of copper ore,0.0,t of CO2e in 100 yr GWP per t of copper ore,tonnes,0.0,Underground,"Mine type (open pit, underground or both)",Closed,"Mine status (Suspended', 'Closed', or 'Operating')",Zinc/Gold/Silver,Other minerals mined at this asset (Mineral type),83,0.0,0.0,87879592.9686352
2024,1754051,Bell-Allard South Mine,copper-mine,CAN,mineral-extraction,copper-mining,49.676477,-77.66766,trace_1754051,co2e_100yr,t of copper ore,0.0,t of CO2e in 100 yr GWP per t of copper ore,tonnes,0.0,Underground,"Mine type (open pit, underground or both)",Closed,"Mine status (Suspended', 'Closed', or 'Operating')",Zinc/Gold/Silver,Other minerals mined at this asset (Mineral type),83,0.0,0.0,87879592.9686352
2024,1754053,Cantung Mine,copper-mine,CAN,mineral-extraction,copper-mining,61.968158,-128.230176,trace_1754053,co2e_100yr,t of copper ore,0.0,t of CO2e in 100 yr GWP per t of copper ore,tonnes,0.0,Both,"Mine type (open pit, underground or both)",Suspended,"Mine status (Suspended', 'Closed', or 'Operating')",Tungsten,Other minerals mined at this asset (Mineral type),83,0.0,0.0,1818000.0077793424
2024,1754054,Caribou Mine,copper-mine,CAN,mineral-extraction,copper-mining,47.563852,-66.291932,trace_1754054,co2e_100yr,t of copper ore,0.0,t of CO2e in 100 yr GWP per t of copper ore,tonnes,0.0,Open Pit,"Mine type (open pit, underground or both)",Suspended,"Mine status (Suspended', 'Closed', or 'Operating')",Polymetallic,Other minerals mined at this asset (Mineral type),83,0.0,0.0,87879592.9686352
2024,1754055,Coleman Mine,copper-mine,CAN,mineral-extraction,copper-mining,46.674583,-81.34308,trace_1754055,co2e_100yr,t of copper ore,0.0065005793742757,t of CO2e in 100 yr GWP per t of copper ore,tonnes,0.1866349480968858,Underground,"Mine type (open pit, underground or both)",Production,"Mine status (Suspended', 'Closed', or 'Operating')",Polymetallic,Other minerals mined at this asset (Mineral type),83,5610.0000240055615,863000.0036928342,4624000.019786403
2024,1754056,Copper Cliff Mine,copper-mine,CAN,mineral-extraction,copper-mining,46.48096,-81.052207,trace_1754056,co2e_100yr,t of copper ore,0.0065005076142131,t of CO2e in 100 yr GWP per t of copper ore,tonnes,0.0277097926688609,Underground,"Mine type (open pit, underground or both)",Production,"Mine status (Suspended', 'Closed', or 'Operating')",Polymetallic,Other minerals mined at this asset (Mineral type),83,6403.000027398861,985000.0042148803,35547000.15210797
2024,1754057,Copper Mountain Mine,copper-mine,CAN,mineral-extraction,copper-mining,49.331253,-120.521629,trace_1754057,co2e_100yr,t of copper ore,0.0157746826758147,t of CO2e in 100 yr GWP per t of copper ore,tonnes,0.0397138964577656,Open Pit,"Mine type (open pit, underground or both)",Production,"Mine status (Suspended', 'Closed', or 'Operating')",Gold/Silver,Other minerals mined at this asset (Mineral type),83,229916.00098382577,14575000.06236739,367000001.5704173
2024,1754058,Creighton Mine,copper-mine,CAN,mineral-extraction,copper-mining,46.462958,-81.176038,trace_1754058,co2e_100yr,t of copper ore,0.0065,t of CO2e in 100 yr GWP per t of copper ore,tonnes,0.0367720315188841,Underground,"Mine type (open pit, underground or both)",Production,"Mine status (Suspended', 'Closed', or 'Operating')",Polymetallic,Other minerals mined at this asset (Mineral type),83,2639.000011292456,406000.0017373009,11041000.04724517
2024,1754059,Estrades Mine,copper-mine,CAN,mineral-extraction,copper-mining,49.586191,-78.870907,trace_1754059,co2e_100yr,t of copper ore,0.0,t of CO2e in 100 yr GWP per t of copper ore,tonnes,0.0,Open Pit,"Mine type (open pit, underground or both)",Suspended,"Mine status (Suspended', 'Closed', or 'Operating')",Zinc/Gold/Silver,Other minerals mined at this asset (Mineral type),83,0.0,0.0,87879592.9686352
2024,1754060,Garson Mine,copper-mine,CAN,mineral-extraction,copper-mining,46.56758,-80.857509,trace_1754060,co2e_100yr,t of copper ore,0.0065,t of CO2e in 100 yr GWP per t of copper ore,tonnes,0.1347988386561592,Underground,"Mine type (open pit, underground or both)",Production,"Mine status (Suspended', 'Closed', or 'Operating')",Polymetallic,Other minerals mined at this asset (Mineral type),83,4225.000018079055,650000.002781393,4822000.020633657
2024,1754061,Gibraltar Mine,copper-mine,CAN,mineral-extraction,copper-mining,52.519137,-122.26926,trace_1754061,co2e_100yr,t of copper ore,0.0014941884222474,t of CO2e in 100 yr GWP per t of copper ore,tonnes,0.1365891472868217,Open Pit,"Mine type (open pit, underground or both)",Production,"Mine status (Suspended', 'Closed', or 'Operating')",Molybdenum/Silver,Other minerals mined at this asset (Mineral type),83,131638.00056328773,88100000.37698573,645000002.7599977
2024,1754063,Granisle Mine,copper-mine,CAN,mineral-extraction,copper-mining,54.940589,-126.1571,trace_1754063,co2e_100yr,t of copper ore,0.0,t of CO2e in 100 yr GWP per t of copper ore,tonnes,0.0,Open Pit,"Mine type (open pit, underground or both)",Closed,"Mine status (Suspended', 'Closed', or 'Operating')",Molybdenum/Gold/Silver,Other minerals mined at this asset (Mineral type),83,0.0,0.0,87879592.9686352
2024,1754064,Halfmile Mine,copper-mine,CAN,mineral-extraction,copper-mining,47.304433,-66.324075,trace_1754064,co2e_100yr,t of copper ore,0.0,t of CO2e in 100 yr GWP per t of copper ore,tonnes,0.0,Underground,"Mine type (open pit, underground or both)",Suspended,"Mine status (Suspended', 'Closed', or 'Operating')",Polymetallic,Other minerals mined at this asset (Mineral type),83,0.0,0.0,4410000.018870682
2024,1754065,Heath Steele Mine,copper-mine,CAN,mineral-extraction,copper-mining,47.292613,-66.062529,trace_1754065,co2e_100yr,t of copper ore,0.0,t of CO2e in 100 yr GWP per t of copper ore,tonnes,0.0,Both,"Mine type (open pit, underground or both)",Closed,"Mine status (Suspended', 'Closed', or 'Operating')",Zinc/Lead,Other minerals mined at this asset (Mineral type),83,0.0,0.0,87879592.9686352
2024,1754066,Highland Valley Mine,copper-mine,CAN,mineral-extraction,copper-mining,50.486244,-121.042759,trace_1754066,co2e_100yr,t of copper ore,0.0330945586257991,t of CO2e in 100 yr GWP per t of copper ore,tonnes,0.2770277461041429,Open Pit,"Mine type (open pit, underground or both)",Production,"Mine status (Suspended', 'Closed', or 'Operating')",Molybdenum,Other minerals mined at this asset (Mineral type),83,2412130.0103216637,72886000.31188402,263100001.12582234
2024,1754067,Horne Mine,copper-mine,CAN,mineral-extraction,copper-mining,48.254296,-79.010706,trace_1754067,co2e_100yr,t of copper ore,0.0,t of CO2e in 100 yr GWP per t of copper ore,tonnes,0.0,Underground,"Mine type (open pit, underground or both)",Closed,"Mine status (Suspended', 'Closed', or 'Operating')",Zinc/Gold/Silver,Other minerals mined at this asset (Mineral type),83,0.0,0.0,87879592.9686352
2024,1754068,Huckleberry Mine,copper-mine,CAN,mineral-extraction,copper-mining,53.681321,-127.179631,trace_1754068,co2e_100yr,t of copper ore,0.0,t of CO2e in 100 yr GWP per t of copper ore,tonnes,0.0,Open Pit,"Mine type (open pit, underground or both)",Suspended,"Mine status (Suspended', 'Closed', or 'Operating')",Molybdenum/Gold/Silver,Other minerals mined at this asset (Mineral type),83,0.0,0.0,87879592.9686352
2024,1754069,Isle-Dieu Mine,copper-mine,CAN,mineral-extraction,copper-mining,49.720988,-77.748708,trace_1754069,co2e_100yr,t of copper ore,0.0,t of CO2e in 100 yr GWP per t of copper ore,tonnes,0.0,Underground,"Mine type (open pit, underground or both)",Closed,"Mine status (Suspended', 'Closed', or 'Operating')",Zinc/Gold/Silver,Other minerals mined at this asset (Mineral type),83,0.0,0.0,87879592.9686352
2024,1754070,Joutel Mine,copper-mine,CAN,mineral-extraction,copper-mining,49.453113,-78.352142,trace_1754070,co2e_100yr,t of copper ore,0.0,t of CO2e in 100 yr GWP per t of copper ore,tonnes,0.0,Open Pit,"Mine type (open pit, underground or both)",Closed,"Mine status (Suspended', 'Closed', or 'Operating')",Zinc/Silver,Other minerals mined at this asset (Mineral type),83,0.0,0.0,87879592.9686352
2024,1754071,Kemess Mine,copper-mine,CAN,mineral-extraction,copper-mining,57.003206,-126.772517,trace_1754071,co2e_100yr,t of copper ore,0.0,t of CO2e in 100 yr GWP per t of copper ore,tonnes,0.0,Open Pit,"Mine type (open pit, underground or both)",Closed,"Mine status (Suspended', 'Closed', or 'Operating')",Gold/Silver,Other minerals mined at this asset (Mineral type),83,0.0,0.0,107381000.45949042
2024,1754074,Lac Matagami Mine,copper-mine,CAN,mineral-extraction,copper-mining,49.718189,-77.71434,trace_1754074,co2e_100yr,t of copper ore,0.0,t of CO2e in 100 yr GWP per t of copper ore,tonnes,0.0,Underground,"Mine type (open pit, underground or both)",Closed,"Mine status (Suspended', 'Closed', or 'Operating')",Zinc/Gold/Silver,Other minerals mined at this asset (Mineral type),83,0.0,0.0,87879592.9686352
2024,1754075,Lalor Mine,copper-mine,CAN,mineral-extraction,copper-mining,54.873524,-100.149518,trace_1754075,co2e_100yr,t of copper ore,0.0157749017671112,t of CO2e in 100 yr GWP per t of copper ore,tonnes,0.1125076639646278,Underground,"Mine type (open pit, underground or both)",Production,"Mine status (Suspended', 'Closed', or 'Operating')",Zinc/Gold/Silver,Other minerals mined at this asset (Mineral type),83,24084.00010305703,1526729.0065329745,13570000.058066929
2024,1754076,Langlois Mine,copper-mine,CAN,mineral-extraction,copper-mining,49.24537,-76.674411,trace_1754076,co2e_100yr,t of copper ore,0.0,t of CO2e in 100 yr GWP per t of copper ore,tonnes,0.0,Underground,"Mine type (open pit, underground or both)",Suspended,"Mine status (Suspended', 'Closed', or 'Operating')",Polymetallic,Other minerals mined at this asset (Mineral type),83,0.0,0.0,87879592.9686352
2024,1754077,LaRonde Mine,copper-mine,CAN,mineral-extraction,copper-mining,48.249139,-78.441434,trace_1754077,co2e_100yr,t of copper ore,0.0446998663319749,t of CO2e in 100 yr GWP per t of copper ore,tonnes,0.0755196157328236,Underground,"Mine type (open pit, underground or both)",Production,"Mine status (Suspended', 'Closed', or 'Operating')",Zinc/Gold/Silver,Other minerals mined at this asset (Mineral type),83,67116.0002871938,1501481.0064249367,19882000.085076395
2024,1754078,Lexington Mine,copper-mine,CAN,mineral-extraction,copper-mining,49.008773,-118.613201,trace_1754078,co2e_100yr,t of copper ore,0.0,t of CO2e in 100 yr GWP per t of copper ore,tonnes,0.0,Underground,"Mine type (open pit, underground or both)",Suspended,"Mine status (Suspended', 'Closed', or 'Operating')",Gold,Other minerals mined at this asset (Mineral type),83,0.0,0.0,87879592.9686352
2024,1754079,Matagami Mine,copper-mine,CAN,mineral-extraction,copper-mining,49.689045,-77.694108,trace_1754079,co2e_100yr,t of copper ore,0.0,t of CO2e in 100 yr GWP per t of copper ore,tonnes,0.0,Underground,"Mine type (open pit, underground or both)",Closed,"Mine status (Suspended', 'Closed', or 'Operating')",Zinc/Gold/Silver,Other minerals mined at this asset (Mineral type),83,0.0,0.0,1200000.0051348794
2024,1754080,Max Mine,copper-mine,CAN,mineral-extraction,copper-mining,50.649897,-117.569419,trace_1754080,co2e_100yr,t of copper ore,0.0,t of CO2e in 100 yr GWP per t of copper ore,tonnes,0.0,Underground,"Mine type (open pit, underground or both)",Suspended,"Mine status (Suspended', 'Closed', or 'Operating')",Molybdenum/Gold/Silver,Other minerals mined at this asset (Mineral type),83,0.0,0.0,87879592.9686352
2024,1754081,McCreedy West Mine,copper-mine,CAN,mineral-extraction,copper-mining,46.637729,-81.398089,trace_1754081,co2e_100yr,t of copper ore,0.014739445916537,t of CO2e in 100 yr GWP per t of copper ore,tonnes,0.006007890847283,Underground,"Mine type (open pit, underground or both)",Production,"Mine status (Suspended', 'Closed', or 'Operating')",Polymetallic,Other minerals mined at this asset (Mineral type),83,7782.000033299693,527971.0022592229,87879592.9686352
2024,1754082,Ming Mine,copper-mine,CAN,mineral-extraction,copper-mining,49.914219,-56.085819,trace_1754082,co2e_100yr,t of copper ore,0.0,t of CO2e in 100 yr GWP per t of copper ore,tonnes,0.0,Underground,"Mine type (open pit, underground or both)",Suspended,"Mine status (Suspended', 'Closed', or 'Operating')",Gold/Silver,Other minerals mined at this asset (Mineral type),83,0.0,0.0,7413000.031720718
2024,1754083,Minto Mine,copper-mine,CAN,mineral-extraction,copper-mining,62.61756,-137.256469,trace_1754083,co2e_100yr,t of copper ore,0.0,t of CO2e in 100 yr GWP per t of copper ore,tonnes,0.0,Both,"Mine type (open pit, underground or both)",Suspended,"Mine status (Suspended', 'Closed', or 'Operating')",Gold/Silver,Other minerals mined at this asset (Mineral type),83,0.0,0.0,2313000.0098974803
2024,1754084,Mount Milligan Mine,copper-mine,CAN,mineral-extraction,copper-mining,55.120089,-124.019136,trace_1754084,co2e_100yr,t of copper ore,0.0037393552025566,t of CO2e in 100 yr GWP per t of copper ore,tonnes,0.0851034896510349,Open Pit,"Mine type (open pit, underground or both)",Production,"Mine status (Suspended', 'Closed', or 'Operating')",Gold/Silver,Other minerals mined at this asset (Mineral type),83,79566.00034046818,21278000.09104997,250025001.06987354
2024,1754085,Mount Polley Mine,copper-mine,CAN,mineral-extraction,copper-mining,52.548922,-121.634586,trace_1754085,co2e_100yr,t of copper ore,0.0120000221914418,t of CO2e in 100 yr GWP per t of copper ore,tonnes,0.1213208305288706,Both,"Mine type (open pit, underground or both)",Production,"Mine status (Suspended', 'Closed', or 'Operating')",Gold/Silver,Other minerals mined at this asset (Mineral type),83,71379.00030543547,5948239.025452908,49029000.209798336
2024,1754086,Myra Falls Mine,copper-mine,CAN,mineral-extraction,copper-mining,49.57067,-125.591966,trace_1754086,co2e_100yr,t of copper ore,0.012,t of CO2e in 100 yr GWP per t of copper ore,tonnes,0.010948905109489,Underground,"Mine type (open pit, underground or both)",Production,"Mine status (Suspended', 'Closed', or 'Operating')",Polymetallic,Other minerals mined at this asset (Mineral type),83,540.0000023106958,45000.00019255798,4110000.0175869623
2024,1754087,New Afton Mine,copper-mine,CAN,mineral-extraction,copper-mining,50.662968,-120.520252,trace_1754087,co2e_100yr,t of copper ore,0.0053150684931506,t of CO2e in 100 yr GWP per t of copper ore,tonnes,0.0878047349429401,Underground,"Mine type (open pit, underground or both)",Production,"Mine status (Suspended', 'Closed', or 'Operating')",Gold/Silver,Other minerals mined at this asset (Mineral type),83,15908.000068071386,2993000.0128072454,34087000.14586053
2024,1754088,New Hosco Mine,copper-mine,CAN,mineral-extraction,copper-mining,49.789786,-77.836128,trace_1754088,co2e_100yr,t of copper ore,0.0,t of CO2e in 100 yr GWP per t of copper ore,tonnes,0.0,Open Pit,"Mine type (open pit, underground or both)",Closed,"Mine status (Suspended', 'Closed', or 'Operating')",Zinc/Silver,Other minerals mined at this asset (Mineral type),83,0.0,0.0,87879592.9686352
2024,1754089,Norita Mine,copper-mine,CAN,mineral-extraction,copper-mining,49.775233,-77.655109,trace_1754089,co2e_100yr,t of copper ore,0.0,t of CO2e in 100 yr GWP per t of copper ore,tonnes,0.0,Underground,"Mine type (open pit, underground or both)",Closed,"Mine status (Suspended', 'Closed', or 'Operating')",Zinc,Other minerals mined at this asset (Mineral type),83,0.0,0.0,87879592.9686352
2024,1754090,Nunavik Nickel Operation,copper-mine,CAN,mineral-extraction,copper-mining,61.556721,-73.449743,trace_1754090,co2e_100yr,t of copper ore,0.0,t of CO2e in 100 yr GWP per t of copper ore,tonnes,0.0,Both,"Mine type (open pit, underground or both)",Production,"Mine status (Suspended', 'Closed', or 'Operating')",Nickel,Other minerals mined at this asset (Mineral type),83,0.0,0.0,87879592.9686352
2024,1754091,Orchan Mine,copper-mine,CAN,mineral-extraction,copper-mining,49.707436,-77.7079,trace_1754091,co2e_100yr,t of copper ore,0.0,t of CO2e in 100 yr GWP per t of copper ore,tonnes,0.0,Underground,"Mine type (open pit, underground or both)",Closed,"Mine status (Suspended', 'Closed', or 'Operating')",Zinc/Gold/Silver,Other minerals mined at this asset (Mineral type),83,0.0,0.0,87879592.9686352
2024,1754093,Poirier Mine,copper-mine,CAN,mineral-extraction,copper-mining,49.444177,-78.397175,trace_1754093,co2e_100yr,t of copper ore,0.0,t of CO2e in 100 yr GWP per t of copper ore,tonnes,0.0,Open Pit,"Mine type (open pit, underground or both)",Closed,"Mine status (Suspended', 'Closed', or 'Operating')",Zinc/Silver,Other minerals mined at this asset (Mineral type),83,0.0,0.0,87879592.9686352
2024,1754094,Quemont Mine,copper-mine,CAN,mineral-extraction,copper-mining,48.256614,-79.004787,trace_1754094,co2e_100yr,t of copper ore,0.0,t of CO2e in 100 yr GWP per t of copper ore,tonnes,0.0,Underground,"Mine type (open pit, underground or both)",Closed,"Mine status (Suspended', 'Closed', or 'Operating')",Zinc/Gold/Silver,Other minerals mined at this asset (Mineral type),83,0.0,0.0,87879592.9686352
2024,1754095,Radiore Mine,copper-mine,CAN,mineral-extraction,copper-mining,49.753583,-77.558927,trace_1754095,co2e_100yr,t of copper ore,0.0,t of CO2e in 100 yr GWP per t of copper ore,tonnes,0.0,Underground,"Mine type (open pit, underground or both)",Closed,"Mine status (Suspended', 'Closed', or 'Operating')",Zinc,Other minerals mined at this asset (Mineral type),83,0.0,0.0,87879592.9686352
2024,1754096,Raglan Operation,copper-mine,CAN,mineral-extraction,copper-mining,61.687773,-73.678676,trace_1754096,co2e_100yr,t of copper ore,0.0120006599705933,t of CO2e in 100 yr GWP per t of copper ore,tonnes,0.0456586,Underground,"Mine type (open pit, underground or both)",Production,"Mine status (Suspended', 'Closed', or 'Operating')",Polymetallic,Other minerals mined at this asset (Mineral type),83,8219.000035169645,684879.0029306426,15000000.064185994
2024,1754097,Red Chris Mine,copper-mine,CAN,mineral-extraction,copper-mining,57.713205,-129.794095,trace_1754097,co2e_100yr,t of copper ore,0.0122698273112293,t of CO2e in 100 yr GWP per t of copper ore,tonnes,0.0151411497032314,Open Pit,"Mine type (open pit, underground or both)",Production,"Mine status (Suspended', 'Closed', or 'Operating')",Gold/Silver,Other minerals mined at this asset (Mineral type),83,84511.00036162816,6887709.029472963,454900001.9465472
2024,1754098,Restigouche Mine,copper-mine,CAN,mineral-extraction,copper-mining,47.500875,-66.550582,trace_1754098,co2e_100yr,t of copper ore,0.0,t of CO2e in 100 yr GWP per t of copper ore,tonnes,0.0,Open Pit,"Mine type (open pit, underground or both)",Suspended,"Mine status (Suspended', 'Closed', or 'Operating')",Polymetallic,Other minerals mined at this asset (Mineral type),83,0.0,0.0,87879592.9686352
2024,1754099,Samatosum Mine,copper-mine,CAN,mineral-extraction,copper-mining,51.15156,-119.813151,trace_1754099,co2e_100yr,t of copper ore,0.0,t of CO2e in 100 yr GWP per t of copper ore,tonnes,0.0,Open Pit,"Mine type (open pit, underground or both)",Closed,"Mine status (Suspended', 'Closed', or 'Operating')",Zinc/Lead/Silver,Other minerals mined at this asset (Mineral type),83,0.0,0.0,87879592.9686352
2024,1754100,Selbaie Mine,copper-mine,CAN,mineral-extraction,copper-mining,49.805167,-78.946232,trace_1754100,co2e_100yr,t of copper ore,0.0,t of CO2e in 100 yr GWP per t of copper ore,tonnes,0.0,Open Pit,"Mine type (open pit, underground or both)",Closed,"Mine status (Suspended', 'Closed', or 'Operating')",Zinc/Gold/Silver,Other minerals mined at this asset (Mineral type),83,0.0,0.0,87879592.9686352
2024,1754101,Stobie Mine,copper-mine,CAN,mineral-extraction,copper-mining,46.48096,-81.052207,trace_1754101,co2e_100yr,t of copper ore,0.0,t of CO2e in 100 yr GWP per t of copper ore,tonnes,0.0,Both,"Mine type (open pit, underground or both)",Closed,"Mine status (Suspended', 'Closed', or 'Operating')",Polymetallic,Other minerals mined at this asset (Mineral type),83,0.0,0.0,87879592.9686352
2024,1754102,Sudbury INO Operation,copper-mine,CAN,mineral-extraction,copper-mining,46.657829,-80.79658,trace_1754102,co2e_100yr,t of copper ore,0.0111330744300402,t of CO2e in 100 yr GWP per t of copper ore,tonnes,0.0847147928994082,Underground,"Mine type (open pit, underground or both)",Production,"Mine status (Suspended', 'Closed', or 'Operating')",Polymetallic,Other minerals mined at this asset (Mineral type),83,15939.000068204037,1431680.0061262536,16900000.07231622
2024,1754103,Thompson Mine,copper-mine,CAN,mineral-extraction,copper-mining,55.71406,-97.852724,trace_1754103,co2e_100yr,t of copper ore,0.0065,t of CO2e in 100 yr GWP per t of copper ore,tonnes,0.007760618590504,Underground,"Mine type (open pit, underground or both)",Production,"Mine status (Suspended', 'Closed', or 'Operating')",Nickel/Cobalt,Other minerals mined at this asset (Mineral type),83,4433.000018969101,682000.0029183232,87879592.9686352
2024,1754104,Totten Mine,copper-mine,CAN,mineral-extraction,copper-mining,46.38187,-81.453631,trace_1754104,co2e_100yr,t of copper ore,0.0065,t of CO2e in 100 yr GWP per t of copper ore,tonnes,0.2111699959233591,Underground,"Mine type (open pit, underground or both)",Production,"Mine status (Suspended', 'Closed', or 'Operating')",Polymetallic,Other minerals mined at this asset (Mineral type),83,3367.000014407616,518000.00221655634,2453000.0104965493
2024,1754105,Troilus Mine,copper-mine,CAN,mineral-extraction,copper-mining,51.012585,-74.466821,trace_1754105,co2e_100yr,t of copper ore,0.0,t of CO2e in 100 yr GWP per t of copper ore,tonnes,0.0,Both,"Mine type (open pit, underground or both)",Suspended,"Mine status (Suspended', 'Closed', or 'Operating')",Gold/Silver,Other minerals mined at this asset (Mineral type),83,0.0,0.0,87879592.9686352
2024,1754106,Voisey's Bay Mine,copper-mine,CAN,mineral-extraction,copper-mining,56.331334,-62.096044,trace_1754106,co2e_100yr,t of copper ore,0.0065,t of CO2e in 100 yr GWP per t of copper ore,tonnes,0.0565916398713826,Both,"Mine type (open pit, underground or both)",Production,"Mine status (Suspended', 'Closed', or 'Operating')",Nickel/Cobalt,Other minerals mined at this asset (Mineral type),83,11440.000048952517,1760000.0075311565,31100000.133078963
2024,25486533,Kidd Creek Mine,copper-mine,CAN,mineral-extraction,copper-mining,48.689104,-81.371982,trace_25486533,co2e_100yr,t of copper ore,0.012,t of CO2e in 100 yr GWP per t of copper ore,tonnes,0.54,Underground,"Mine type (open pit, underground or both)",Production,"Mine status (Suspended', 'Closed', or 'Operating')",Zinc/Silver,Other minerals mined at this asset (Mineral type),83,16200.000069320873,1350000.0057767394,2500000.0106976656
2024,25486534,Lac des Iles Mine,copper-mine,CAN,mineral-extraction,copper-mining,49.164166,-89.622449,trace_25486534,co2e_100yr,t of copper ore,0.0155726698262243,t of CO2e in 100 yr GWP per t of copper ore,tonnes,0.1726363636363636,Both,"Mine type (open pit, underground or both)",Production,"Mine status (Suspended', 'Closed', or 'Operating')",Polymetallic,Other minerals mined at this asset (Mineral type),83,59145.00025308537,3798000.0162518937,22000000.094139457
2024,36395102,Scully Mine,iron-mine,CAN,mineral-extraction,iron-mining,52.905338,-66.927868,trace_36395102,co2e_100yr,t of iron ore,0.0364999919532645,t of CO2e in 100 yr GWP per t of iron ore,tonnes,0.0329533952892097,Open Pit,"Mine type (open pit, underground or both)",Production,"Mine status (Suspended', 'Closed', or 'Operating')",Manganese,Other minerals mined at this asset (Mineral type),84,576072.0024650502,15782798.067535637,478943002.0494288
