Facility ID,Facility name,Company name,City,Address,Postal code,Province,Latitude,Longitude,Total emissions,Units,Report year,Industry classification,Industry classification link,Facility information,Facility details
10002,Aciérie - ArcelorMittal Contrecoeur,ArcelorMittal Produits Longs Canada s.e.n.c,Contrecoeur,0 3900 Route des Aciéries,J0L 1C0,Quebec,45.82055,-73.26362,,kilotonnes of carbon dioxide equivalents (kt CO2 eq),2022,Iron and Steel Mills and Ferro-Alloy Manufacturing,https://www23.statcan.gc.ca/imdb/p3VD.pl?Function=getVD&TVD=1369825&CVD=1370970&CPV=331110&CST=27012022&CLV=5&MLV=5,https://climate-change.canada.ca/facility-emissions/GHGRP-G10002-2017.html,"http://indicators-map.canada.ca/App/Detail?id=0110002&GoCTemplateCulture=en-CA
"
10010,Rio Tinto Alcan Inc.,Rio Tinto Alcan Inc,Kitimat,1 Smeltersite Road,V8C 2H2,British Columbia,54.00286,-128.69531,420.39,kilotonnes of carbon dioxide equivalents (kt CO2 eq),2022,Primary Production of Alumina and Aluminum,https://www23.statcan.gc.ca/imdb/p3VD.pl?Function=getVD&TVD=1369825&CVD=1370970&CPV=331313&CST=27012022&CLV=5&MLV=5,https://climate-change.canada.ca/facility-emissions/GHGRP-G10010-2022.html,"http://indicators-map.canada.ca/App/Detail?id=0110010&GoCTemplateCulture=en-CA
"
10011,Algoma Steel Inc,Algoma Steel Inc.,Sault Ste. Marie,105 West Street North,P6A 7B4,Ontario,46.5217,-84.3637,3936.24,kilotonnes of carbon dioxide equivalents (kt CO2 eq),2022,Iron and Steel Mills and Ferro-Alloy Manufacturing,https://www23.statcan.gc.ca/imdb/p3VD.pl?Function=getVD&TVD=1369825&CVD=1370970&CPV=331110&CST=27012022&CLV=5&MLV=5,https://climate-change.canada.ca/facility-emissions/GHGRP-G10011-2022.html,"http://indicators-map.canada.ca/App/Detail?id=0110011&GoCTemplateCulture=en-CA
"
10012,Aluminerie Alouette inc.,Aluminerie Alouette inc.,SeptÎles,400 Chemin de de la Pointe-Noire,G4R 5M9,Quebec,50.1583,-66.4416,1140.9,kilotonnes of carbon dioxide equivalents (kt CO2 eq),2022,Primary Production of Alumina and Aluminum,https://www23.statcan.gc.ca/imdb/p3VD.pl?Function=getVD&TVD=1369825&CVD=1370970&CPV=331313&CST=27012022&CLV=5&MLV=5,https://climate-change.canada.ca/facility-emissions/GHGRP-G10012-2022.html,"http://indicators-map.canada.ca/App/Detail?id=0110012&GoCTemplateCulture=en-CA
"
10013,Aluminerie de Baie-Comeau,Ne pas prendre - Alcoa Canada Co.,Baie Comeau,0 100 Maritime Route,G4Z 2L6,Quebec,49.2583,-68.1461,534.69,kilotonnes of carbon dioxide equivalents (kt CO2 eq),2022,Primary Production of Alumina and Aluminum,https://www23.statcan.gc.ca/imdb/p3VD.pl?Function=getVD&TVD=1369825&CVD=1370970&CPV=331313&CST=27012022&CLV=5&MLV=5,https://climate-change.canada.ca/facility-emissions/GHGRP-G10013-2022.html,"http://indicators-map.canada.ca/App/Detail?id=0110013&GoCTemplateCulture=en-CA
"
10014,Aluminerie de Bécancour inc.,Aluminerie de Bécancour inc.,Bécancour,5555 Pierre Thibault,G9H 2T7,Quebec,46.3829,-72.3874,821.53,kilotonnes of carbon dioxide equivalents (kt CO2 eq),2022,Primary Production of Alumina and Aluminum,https://www23.statcan.gc.ca/imdb/p3VD.pl?Function=getVD&TVD=1369825&CVD=1370970&CPV=331313&CST=27012022&CLV=5&MLV=5,https://climate-change.canada.ca/facility-emissions/GHGRP-G10014-2022.html,"http://indicators-map.canada.ca/App/Detail?id=0110014&GoCTemplateCulture=en-CA
"
10035,Brunswick Smelter,Glencore Canada Corporation,Belledune,692 Main Street,E8G 2M1,New Brunswick,47.8992,-65.8339,,kilotonnes of carbon dioxide equivalents (kt CO2 eq),2022,Non-Ferrous Metal (except Aluminum) Smelting and Refining,https://www23.statcan.gc.ca/imdb/p3VD.pl?Function=getVD&TVD=1369825&CVD=1370970&CPV=331410&CST=27012022&CLV=5&MLV=5,https://climate-change.canada.ca/facility-emissions/GHGRP-G10035-2019.html,"http://indicators-map.canada.ca/App/Detail?id=0110035&GoCTemplateCulture=en-CA
"
10076,Rio Tinto Fer et Titane inc.- Complexe  de Sorel-Tracy,Rio Tinto Fer et Titane inc.,Sorel Tracy,1625 Marie-Victorin,J3R 1M6,Quebec,46.0475,-73.13778,982.93,kilotonnes of carbon dioxide equivalents (kt CO2 eq),2022,Iron and Steel Mills and Ferro-Alloy Manufacturing,https://www23.statcan.gc.ca/imdb/p3VD.pl?Function=getVD&TVD=1369825&CVD=1370970&CPV=331110&CST=27012022&CLV=5&MLV=5,https://climate-change.canada.ca/facility-emissions/GHGRP-G10076-2022.html,"http://indicators-map.canada.ca/App/Detail?id=0110076&GoCTemplateCulture=en-CA
"
10077,Copper Cliff Nickel Refinery,Vale Canada Limited,Copper Cliff,175 Industrial Road,P0M 1N0,Ontario,46.4452,-81.0846,,kilotonnes of carbon dioxide equivalents (kt CO2 eq),2022,Non-Ferrous Metal (except Aluminum) Smelting and Refining,https://www23.statcan.gc.ca/imdb/p3VD.pl?Function=getVD&TVD=1369825&CVD=1370970&CPV=331410&CST=27012022&CLV=5&MLV=5,https://climate-change.canada.ca/facility-emissions/GHGRP-G10077-2018.html,"http://indicators-map.canada.ca/App/Detail?id=0110077&GoCTemplateCulture=en-CA
"
10078,Copper Cliff Smelter,Vale Canada Limited,Copper Cliff,18 Rink Street,P0M 1N0,Ontario,46.4786,-81.0553,,kilotonnes of carbon dioxide equivalents (kt CO2 eq),2022,Non-Ferrous Metal (except Aluminum) Smelting and Refining,https://www23.statcan.gc.ca/imdb/p3VD.pl?Function=getVD&TVD=1369825&CVD=1370970&CPV=331410&CST=27012022&CLV=5&MLV=5,https://climate-change.canada.ca/facility-emissions/GHGRP-G10078-2018.html,"http://indicators-map.canada.ca/App/Detail?id=0110078&GoCTemplateCulture=en-CA
"
10091,ArcelorMittal Dofasco,ArcelorMittal Canada MP Inc. and ArcelorMittal Canada Inc. p,Hamilton,1330 Burlington Street East,L8N 3J5,Ontario,43.2597,-79.8111,3960.61,kilotonnes of carbon dioxide equivalents (kt CO2 eq),2022,Iron and Steel Mills and Ferro-Alloy Manufacturing,https://www23.statcan.gc.ca/imdb/p3VD.pl?Function=getVD&TVD=1369825&CVD=1370970&CPV=331110&CST=27012022&CLV=5&MLV=5,https://climate-change.canada.ca/facility-emissions/GHGRP-G10091-2022.html,"http://indicators-map.canada.ca/App/Detail?id=0110091&GoCTemplateCulture=en-CA
"
10103,Elkem Métal Chicoutimi,Elkem Metal Canada Inc.,Chicoutimi,2020 de la Réserve Road,G7J 0E1,Quebec,48.4124,-71.1307,121.14,kilotonnes of carbon dioxide equivalents (kt CO2 eq),2022,Iron and Steel Mills and Ferro-Alloy Manufacturing,https://www23.statcan.gc.ca/imdb/p3VD.pl?Function=getVD&TVD=1369825&CVD=1370970&CPV=331110&CST=27012022&CLV=5&MLV=5,https://climate-change.canada.ca/facility-emissions/GHGRP-G10103-2022.html,"http://indicators-map.canada.ca/App/Detail?id=0110103&GoCTemplateCulture=en-CA
"
10119,Fort Saskatchewan,Sherritt International Corporation,Fort Saskatchewan,10101 114 Street,T8L 2T3,Alberta,53.7217,-113.1917,283.48,kilotonnes of carbon dioxide equivalents (kt CO2 eq),2022,Non-Ferrous Metal (except Aluminum) Smelting and Refining,https://www23.statcan.gc.ca/imdb/p3VD.pl?Function=getVD&TVD=1369825&CVD=1370970&CPV=331410&CST=27012022&CLV=5&MLV=5,https://climate-change.canada.ca/facility-emissions/GHGRP-G10119-2022.html,"http://indicators-map.canada.ca/App/Detail?id=0110119&GoCTemplateCulture=en-CA
"
10128,"Gerdau Ameristeel Corporation, Whitby Mill",Gerdau Ameristeel Corporation,Whitby,1 Gerdau Court,L1N 5T1,Ontario,43.8578,-78.9097,124.04,kilotonnes of carbon dioxide equivalents (kt CO2 eq),2022,Iron and Steel Mills and Ferro-Alloy Manufacturing,https://www23.statcan.gc.ca/imdb/p3VD.pl?Function=getVD&TVD=1369825&CVD=1370970&CPV=331110&CST=27012022&CLV=5&MLV=5,https://climate-change.canada.ca/facility-emissions/GHGRP-G10128-2022.html,"http://indicators-map.canada.ca/App/Detail?id=0110128&GoCTemplateCulture=en-CA
"
10150,EVRAZ Inc NA Canada - Regina Facilities,EVRAZ Inc NA Canada,Rm of Sherwood,100 Armour Road,S4K 0A8,Saskatchewan,50.5176,-104.6301,243.26,kilotonnes of carbon dioxide equivalents (kt CO2 eq),2022,Iron and Steel Mills and Ferro-Alloy Manufacturing,https://www23.statcan.gc.ca/imdb/p3VD.pl?Function=getVD&TVD=1369825&CVD=1370970&CPV=331110&CST=27012022&CLV=5&MLV=5,https://climate-change.canada.ca/facility-emissions/GHGRP-G10150-2022.html,"http://indicators-map.canada.ca/App/Detail?id=0110150&GoCTemplateCulture=en-CA
"
10205,Norsk Hydro Canada Inc,Norsk Hydro Canada Inc,Bécancour,7000 Boulevard Raoul-Duchesne,G9H 2V3,Quebec,0.0,0.0,,kilotonnes of carbon dioxide equivalents (kt CO2 eq),2022,Non-Ferrous Metal (except Aluminum) Smelting and Refining,https://www23.statcan.gc.ca/imdb/p3VD.pl?Function=getVD&TVD=1369825&CVD=1370970&CPV=331410&CST=27012022&CLV=5&MLV=5,https://climate-change.canada.ca/facility-emissions/GHGRP-G10205-2007.html,"http://indicators-map.canada.ca/App/Detail?id=0110205&GoCTemplateCulture=en-CA
"
10270,Silicium Bécancour inc.,Becancour Silicon inc,Bécancour,6500 Yvon Trudeau,G9H 2V8,Quebec,0.0,0.0,,kilotonnes of carbon dioxide equivalents (kt CO2 eq),2022,Iron and Steel Mills and Ferro-Alloy Manufacturing,https://www23.statcan.gc.ca/imdb/p3VD.pl?Function=getVD&TVD=1369825&CVD=1370970&CPV=331110&CST=27012022&CLV=5&MLV=5,https://climate-change.canada.ca/facility-emissions/GHGRP-G10270-2010.html,"http://indicators-map.canada.ca/App/Detail?id=0110270&GoCTemplateCulture=en-CA
"
10275,Hamilton,Stelco Inc.,Hamilton,386 Wilcox Street,L8L 8K5,Ontario,43.26438,-79.82723,279.1,kilotonnes of carbon dioxide equivalents (kt CO2 eq),2022,Iron and Steel Mills and Ferro-Alloy Manufacturing,https://www23.statcan.gc.ca/imdb/p3VD.pl?Function=getVD&TVD=1369825&CVD=1370970&CPV=331110&CST=27012022&CLV=5&MLV=5,https://climate-change.canada.ca/facility-emissions/GHGRP-G10275-2022.html,"http://indicators-map.canada.ca/App/Detail?id=0110275&GoCTemplateCulture=en-CA
"
10276,Lake Erie,Stelco Inc.,Haldimand County,2330 Regional #3 Road,N0A 1L0,Ontario,42.81,-80.0967,3768.21,kilotonnes of carbon dioxide equivalents (kt CO2 eq),2022,Iron and Steel Mills and Ferro-Alloy Manufacturing,https://www23.statcan.gc.ca/imdb/p3VD.pl?Function=getVD&TVD=1369825&CVD=1370970&CPV=331110&CST=27012022&CLV=5&MLV=5,https://climate-change.canada.ca/facility-emissions/GHGRP-G10276-2022.html,"http://indicators-map.canada.ca/App/Detail?id=0110276&GoCTemplateCulture=en-CA
"
10288,"Timminco Metals, Haley Plant",Timminco Limited,Haley,962 Magnesium Road,K0J 1Y0,Ontario,0.0,0.0,,kilotonnes of carbon dioxide equivalents (kt CO2 eq),2022,Non-Ferrous Metal (except Aluminum) Smelting and Refining,https://www23.statcan.gc.ca/imdb/p3VD.pl?Function=getVD&TVD=1369825&CVD=1370970&CPV=331410&CST=27012022&CLV=5&MLV=5,https://climate-change.canada.ca/facility-emissions/GHGRP-G10288-2007.html,"http://indicators-map.canada.ca/App/Detail?id=0110288&GoCTemplateCulture=en-CA
"
10289,"Teck Metals Ltd, Trail Operations","Teck Metals Ltd, Trail Operations",Trail,25 Aldridge Avenue,V1R 4L8,British Columbia,49.10194,-117.71722,335.35,kilotonnes of carbon dioxide equivalents (kt CO2 eq),2022,Non-Ferrous Metal (except Aluminum) Smelting and Refining,https://www23.statcan.gc.ca/imdb/p3VD.pl?Function=getVD&TVD=1369825&CVD=1370970&CPV=331410&CST=27012022&CLV=5&MLV=5,https://climate-change.canada.ca/facility-emissions/GHGRP-G10289-2022.html,"http://indicators-map.canada.ca/App/Detail?id=0110289&GoCTemplateCulture=en-CA
"
10295,Usine Alma,Rio Tinto Alcan Inc,Alma,3000 des Pins,G8B 5W2,Quebec,48.5837,-71.6889,899.02,kilotonnes of carbon dioxide equivalents (kt CO2 eq),2022,Primary Production of Alumina and Aluminum,https://www23.statcan.gc.ca/imdb/p3VD.pl?Function=getVD&TVD=1369825&CVD=1370970&CPV=331313&CST=27012022&CLV=5&MLV=5,https://climate-change.canada.ca/facility-emissions/GHGRP-G10295-2022.html,"http://indicators-map.canada.ca/App/Detail?id=0110295&GoCTemplateCulture=en-CA
"
10296,Usine Arvida,Rio Tinto Alcan Inc,Saguenay,1955 Mellon Boulevard,G7S 4L2,Quebec,48.4274,-71.1599,612.59,kilotonnes of carbon dioxide equivalents (kt CO2 eq),2022,Primary Production of Alumina and Aluminum,https://www23.statcan.gc.ca/imdb/p3VD.pl?Function=getVD&TVD=1369825&CVD=1370970&CPV=331313&CST=27012022&CLV=5&MLV=5,https://climate-change.canada.ca/facility-emissions/GHGRP-G10296-2022.html,"http://indicators-map.canada.ca/App/Detail?id=0110296&GoCTemplateCulture=en-CA
"
10297,Usine de Beauharnois,Rio Tinto Alcan Inc,Melocheville,40 de l'industrie Street,J6N 1W5,Quebec,45.3079,-73.8947,,kilotonnes of carbon dioxide equivalents (kt CO2 eq),2022,Primary Production of Alumina and Aluminum,https://www23.statcan.gc.ca/imdb/p3VD.pl?Function=getVD&TVD=1369825&CVD=1370970&CPV=331313&CST=27012022&CLV=5&MLV=5,https://climate-change.canada.ca/facility-emissions/GHGRP-G10297-2020.html,"http://indicators-map.canada.ca/App/Detail?id=0110297&GoCTemplateCulture=en-CA
"
10300,Aluminerie de Deschambault,Compagnie de gestion Alcoa - Lauralco,Deschambault,1 des Sources Boulevard,G0A 1S0,Quebec,46.69317,-71.94488,519.72,kilotonnes of carbon dioxide equivalents (kt CO2 eq),2022,Primary Production of Alumina and Aluminum,https://www23.statcan.gc.ca/imdb/p3VD.pl?Function=getVD&TVD=1369825&CVD=1370970&CPV=331313&CST=27012022&CLV=5&MLV=5,https://climate-change.canada.ca/facility-emissions/GHGRP-G10300-2022.html,"http://indicators-map.canada.ca/App/Detail?id=0110300&GoCTemplateCulture=en-CA
"
10301,Usine de fluorure,Rio Tinto Alcan Inc,Jonquiere,1955 Mellon Boulevard,G7S 4L2,Quebec,48.4257,-71.1718,,kilotonnes of carbon dioxide equivalents (kt CO2 eq),2022,Primary Production of Alumina and Aluminum,https://www23.statcan.gc.ca/imdb/p3VD.pl?Function=getVD&TVD=1369825&CVD=1370970&CPV=331313&CST=27012022&CLV=5&MLV=5,https://climate-change.canada.ca/facility-emissions/GHGRP-G10301-2016.html,"http://indicators-map.canada.ca/App/Detail?id=0110301&GoCTemplateCulture=en-CA
"
10305,Usine de réduction - ArcelorMittal Contrecoeur,ArcelorMittal Produits Longs Canada s.e.n.c,Contrecoeur,0 3900 Route des Aciéries,J0L 1C0,Quebec,45.8363,-73.252,,kilotonnes of carbon dioxide equivalents (kt CO2 eq),2022,Iron and Steel Mills and Ferro-Alloy Manufacturing,https://www23.statcan.gc.ca/imdb/p3VD.pl?Function=getVD&TVD=1369825&CVD=1370970&CPV=331110&CST=27012022&CLV=5&MLV=5,https://climate-change.canada.ca/facility-emissions/GHGRP-G10305-2017.html,"http://indicators-map.canada.ca/App/Detail?id=0110305&GoCTemplateCulture=en-CA
"
10306,Usine Grande-Baie,Rio Tinto Alcan Inc,La Baie,0 5000 du Petit-Parc Route,G7B 4G9,Quebec,48.1821,-70.5536,520.79,kilotonnes of carbon dioxide equivalents (kt CO2 eq),2022,Primary Production of Alumina and Aluminum,https://www23.statcan.gc.ca/imdb/p3VD.pl?Function=getVD&TVD=1369825&CVD=1370970&CPV=331313&CST=27012022&CLV=5&MLV=5,https://climate-change.canada.ca/facility-emissions/GHGRP-G10306-2022.html,"http://indicators-map.canada.ca/App/Detail?id=0110306&GoCTemplateCulture=en-CA
"
10307,Usine Laterrière,Rio Tinto Alcan Inc,Laterriere,6301 Talbot Boulevard,G7N 1A2,Quebec,48.3007,-71.1289,528.57,kilotonnes of carbon dioxide equivalents (kt CO2 eq),2022,Primary Production of Alumina and Aluminum,https://www23.statcan.gc.ca/imdb/p3VD.pl?Function=getVD&TVD=1369825&CVD=1370970&CPV=331313&CST=27012022&CLV=5&MLV=5,https://climate-change.canada.ca/facility-emissions/GHGRP-G10307-2022.html,"http://indicators-map.canada.ca/App/Detail?id=0110307&GoCTemplateCulture=en-CA
"
10308,Usine Shawinigan,Rio Tinto Alcan,Shawinigan,Rio Tinto Alcan Usine Shawinigan 1100 St-Sacrement Boulevard,G9N 6W4,Quebec,46.5586,-72.7397,,kilotonnes of carbon dioxide equivalents (kt CO2 eq),2022,Primary Production of Alumina and Aluminum,https://www23.statcan.gc.ca/imdb/p3VD.pl?Function=getVD&TVD=1369825&CVD=1370970&CPV=331313&CST=27012022&CLV=5&MLV=5,https://climate-change.canada.ca/facility-emissions/GHGRP-G10308-2014.html,"http://indicators-map.canada.ca/App/Detail?id=0110308&GoCTemplateCulture=en-CA
"
10333,Hamilton Specialty Bar Corporation,Hamilton Specialty Bar Corporation,Hamilton,319 Sherman Ave N,L8N 3R5,Ontario,0.0,0.0,,kilotonnes of carbon dioxide equivalents (kt CO2 eq),2022,Iron and Steel Mills and Ferro-Alloy Manufacturing,https://www23.statcan.gc.ca/imdb/p3VD.pl?Function=getVD&TVD=1369825&CVD=1370970&CPV=331110&CST=27012022&CLV=5&MLV=5,https://climate-change.canada.ca/facility-emissions/GHGRP-G10333-2006.html,"http://indicators-map.canada.ca/App/Detail?id=0110333&GoCTemplateCulture=en-CA
"
10363,ESCO Limited,ESCO Limited,Port Hope,185 Hope Street,L1A 3W4,Ontario,0.0,0.0,,kilotonnes of carbon dioxide equivalents (kt CO2 eq),2022,Steel Foundries,https://www23.statcan.gc.ca/imdb/p3VD.pl?Function=getVD&TVD=1369825&CVD=1370970&CPV=331514&CST=27012022&CLV=5&MLV=5,https://climate-change.canada.ca/facility-emissions/GHGRP-G10363-2006.html,"http://indicators-map.canada.ca/App/Detail?id=0110363&GoCTemplateCulture=en-CA
"
10369,ArcelorMittal Contrecoeur Ouest,ArcelorMittal Produits Longs Canada s.e.n.c,Contrecoeur,2050 Route des Aciéries,J0L 1C0,Quebec,45.8206,-73.2661,90.42,kilotonnes of carbon dioxide equivalents (kt CO2 eq),2022,Iron and Steel Mills and Ferro-Alloy Manufacturing,https://www23.statcan.gc.ca/imdb/p3VD.pl?Function=getVD&TVD=1369825&CVD=1370970&CPV=331110&CST=27012022&CLV=5&MLV=5,https://climate-change.canada.ca/facility-emissions/GHGRP-G10369-2022.html,"http://indicators-map.canada.ca/App/Detail?id=0110369&GoCTemplateCulture=en-CA
"
10398,Sudbury Integrated Nickel Operations Smelter,Glencore Canada Corporation,Falconbridge,2 Longyear Drive,P0M 1S0,Ontario,46.5775,-80.8042,117.94,kilotonnes of carbon dioxide equivalents (kt CO2 eq),2022,Non-Ferrous Metal (except Aluminum) Smelting and Refining,https://www23.statcan.gc.ca/imdb/p3VD.pl?Function=getVD&TVD=1369825&CVD=1370970&CPV=331410&CST=27012022&CLV=5&MLV=5,https://climate-change.canada.ca/facility-emissions/GHGRP-G10398-2022.html,"http://indicators-map.canada.ca/App/Detail?id=0110398&GoCTemplateCulture=en-CA
"
10420,AltaSteel Inc.,AltaSteel Inc.,Edmonton,9401 34th Street,T6B 2X6,Alberta,53.5291,-113.3875,88.1,kilotonnes of carbon dioxide equivalents (kt CO2 eq),2022,Iron and Steel Mills and Ferro-Alloy Manufacturing,https://www23.statcan.gc.ca/imdb/p3VD.pl?Function=getVD&TVD=1369825&CVD=1370970&CPV=331110&CST=27012022&CLV=5&MLV=5,https://climate-change.canada.ca/facility-emissions/GHGRP-G10420-2022.html,"http://indicators-map.canada.ca/App/Detail?id=0110420&GoCTemplateCulture=en-CA
"
10578,"Glencore Canada Corporation, CCR refinery",Glencore Canada Corporation,Montréal Est,0 220 Durocher Avenue Northwest,H1B 5H6,Quebec,45.6283,-73.5125,56.83,kilotonnes of carbon dioxide equivalents (kt CO2 eq),2022,Non-Ferrous Metal (except Aluminum) Smelting and Refining,https://www23.statcan.gc.ca/imdb/p3VD.pl?Function=getVD&TVD=1369825&CVD=1370970&CPV=331410&CST=27012022&CLV=5&MLV=5,https://climate-change.canada.ca/facility-emissions/GHGRP-G10578-2022.html,"http://indicators-map.canada.ca/App/Detail?id=0110578&GoCTemplateCulture=en-CA
"
10579,Glencore Canada Corporation - Fonderie Horne,Glencore Canada Corporation,Rouyn Noranda,156 Marcel-Baril Avenue,J9X 7C1,Quebec,48.25417,-79.01667,191.93,kilotonnes of carbon dioxide equivalents (kt CO2 eq),2022,Non-Ferrous Metal (except Aluminum) Smelting and Refining,https://www23.statcan.gc.ca/imdb/p3VD.pl?Function=getVD&TVD=1369825&CVD=1370970&CPV=331410&CST=27012022&CLV=5&MLV=5,https://climate-change.canada.ca/facility-emissions/GHGRP-G10579-2022.html,"http://indicators-map.canada.ca/App/Detail?id=0110579&GoCTemplateCulture=en-CA
"
10614,Ivaco Rolling Mills,Ivaco Rolling Mills 2004 L. P.,L'Orignal,1040 County Rd 17 Road,K0B 1K0,Ontario,45.6133,-74.705,102.89,kilotonnes of carbon dioxide equivalents (kt CO2 eq),2022,Iron and Steel Mills and Ferro-Alloy Manufacturing,https://www23.statcan.gc.ca/imdb/p3VD.pl?Function=getVD&TVD=1369825&CVD=1370970&CPV=331110&CST=27012022&CLV=5&MLV=5,https://climate-change.canada.ca/facility-emissions/GHGRP-G10614-2022.html,"http://indicators-map.canada.ca/App/Detail?id=0110614&GoCTemplateCulture=en-CA
"
10647,Tree Island Industries,Tree Island Industries Ltd,Richmond,3933 Boundary Road,V6V 1T8,British Columbia,49.1875,-122.959,,kilotonnes of carbon dioxide equivalents (kt CO2 eq),2022,Steel Wire Drawing,https://www23.statcan.gc.ca/imdb/p3VD.pl?Function=getVD&TVD=1369825&CVD=1370970&CPV=331222&CST=27012022&CLV=5&MLV=5,https://climate-change.canada.ca/facility-emissions/GHGRP-G10647-2013.html,"http://indicators-map.canada.ca/App/Detail?id=0110647&GoCTemplateCulture=en-CA
"
10657,Quebec Silicon LP,Silicium Québec SEC,Bécancour,6500 Yvon-Trudeau Street,G9H 2V8,Quebec,46.3712,-72.3881,194.62,kilotonnes of carbon dioxide equivalents (kt CO2 eq),2022,Iron and Steel Mills and Ferro-Alloy Manufacturing,https://www23.statcan.gc.ca/imdb/p3VD.pl?Function=getVD&TVD=1369825&CVD=1370970&CPV=331110&CST=27012022&CLV=5&MLV=5,https://climate-change.canada.ca/facility-emissions/GHGRP-G10657-2022.html,"http://indicators-map.canada.ca/App/Detail?id=0110657&GoCTemplateCulture=en-CA
"
10678,"Gerdau Ameristeel Corporation, Manitoba Mill",Gerdau Ameristeel Corporation,Selkirk,27 Main Street,R1A 1P6,Manitoba,50.1302,-96.9013,48.05,kilotonnes of carbon dioxide equivalents (kt CO2 eq),2022,Iron and Steel Mills and Ferro-Alloy Manufacturing,https://www23.statcan.gc.ca/imdb/p3VD.pl?Function=getVD&TVD=1369825&CVD=1370970&CPV=331110&CST=27012022&CLV=5&MLV=5,https://climate-change.canada.ca/facility-emissions/GHGRP-G10678-2022.html,"http://indicators-map.canada.ca/App/Detail?id=0110678&GoCTemplateCulture=en-CA
"
10738,"Gerdau Ameristeel Corporation, Cambridge Mill",Gerdau Ameristeel Corporation,Cambridge,160 Orion Place,N1T 1R9,Ontario,43.3706,-80.284,16.05,kilotonnes of carbon dioxide equivalents (kt CO2 eq),2022,Iron and Steel Mills and Ferro-Alloy Manufacturing,https://www23.statcan.gc.ca/imdb/p3VD.pl?Function=getVD&TVD=1369825&CVD=1370970&CPV=331110&CST=27012022&CLV=5&MLV=5,https://climate-change.canada.ca/facility-emissions/GHGRP-G10738-2022.html,"http://indicators-map.canada.ca/App/Detail?id=0110738&GoCTemplateCulture=en-CA
"
10791,Aluminerie Arvida - Centre technologique AP60,Rio Tinto Alcan Inc,Jonquière,2685 Boulevard du Saguenay,G7S 0C9,Quebec,48.43193,-71.15674,96.48,kilotonnes of carbon dioxide equivalents (kt CO2 eq),2022,Primary Production of Alumina and Aluminum,https://www23.statcan.gc.ca/imdb/p3VD.pl?Function=getVD&TVD=1369825&CVD=1370970&CPV=331313&CST=27012022&CLV=5&MLV=5,https://climate-change.canada.ca/facility-emissions/GHGRP-G10791-2022.html,"http://indicators-map.canada.ca/App/Detail?id=0110791&GoCTemplateCulture=en-CA
"
10810,Long Harbour Operations,Vale Newfoundland and Labrador Limited,Long Harbour,1 Nickel Road,A0B 2J0,Newfoundland and Labrador,47.40889,-53.81167,50.09,kilotonnes of carbon dioxide equivalents (kt CO2 eq),2022,Non-Ferrous Metal (except Aluminum) Smelting and Refining,https://www23.statcan.gc.ca/imdb/p3VD.pl?Function=getVD&TVD=1369825&CVD=1370970&CPV=331410&CST=27012022&CLV=5&MLV=5,https://climate-change.canada.ca/facility-emissions/GHGRP-G10810-2022.html,"http://indicators-map.canada.ca/App/Detail?id=0110810&GoCTemplateCulture=en-CA
"
10861,Ball Advanced Aluminum Technologies Canada Inc.,Ball Advanced Aluminum Technologies Holding Canada Inc.,Sherbrooke,2205 Roy Road,J1K 1B8,Quebec,45.39009,-71.92586,,kilotonnes of carbon dioxide equivalents (kt CO2 eq),2022,"Aluminum Rolling, Drawing, Extruding and Alloying",https://www23.statcan.gc.ca/imdb/p3VD.pl?Function=getVD&TVD=1369825&CVD=1370970&CPV=331317&CST=27012022&CLV=5&MLV=5,https://climate-change.canada.ca/facility-emissions/GHGRP-G10861-2020.html,"http://indicators-map.canada.ca/App/Detail?id=0110861&GoCTemplateCulture=en-CA
"
10903,SOCIÉTÉ EN COMMANDITE REVENU NORANDA - VALLEYFIELD,Société en commandite Revenu Noranda,Salaberry De Valleyfield,860 Gérard Cadieux Boulevard,J6T 6L4,Quebec,45.2281,-74.1031,48.69,kilotonnes of carbon dioxide equivalents (kt CO2 eq),2022,Non-Ferrous Metal (except Aluminum) Smelting and Refining,https://www23.statcan.gc.ca/imdb/p3VD.pl?Function=getVD&TVD=1369825&CVD=1370970&CPV=331410&CST=27012022&CLV=5&MLV=5,https://climate-change.canada.ca/facility-emissions/GHGRP-G10903-2022.html,"http://indicators-map.canada.ca/App/Detail?id=0110903&GoCTemplateCulture=en-CA
"
11020,Matalco Inc.,Matalco Inc.,Brampton,850 Intermodal Drive,L6T 0B5,Ontario,43.74325,-79.65764,22.34,kilotonnes of carbon dioxide equivalents (kt CO2 eq),2022,"Aluminum Rolling, Drawing, Extruding and Alloying",https://www23.statcan.gc.ca/imdb/p3VD.pl?Function=getVD&TVD=1369825&CVD=1370970&CPV=331317&CST=27012022&CLV=5&MLV=5,https://climate-change.canada.ca/facility-emissions/GHGRP-G11020-2022.html,"http://indicators-map.canada.ca/App/Detail?id=0111020&GoCTemplateCulture=en-CA
"
11042,Real Alloy Mississauga,Real Alloy Canada Ltd.,Mississauga,7496 Torbram Road,L4T 1G9,Ontario,43.7014,-79.6679,14.92,kilotonnes of carbon dioxide equivalents (kt CO2 eq),2022,"Aluminum Rolling, Drawing, Extruding and Alloying",https://www23.statcan.gc.ca/imdb/p3VD.pl?Function=getVD&TVD=1369825&CVD=1370970&CPV=331317&CST=27012022&CLV=5&MLV=5,https://climate-change.canada.ca/facility-emissions/GHGRP-G11042-2022.html,"http://indicators-map.canada.ca/App/Detail?id=0111042&GoCTemplateCulture=en-CA
"
11046,Great Lakes Copper Ltd.,Great Lakes Copper Ltd.,London,1010 Clarke Road,N5Y 5S6,Ontario,43.0233,-81.1842,11.39,kilotonnes of carbon dioxide equivalents (kt CO2 eq),2022,"Copper Rolling, Drawing, Extruding and Alloying",https://www23.statcan.gc.ca/imdb/p3VD.pl?Function=getVD&TVD=1369825&CVD=1370970&CPV=331420&CST=27012022&CLV=5&MLV=5,https://climate-change.canada.ca/facility-emissions/GHGRP-G11046-2022.html,"http://indicators-map.canada.ca/App/Detail?id=0111046&GoCTemplateCulture=en-CA
"
11086,Usine de coulée continue de Montréal-Est,Nexans Canada Inc.,Montréal Est,460 Durocher Avenue,H1B 5H6,Quebec,45.6291,-73.5132,,kilotonnes of carbon dioxide equivalents (kt CO2 eq),2022,"Copper Rolling, Drawing, Extruding and Alloying",https://www23.statcan.gc.ca/imdb/p3VD.pl?Function=getVD&TVD=1369825&CVD=1370970&CPV=331420&CST=27012022&CLV=5&MLV=5,https://climate-change.canada.ca/facility-emissions/GHGRP-G11086-2019.html,"http://indicators-map.canada.ca/App/Detail?id=0111086&GoCTemplateCulture=en-CA
"
11095,INFASCO,Ifastgroupe,Marieville,700 Ouellette,J3M 1P6,Quebec,45.431,-73.1673,15.56,kilotonnes of carbon dioxide equivalents (kt CO2 eq),2022,Cold-Rolled Steel Shape Manufacturing,https://www23.statcan.gc.ca/imdb/p3VD.pl?Function=getVD&TVD=1369825&CVD=1370970&CPV=331221&CST=27012022&CLV=5&MLV=5,https://climate-change.canada.ca/facility-emissions/GHGRP-G11095-2022.html,"http://indicators-map.canada.ca/App/Detail?id=0111095&GoCTemplateCulture=en-CA
"
11103,Kaiser Aluminum Canada Limited,Kaiser Aluminum Canada Limited,London,3021 Gore Road,N5V 5A9,Ontario,42.9862,-81.1408,17.46,kilotonnes of carbon dioxide equivalents (kt CO2 eq),2022,"Aluminum Rolling, Drawing, Extruding and Alloying",https://www23.statcan.gc.ca/imdb/p3VD.pl?Function=getVD&TVD=1369825&CVD=1370970&CPV=331317&CST=27012022&CLV=5&MLV=5,https://climate-change.canada.ca/facility-emissions/GHGRP-G11103-2022.html,"http://indicators-map.canada.ca/App/Detail?id=0111103&GoCTemplateCulture=en-CA
"
11128,Sivaco Québec,Groupe des tréfileries Sivaco 2004,Marieville,800 Ouellette,J3M 1P5,Quebec,45.4372,-73.1676,13.86,kilotonnes of carbon dioxide equivalents (kt CO2 eq),2022,Steel Wire Drawing,https://www23.statcan.gc.ca/imdb/p3VD.pl?Function=getVD&TVD=1369825&CVD=1370970&CPV=331222&CST=27012022&CLV=5&MLV=5,https://climate-change.canada.ca/facility-emissions/GHGRP-G11128-2022.html,"http://indicators-map.canada.ca/App/Detail?id=0111128&GoCTemplateCulture=en-CA
"
11230,Laminoir fil machine - ArcelorMittal Contrecoeur,ArcelorMittal Produits Longs Canada s.e.n.c,Contrecoeur,3900 Route des Aciéries,J0L 1C0,Quebec,45.8295,-73.2584,,kilotonnes of carbon dioxide equivalents (kt CO2 eq),2022,Iron and Steel Mills and Ferro-Alloy Manufacturing,https://www23.statcan.gc.ca/imdb/p3VD.pl?Function=getVD&TVD=1369825&CVD=1370970&CPV=331110&CST=27012022&CLV=5&MLV=5,https://climate-change.canada.ca/facility-emissions/GHGRP-G11230-2017.html,"http://indicators-map.canada.ca/App/Detail?id=0111230&GoCTemplateCulture=en-CA
"
11231,ArcelorMittal Longueuil,ArcelorMittal Produits Longs Canada s.e.n.c,Longueuil,2555 chemin du Lac,J4N 1C1,Quebec,45.5663,-73.4579,23.89,kilotonnes of carbon dioxide equivalents (kt CO2 eq),2022,Iron and Steel Mills and Ferro-Alloy Manufacturing,https://www23.statcan.gc.ca/imdb/p3VD.pl?Function=getVD&TVD=1369825&CVD=1370970&CPV=331110&CST=27012022&CLV=5&MLV=5,https://climate-change.canada.ca/facility-emissions/GHGRP-G11231-2022.html,"http://indicators-map.canada.ca/App/Detail?id=0111231&GoCTemplateCulture=en-CA
"
11368,Valbruna ASW Inc.,Valbruna ASW Inc.,Welland,42 Centre Street,L3B 5N9,Ontario,42.99864,-79.23453,12.51,kilotonnes of carbon dioxide equivalents (kt CO2 eq),2022,Iron and Steel Mills and Ferro-Alloy Manufacturing,https://www23.statcan.gc.ca/imdb/p3VD.pl?Function=getVD&TVD=1369825&CVD=1370970&CPV=331110&CST=27012022&CLV=5&MLV=5,https://climate-change.canada.ca/facility-emissions/GHGRP-G11368-2022.html,"http://indicators-map.canada.ca/App/Detail?id=0111368&GoCTemplateCulture=en-CA
"
11390,Fonderie Bibby Sainte-Croix,Canada Pipe Co Ltd.,Sainte Croix,6200 Principale,G0S 2H0,Quebec,46.6233,-71.73606,17.86,kilotonnes of carbon dioxide equivalents (kt CO2 eq),2022,Iron Foundries,https://www23.statcan.gc.ca/imdb/p3VD.pl?Function=getVD&TVD=1369825&CVD=1370970&CPV=331511&CST=27012022&CLV=5&MLV=5,https://climate-change.canada.ca/facility-emissions/GHGRP-G11390-2022.html,"http://indicators-map.canada.ca/App/Detail?id=0111390&GoCTemplateCulture=en-CA
"
11718,North York Division,"Hydro Extrusion Canada, Inc.",Toronto,7 Alloy Court,M9M 3A2,Ontario,43.736,-79.532,19.28,kilotonnes of carbon dioxide equivalents (kt CO2 eq),2022,"Aluminum Rolling, Drawing, Extruding and Alloying",https://www23.statcan.gc.ca/imdb/p3VD.pl?Function=getVD&TVD=1369825&CVD=1370970&CPV=331317&CST=27012022&CLV=5&MLV=5,https://climate-change.canada.ca/facility-emissions/GHGRP-G11718-2022.html,"http://indicators-map.canada.ca/App/Detail?id=0111718&GoCTemplateCulture=en-CA
"
11723,Port Colborne Refinery,Vale Canada Ltd,Port Colborne,187 Davis Street,L3K 5W2,Ontario,42.8826,-79.2405,14.17,kilotonnes of carbon dioxide equivalents (kt CO2 eq),2022,Non-Ferrous Metal (except Aluminum) Smelting and Refining,https://www23.statcan.gc.ca/imdb/p3VD.pl?Function=getVD&TVD=1369825&CVD=1370970&CPV=331410&CST=27012022&CLV=5&MLV=5,https://climate-change.canada.ca/facility-emissions/GHGRP-G11723-2022.html,"http://indicators-map.canada.ca/App/Detail?id=0111723&GoCTemplateCulture=en-CA
"
11730,Usine Vaudreuil,Rio Tinto Alcan Inc,Jonquière,1955 Mellon Boulevard,G7S 4L2,Quebec,48.4257,-71.1718,380.82,kilotonnes of carbon dioxide equivalents (kt CO2 eq),2022,Primary Production of Alumina and Aluminum,https://www23.statcan.gc.ca/imdb/p3VD.pl?Function=getVD&TVD=1369825&CVD=1370970&CPV=331313&CST=27012022&CLV=5&MLV=5,https://climate-change.canada.ca/facility-emissions/GHGRP-G11730-2022.html,"http://indicators-map.canada.ca/App/Detail?id=0111730&GoCTemplateCulture=en-CA
"
11744,Pickering,Signature Aluminum Canada Inc.,Pickering,1850 Clements Road,L1W 3R8,Ontario,43.82797,-79.05871,14.85,kilotonnes of carbon dioxide equivalents (kt CO2 eq),2022,"Aluminum Rolling, Drawing, Extruding and Alloying",https://www23.statcan.gc.ca/imdb/p3VD.pl?Function=getVD&TVD=1369825&CVD=1370970&CPV=331317&CST=27012022&CLV=5&MLV=5,https://climate-change.canada.ca/facility-emissions/GHGRP-G11744-2022.html,"http://indicators-map.canada.ca/App/Detail?id=0111744&GoCTemplateCulture=en-CA
"
11750,ARCELORMITTAL WINDSOR A DIVISION OF ARCELORMITTAL DOFASCO G.P,ArcelorMittal Canada MP Inc. and ArcelorMittal Canada Inc. p,Windsor,300 Sprucewood Avenue,N9C 0B7,Ontario,42.2605,-83.1002,24.99,kilotonnes of carbon dioxide equivalents (kt CO2 eq),2022,Iron and Steel Mills and Ferro-Alloy Manufacturing,https://www23.statcan.gc.ca/imdb/p3VD.pl?Function=getVD&TVD=1369825&CVD=1370970&CPV=331110&CST=27012022&CLV=5&MLV=5,https://climate-change.canada.ca/facility-emissions/GHGRP-G11750-2022.html,"http://indicators-map.canada.ca/App/Detail?id=0111750&GoCTemplateCulture=en-CA
"
11765,ArcelorMittal long Products Canada - Hamilton East,ArcelorMittal long Products Canada G.P.,Hamilton,690 Strathearne Avenue,L8H 7N8,Ontario,43.2625,-79.7857,15.38,kilotonnes of carbon dioxide equivalents (kt CO2 eq),2022,Steel Wire Drawing,https://www23.statcan.gc.ca/imdb/p3VD.pl?Function=getVD&TVD=1369825&CVD=1370970&CPV=331222&CST=27012022&CLV=5&MLV=5,https://climate-change.canada.ca/facility-emissions/GHGRP-G11765-2022.html,"http://indicators-map.canada.ca/App/Detail?id=0111765&GoCTemplateCulture=en-CA
"
11878,Max Aicher (North America) Limited,Max Aicher (North America) Limited,Hamilton,855 Industrial Drive,L8L 0B2,Ontario,43.26654,-79.82236,19.24,kilotonnes of carbon dioxide equivalents (kt CO2 eq),2022,Cold-Rolled Steel Shape Manufacturing,https://www23.statcan.gc.ca/imdb/p3VD.pl?Function=getVD&TVD=1369825&CVD=1370970&CPV=331221&CST=27012022&CLV=5&MLV=5,https://climate-change.canada.ca/facility-emissions/GHGRP-G11878-2022.html,"http://indicators-map.canada.ca/App/Detail?id=0111878&GoCTemplateCulture=en-CA
"
11956,MASTERLOY PRODUCTS Company,Masterloy Products Co.,Ottawa,5663 Doncaster Road,K1G 3N4,Ontario,45.2962,-75.5761,,kilotonnes of carbon dioxide equivalents (kt CO2 eq),2022,Iron and Steel Mills and Ferro-Alloy Manufacturing,https://www23.statcan.gc.ca/imdb/p3VD.pl?Function=getVD&TVD=1369825&CVD=1370970&CPV=331110&CST=27012022&CLV=5&MLV=5,https://climate-change.canada.ca/facility-emissions/GHGRP-G11956-2021.html,"http://indicators-map.canada.ca/App/Detail?id=0111956&GoCTemplateCulture=en-CA
"
11989,ArcelorMittal Contrecoeur Est,ArcelorMittal Produits Longs Canada s.e.n.c,Contrecoeur,3900 Route des Aciéries,J0L 1C0,Quebec,45.82055,-73.26362,920.48,kilotonnes of carbon dioxide equivalents (kt CO2 eq),2022,Iron and Steel Mills and Ferro-Alloy Manufacturing,https://www23.statcan.gc.ca/imdb/p3VD.pl?Function=getVD&TVD=1369825&CVD=1370970&CPV=331110&CST=27012022&CLV=5&MLV=5,https://climate-change.canada.ca/facility-emissions/GHGRP-G11989-2022.html,"http://indicators-map.canada.ca/App/Detail?id=0111989&GoCTemplateCulture=en-CA
"
12009,NATT Tools Group Inc.,NATT Tools Group Inc.,Hamilton,460 Sherman Avenue North,L8L 8J6,Ontario,43.2663,-79.829,11.1,kilotonnes of carbon dioxide equivalents (kt CO2 eq),2022,Cold-Rolled Steel Shape Manufacturing,https://www23.statcan.gc.ca/imdb/p3VD.pl?Function=getVD&TVD=1369825&CVD=1370970&CPV=331221&CST=27012022&CLV=5&MLV=5,https://climate-change.canada.ca/facility-emissions/GHGRP-G12009-2022.html,"http://indicators-map.canada.ca/App/Detail?id=0112009&GoCTemplateCulture=en-CA
"
12298,"Copper Cliff Mining, Smelting and Refining Complex",Vale Canada Limited,Copper Cliff,18 Rink Street,P0M 1N0,Ontario,46.4786,-81.0553,330.67,kilotonnes of carbon dioxide equivalents (kt CO2 eq),2022,Non-Ferrous Metal (except Aluminum) Smelting and Refining,https://www23.statcan.gc.ca/imdb/p3VD.pl?Function=getVD&TVD=1369825&CVD=1370970&CPV=331410&CST=27012022&CLV=5&MLV=5,https://climate-change.canada.ca/facility-emissions/GHGRP-G12298-2022.html,"http://indicators-map.canada.ca/App/Detail?id=0112298&GoCTemplateCulture=en-CA
"
12301,GRIFFIN CANADA - WINNIPEG,Griffin Canada Inc.,Winnipeg,2500 Day Street,R2C 3A4,Manitoba,49.913,-97.0025,,kilotonnes of carbon dioxide equivalents (kt CO2 eq),2022,Steel Foundries,https://www23.statcan.gc.ca/imdb/p3VD.pl?Function=getVD&TVD=1369825&CVD=1370970&CPV=331514&CST=27012022&CLV=5&MLV=5,https://climate-change.canada.ca/facility-emissions/GHGRP-G12301-2019.html,"http://indicators-map.canada.ca/App/Detail?id=0112301&GoCTemplateCulture=en-CA
"
12554,Molycop Canada Plant 2,Moly-Cop Canada,Kamloops,300 Andover Crescent,V2C 6X2,British Columbia,50.65598,-120.09703,,kilotonnes of carbon dioxide equivalents (kt CO2 eq),2022,Iron Foundries,https://www23.statcan.gc.ca/imdb/p3VD.pl?Function=getVD&TVD=1369825&CVD=1370970&CPV=331511&CST=27012022&CLV=5&MLV=5,https://climate-change.canada.ca/facility-emissions/GHGRP-G12554-2020.html,"http://indicators-map.canada.ca/App/Detail?id=0112554&GoCTemplateCulture=en-CA
"
12555,Moly-Cop Canada,Moly-Cop Canada,Kamloops,250 Andover Crescent,V2C 6X2,British Columbia,50.65726,-120.09649,25.12,kilotonnes of carbon dioxide equivalents (kt CO2 eq),2022,Iron Foundries,https://www23.statcan.gc.ca/imdb/p3VD.pl?Function=getVD&TVD=1369825&CVD=1370970&CPV=331511&CST=27012022&CLV=5&MLV=5,https://climate-change.canada.ca/facility-emissions/GHGRP-G12555-2022.html,"http://indicators-map.canada.ca/App/Detail?id=0112555&GoCTemplateCulture=en-CA
"
12579,Fonderie Laperle,Canada Pipe Co ltd,Saint Ours,106 montée de la Basse,J0G 1P0,Quebec,45.8947,-73.1387,0.51,kilotonnes of carbon dioxide equivalents (kt CO2 eq),2022,Iron Foundries,https://www23.statcan.gc.ca/imdb/p3VD.pl?Function=getVD&TVD=1369825&CVD=1370970&CPV=331511&CST=27012022&CLV=5&MLV=5,https://climate-change.canada.ca/facility-emissions/GHGRP-G12579-2022.html,"http://indicators-map.canada.ca/App/Detail?id=0112579&GoCTemplateCulture=en-CA
"
12581,Extrusion North America - Mississauga,"Hydro Extrusion Canada, Inc.",Mississauga,5675 Kennedy Road,L4Z 2H9,Ontario,43.6306,-79.6575,4.89,kilotonnes of carbon dioxide equivalents (kt CO2 eq),2022,"Aluminum Rolling, Drawing, Extruding and Alloying",https://www23.statcan.gc.ca/imdb/p3VD.pl?Function=getVD&TVD=1369825&CVD=1370970&CPV=331317&CST=27012022&CLV=5&MLV=5,https://climate-change.canada.ca/facility-emissions/GHGRP-G12581-2022.html,"http://indicators-map.canada.ca/App/Detail?id=0112581&GoCTemplateCulture=en-CA
"
