main_id,mincan_id,distance_m,name,namemine,similarity_full_score,similarity_partial_score
YT-MAIN-ab926389-1,YT-MINCAN-4bd22bb9-1,5676.59,Keno Hill Silver District,,13.793103448275868,33.333333333333336
YT-MAIN-ab926389-1,YT-MINCAN-a947d3f5-1,10776.18,Keno Hill Silver District,Bellekeno,23.529411764705888,46.15384615384615
YT-MAIN-ab926389-1,YT-MINCAN-1483e47f-1,3170.19,Keno Hill Silver District,Elsa,13.793103448275868,25.0
YT-MAIN-ab926389-1,YT-MINCAN-b451ff4c-1,8650.64,Keno Hill Silver District,Historic Keno Hill District,69.23076923076923,83.72093023255813
NU-MAIN-15f39d07-1,NU-MINCAN-f5600cfd-1,0.0,Amaruq,Amaruq,100.0,100.0
ON-MAIN-87c0220c-1,ON-MINCAN-d3cdc933-1,712.46,Detour Lake,Detour Lake,100.0,100.0
ON-MAIN-87c0220c-1,ON-MINCAN-52adcae7-1,466.91,Detour Lake,Detour Lake,100.0,100.0
NU-MAIN-22b6a486-1,NU-MINCAN-ee1ef2e2-1,1158.75,Meadowbank,Meadowbank,100.0,100.0
NU-MAIN-b9901c24-1,NU-MINCAN-9e755e0a-1,0.0,Meliadine,Meliadine,100.0,100.0
ON-MAIN-042d0b12-1,ON-MINCAN-b91117ba-1,7661.95,Island,Edwards,30.76923076923077,40.0
ON-MAIN-042d0b12-1,ON-MINCAN-2b3870ec-1,1358.62,Island,Island Gold,70.58823529411764,100.0
ON-MAIN-042d0b12-1,ON-MINCAN-26c0bf07-1,211.38,Island,Magino,33.333333333333336,44.44444444444444
ON-MAIN-042d0b12-1,ON-MINCAN-9c4275cb-1,14864.66,Island,Cobatec Operations,16.666666666666664,33.333333333333336
ON-MAIN-ca1b538d-1,ON-MINCAN-9de3d77e-1,3243.78,Young-Davidson,,22.22222222222222,66.66666666666667
ON-MAIN-ca1b538d-1,ON-MINCAN-b949a107-1,1401.29,Young-Davidson,Young-Davidson,100.0,100.0
ON-MAIN-ca1b538d-1,ON-MINCAN-34cf75c6-1,8956.59,Young-Davidson,Glendinning or Yarrow Township,22.72727272727273,28.57142857142857
ON-MAIN-079ac66d-1,ON-MINCAN-45c483e6-1,2435.94,Hemlo (Williams),David Bell,23.076923076923073,33.333333333333336
ON-MAIN-079ac66d-1,ON-MINCAN-aa0c7f6e-1,863.51,Hemlo (Williams),Golden Giant,28.57142857142857,33.333333333333336
ON-MAIN-079ac66d-1,ON-MINCAN-193cff17-1,376.37,Hemlo (Williams),Williams or Page-Williams,53.65853658536586,69.23076923076923
QC-MAIN-cb4de7b8-1,QC-MINCAN-031d9b4a-1,19031.72,Lamaque,,18.181818181818176,40.0
QC-MAIN-cb4de7b8-1,QC-MINCAN-6ccb3cc0-1,14118.06,Lamaque,Kiena,16.666666666666664,33.333333333333336
QC-MAIN-cb4de7b8-1,QC-MINCAN-a2686122-1,12565.14,Lamaque,,18.181818181818176,40.0
QC-MAIN-cb4de7b8-1,QC-MINCAN-e8d63c0a-1,17868.02,Lamaque,Louvicourt,23.529411764705888,40.0
QC-MAIN-cb4de7b8-1,QC-MINCAN-88e87266-1,10106.22,Lamaque,Goldex,15.384615384615385,28.57142857142857
QC-MAIN-cb4de7b8-1,QC-MINCAN-110653ed-1,9018.21,Lamaque,Lac Herbin,35.29411764705882,46.15384615384615
QC-MAIN-cb4de7b8-1,QC-MINCAN-763f2bdd-1,2797.33,Lamaque,Lamarque,93.33333333333333,85.71428571428572
QC-MAIN-cb4de7b8-1,QC-MINCAN-16fe766c-1,9186.2,Lamaque,,18.181818181818176,40.0
QC-MAIN-cb4de7b8-1,QC-MINCAN-69c7249a-1,9793.57,Lamaque,Manitou-Barvue,38.095238095238095,50.0
QC-MAIN-cb4de7b8-1,QC-MINCAN-7571a53f-1,2278.24,Lamaque,Mine East Sullivan (Sullico),17.14285714285714,28.57142857142857
QC-MAIN-cb4de7b8-1,QC-MINCAN-94109418-1,7828.65,Lamaque,Joubi,16.666666666666664,28.57142857142857
QC-MAIN-cb4de7b8-1,QC-MINCAN-8b33c1d7-1,6410.21,Lamaque,Mine Bras D'Or (Zone Dumont),11.428571428571432,18.181818181818176
QC-MAIN-cb4de7b8-1,QC-MINCAN-7f574bf8-1,12180.55,Lamaque,Wrightbar,12.5,22.22222222222222
QC-MAIN-cb4de7b8-1,QC-MINCAN-af9fd9f2-1,18038.72,Lamaque,"Lucien Beliveau, New Pascalis",22.22222222222222,50.0
QC-MAIN-cb4de7b8-1,QC-MINCAN-3805ed29-1,13166.48,Lamaque,Mine Simkar (Louvicourt GoldFields),19.047619047619047,28.57142857142857
QC-MAIN-cb4de7b8-1,QC-MINCAN-d9a38b82-1,12791.26,Lamaque,Groleau-Trenholme,25.0,44.44444444444444
QC-MAIN-cb4de7b8-1,QC-MINCAN-be45f36c-1,17017.16,Lamaque,Louvem,46.15384615384615,50.0
QC-MAIN-cb4de7b8-1,QC-MINCAN-af9b8623-1,9198.63,Lamaque,Mine Ferderber (Belmoral),12.5,30.76923076923077
QC-MAIN-cb4de7b8-1,QC-MINCAN-cf33bc5a-1,16605.26,Lamaque,Beaufor (Courvan),16.666666666666664,36.36363636363637
QC-MAIN-cb4de7b8-1,QC-MINCAN-be2aab84-1,2693.71,Lamaque,Sigma,33.333333333333336,44.44444444444444
BC-MAIN-f5fe547c-1,,,Elk,,,
NL-MAIN-b066a0c7-1,NL-MINCAN-f7d269e2-1,9142.06,Point Rousse,Rambler Tailings,21.42857142857143,37.5
NL-MAIN-b066a0c7-1,NL-MINCAN-e8bb29c4-1,408.47,Point Rousse,Pine Cove,57.14285714285714,58.82352941176471
NL-MAIN-b066a0c7-1,NL-MINCAN-e8fb5f67-1,5450.35,Point Rousse,,37.5,50.0
NL-MAIN-b066a0c7-1,NL-MINCAN-e8e7478f-1,3385.15,Point Rousse,Stog’er Tight,24.0,33.333333333333336
NL-MAIN-b066a0c7-1,NL-MINCAN-28bb767c-1,5369.44,Point Rousse,Baie Verte Tailings,25.806451612903224,37.5
NL-MAIN-b066a0c7-1,NL-MINCAN-fc6413b6-1,5766.55,Point Rousse,Ming,25.0,50.0
ON-MAIN-86b89a70-1,ON-MINCAN-c975e787-1,0.0,Fox Complex,Black Fox,30.000000000000004,50.0
ON-MAIN-86b89a70-1,ON-MINCAN-19b6e309-1,6998.9,Fox Complex,,26.66666666666667,33.333333333333336
ON-MAIN-86b89a70-1,ON-MINCAN-5ca79b5d-1,15094.41,Fox Complex,Larder Lake Division,12.903225806451612,19.999999999999996
ON-MAIN-86b89a70-1,ON-MINCAN-a8fc68bb-1,7541.24,Fox Complex,Ross,13.33333333333333,33.333333333333336
ON-MAIN-86b89a70-1,ON-MINCAN-64338276-1,12007.27,Fox Complex,,26.66666666666667,33.333333333333336
ON-MAIN-6b291dc6-1,ON-MINCAN-09222ef6-1,0.0,Borden,Borden,100.0,100.0
QC-MAIN-03247f98-1,QC-MINCAN-84c51948-1,0.0,Éléonore,Éléonore,100.0,100.0
ON-MAIN-5a030c69-1,ON-MINCAN-5f254d07-1,8646.02,Hollinger,,46.15384615384615,50.0
ON-MAIN-5a030c69-1,ON-MINCAN-d0b499b7-1,11218.4,Hollinger,,46.15384615384615,50.0
ON-MAIN-5a030c69-1,ON-MINCAN-79615968-1,15473.54,Hollinger,Owl Creek,22.22222222222222,26.66666666666667
ON-MAIN-5a030c69-1,ON-MINCAN-f24d24cd-1,15670.54,Hollinger,Pamour,26.66666666666667,28.57142857142857
ON-MAIN-5a030c69-1,ON-MINCAN-b04333c7-1,13612.39,Hollinger,Hallnor,62.5,61.53846153846154
ON-MAIN-5a030c69-1,ON-MINCAN-1935646c-1,1143.67,Hollinger,Norandas,23.529411764705888,28.57142857142857
ON-MAIN-5a030c69-1,ON-MINCAN-8863ccf3-1,1589.16,Hollinger,Schumacher Division (Former McIntyre) and renamed 1981: Shumacher,10.81081081081081,36.36363636363637
ON-MAIN-5a030c69-1,ON-MINCAN-0b822735-1,8090.34,Hollinger,,46.15384615384615,50.0
ON-MAIN-5a030c69-1,ON-MINCAN-eb1e3a56-1,4167.47,Hollinger,Paymaster,22.22222222222222,36.36363636363637
ON-MAIN-5a030c69-1,ON-MINCAN-6ed98edb-1,3531.23,Hollinger,Coniaurum,33.333333333333336,37.5
ON-MAIN-5a030c69-1,ON-MINCAN-bc12cac7-1,15272.86,Hollinger,,46.15384615384615,50.0
ON-MAIN-5a030c69-1,ON-MINCAN-64ef8584-1,17377.65,Hollinger,Hoyle,57.14285714285714,75.0
ON-MAIN-5a030c69-1,ON-MINCAN-55df954e-1,15673.87,Hollinger,No.3,15.384615384615385,33.333333333333336
ON-MAIN-5a030c69-1,ON-MINCAN-3abfda0f-1,3751.22,Hollinger,Aunor,28.57142857142857,44.44444444444444
ON-MAIN-5a030c69-1,ON-MINCAN-ab48ffa7-1,14905.95,Hollinger,Hoyle Pond,42.10526315789473,57.14285714285714
ON-MAIN-5a030c69-1,ON-MINCAN-938e5d45-1,12454.15,Hollinger,Bonwhit,25.0,33.333333333333336
ON-MAIN-5a030c69-1,ON-MINCAN-06b71c99-1,6611.42,Hollinger,,46.15384615384615,50.0
ON-MAIN-5a030c69-1,ON-MINCAN-52f8932b-1,5331.09,Hollinger,Dome,30.76923076923077,33.333333333333336
ON-MAIN-5a030c69-1,ON-MINCAN-7c3d9cb4-1,4194.69,Hollinger,,46.15384615384615,50.0
ON-MAIN-5a030c69-1,ON-MINCAN-50f38af5-1,5830.57,Hollinger,,46.15384615384615,50.0
ON-MAIN-5a030c69-1,ON-MINCAN-cebc01bd-1,19535.32,Hollinger,,46.15384615384615,50.0
ON-MAIN-5a030c69-1,ON-MINCAN-25980abf-1,14262.81,Hollinger,Bell Creek,31.57894736842105,37.5
ON-MAIN-a86e1632-1,ON-MINCAN-5f254d07-1,8869.93,Hoyle Pond,,28.57142857142857,57.14285714285714
ON-MAIN-a86e1632-1,ON-MINCAN-d0b499b7-1,6589.43,Hoyle Pond,,28.57142857142857,57.14285714285714
ON-MAIN-a86e1632-1,ON-MINCAN-79615968-1,2307.86,Hoyle Pond,Owl Creek,21.052631578947366,28.57142857142857
ON-MAIN-a86e1632-1,ON-MINCAN-f24d24cd-1,3287.44,Hoyle Pond,Pamour,25.0,40.0
ON-MAIN-a86e1632-1,ON-MINCAN-b04333c7-1,4468.04,Hoyle Pond,Hallnor,35.29411764705882,44.44444444444444
ON-MAIN-a86e1632-1,ON-MINCAN-1935646c-1,18357.53,Hoyle Pond,Norandas,33.333333333333336,54.54545454545454
ON-MAIN-a86e1632-1,ON-MINCAN-8863ccf3-1,15938.15,Hoyle Pond,Schumacher Division (Former McIntyre) and renamed 1981: Shumacher,16.000000000000004,50.0
ON-MAIN-a86e1632-1,ON-MINCAN-0b822735-1,9473.78,Hoyle Pond,,28.57142857142857,57.14285714285714
ON-MAIN-a86e1632-1,ON-MINCAN-eb1e3a56-1,15460.89,Hoyle Pond,Paymaster,21.052631578947366,28.57142857142857
ON-MAIN-a86e1632-1,ON-MINCAN-6ed98edb-1,13982.43,Hoyle Pond,Coniaurum,21.052631578947366,33.333333333333336
ON-MAIN-a86e1632-1,ON-MINCAN-bc12cac7-1,3423.72,Hoyle Pond,,28.57142857142857,57.14285714285714
ON-MAIN-a86e1632-1,ON-MINCAN-64ef8584-1,2974.21,Hoyle Pond,Hoyle,66.66666666666667,100.0
ON-MAIN-a86e1632-1,ON-MINCAN-55df954e-1,3281.7,Hoyle Pond,No.3,14.28571428571429,33.333333333333336
ON-MAIN-a86e1632-1,ON-MINCAN-3abfda0f-1,18622.77,Hoyle Pond,Aunor,13.33333333333333,28.57142857142857
ON-MAIN-a86e1632-1,ON-MINCAN-ab48ffa7-1,3009.77,Hoyle Pond,Hoyle Pond,100.0,100.0
ON-MAIN-a86e1632-1,ON-MINCAN-938e5d45-1,5399.83,Hoyle Pond,Bonwhit,23.529411764705888,40.0
ON-MAIN-a86e1632-1,ON-MINCAN-06b71c99-1,11069.84,Hoyle Pond,,28.57142857142857,57.14285714285714
ON-MAIN-a86e1632-1,ON-MINCAN-52f8932b-1,14000.6,Hoyle Pond,Dome,28.57142857142857,50.0
ON-MAIN-a86e1632-1,ON-MINCAN-12ff1b95-1,11798.56,Hoyle Pond,Nighthawk Lake,8.333333333333337,18.181818181818176
ON-MAIN-a86e1632-1,ON-MINCAN-7c3d9cb4-1,18936.12,Hoyle Pond,,28.57142857142857,57.14285714285714
ON-MAIN-a86e1632-1,ON-MINCAN-50f38af5-1,14493.47,Hoyle Pond,,28.57142857142857,57.14285714285714
ON-MAIN-a86e1632-1,ON-MINCAN-f635c0d3-1,17877.6,Hoyle Pond,Aquarius,0.0,0.0
ON-MAIN-a86e1632-1,ON-MINCAN-25980abf-1,4758.45,Hoyle Pond,Bell Creek,19.999999999999996,26.66666666666667
ON-MAIN-ec0e3472-1,ON-MINCAN-5f254d07-1,6011.64,Porcupine,,46.15384615384615,66.66666666666667
ON-MAIN-ec0e3472-1,ON-MINCAN-d0b499b7-1,7412.94,Porcupine,,46.15384615384615,66.66666666666667
ON-MAIN-ec0e3472-1,ON-MINCAN-79615968-1,12350.22,Porcupine,Owl Creek,22.22222222222222,30.76923076923077
ON-MAIN-ec0e3472-1,ON-MINCAN-04ddd279-1,17332.94,Porcupine,Redstone,35.29411764705882,40.0
ON-MAIN-ec0e3472-1,ON-MINCAN-f24d24cd-1,11531.55,Porcupine,Pamour,40.0,66.66666666666667
ON-MAIN-ec0e3472-1,ON-MINCAN-b04333c7-1,9646.63,Porcupine,Hallnor,25.0,40.0
ON-MAIN-ec0e3472-1,ON-MINCAN-1935646c-1,6474.46,Porcupine,Norandas,35.29411764705882,37.5
ON-MAIN-ec0e3472-1,ON-MINCAN-8863ccf3-1,4475.31,Porcupine,Schumacher Division (Former McIntyre) and renamed 1981: Shumacher,13.513513513513509,33.333333333333336
ON-MAIN-ec0e3472-1,ON-MINCAN-0b822735-1,5894.83,Porcupine,,46.15384615384615,66.66666666666667
ON-MAIN-ec0e3472-1,ON-MINCAN-eb1e3a56-1,1553.49,Porcupine,Paymaster,22.22222222222222,33.333333333333336
ON-MAIN-ec0e3472-1,ON-MINCAN-6ed98edb-1,3448.84,Porcupine,Coniaurum,33.333333333333336,42.85714285714286
ON-MAIN-ec0e3472-1,ON-MINCAN-bc12cac7-1,11170.42,Porcupine,,46.15384615384615,66.66666666666667
ON-MAIN-ec0e3472-1,ON-MINCAN-64ef8584-1,13170.06,Porcupine,Hoyle,28.57142857142857,33.333333333333336
ON-MAIN-ec0e3472-1,ON-MINCAN-55df954e-1,11535.95,Porcupine,No.3,15.384615384615385,33.333333333333336
ON-MAIN-ec0e3472-1,ON-MINCAN-3abfda0f-1,4717.09,Porcupine,Aunor,28.57142857142857,50.0
ON-MAIN-ec0e3472-1,ON-MINCAN-ab48ffa7-1,11944.83,Porcupine,Hoyle Pond,31.57894736842105,46.15384615384615
ON-MAIN-ec0e3472-1,ON-MINCAN-938e5d45-1,8608.74,Porcupine,Bonwhit,25.0,28.57142857142857
ON-MAIN-ec0e3472-1,ON-MINCAN-06b71c99-1,5379.14,Porcupine,,46.15384615384615,66.66666666666667
ON-MAIN-ec0e3472-1,ON-MINCAN-52f8932b-1,0.13,Porcupine,Dome,30.76923076923077,40.0
ON-MAIN-ec0e3472-1,ON-MINCAN-7c3d9cb4-1,4978.26,Porcupine,,46.15384615384615,66.66666666666667
ON-MAIN-ec0e3472-1,ON-MINCAN-50f38af5-1,955.89,Porcupine,,46.15384615384615,66.66666666666667
ON-MAIN-ec0e3472-1,ON-MINCAN-25980abf-1,11981.68,Porcupine,Bell Creek,21.052631578947366,30.76923076923077
ON-MAIN-87eff5d8-1,ON-MINCAN-5f254d07-1,5093.43,Bell Creek,,14.28571428571429,33.333333333333336
ON-MAIN-87eff5d8-1,ON-MINCAN-d0b499b7-1,4688.64,Bell Creek,,14.28571428571429,33.333333333333336
ON-MAIN-87eff5d8-1,ON-MINCAN-79615968-1,2864.67,Bell Creek,Owl Creek,73.6842105263158,87.5
ON-MAIN-87eff5d8-1,ON-MINCAN-f24d24cd-1,5751.56,Bell Creek,Pamour,12.5,19.999999999999996
ON-MAIN-87eff5d8-1,ON-MINCAN-b04333c7-1,4615.1,Bell Creek,Hallnor,35.29411764705882,42.85714285714286
ON-MAIN-87eff5d8-1,ON-MINCAN-1935646c-1,14063.35,Bell Creek,Norandas,11.111111111111116,16.666666666666664
ON-MAIN-87eff5d8-1,ON-MINCAN-8863ccf3-1,11790.36,Bell Creek,Schumacher Division (Former McIntyre) and renamed 1981: Shumacher,13.33333333333333,40.0
ON-MAIN-87eff5d8-1,ON-MINCAN-0b822735-1,5423.69,Bell Creek,,14.28571428571429,33.333333333333336
ON-MAIN-87eff5d8-1,ON-MINCAN-eb1e3a56-1,12283.25,Bell Creek,Paymaster,21.052631578947366,25.0
ON-MAIN-87eff5d8-1,ON-MINCAN-6ed98edb-1,9982.28,Bell Creek,Coniaurum,21.052631578947366,28.57142857142857
ON-MAIN-87eff5d8-1,ON-MINCAN-bc12cac7-1,5462.0,Bell Creek,,14.28571428571429,33.333333333333336
ON-MAIN-87eff5d8-1,ON-MINCAN-64ef8584-1,6917.07,Bell Creek,Hoyle,26.66666666666667,40.0
ON-MAIN-87eff5d8-1,ON-MINCAN-55df954e-1,5749.5,Bell Creek,No.3,0.0,0.0
ON-MAIN-87eff5d8-1,ON-MINCAN-3abfda0f-1,15239.55,Bell Creek,Aunor,13.33333333333333,22.22222222222222
ON-MAIN-87eff5d8-1,ON-MINCAN-ab48ffa7-1,2162.13,Bell Creek,Hoyle Pond,19.999999999999996,26.66666666666667
ON-MAIN-87eff5d8-1,ON-MINCAN-938e5d45-1,4340.69,Bell Creek,Bonwhit,11.764705882352944,25.0
ON-MAIN-87eff5d8-1,ON-MINCAN-06b71c99-1,6767.62,Bell Creek,,14.28571428571429,33.333333333333336
ON-MAIN-87eff5d8-1,ON-MINCAN-52f8932b-1,11062.06,Bell Creek,Dome,14.28571428571429,33.333333333333336
ON-MAIN-87eff5d8-1,ON-MINCAN-12ff1b95-1,16446.89,Bell Creek,Nighthawk Lake,16.666666666666664,26.66666666666667
ON-MAIN-87eff5d8-1,ON-MINCAN-7c3d9cb4-1,15623.47,Bell Creek,,14.28571428571429,33.333333333333336
ON-MAIN-87eff5d8-1,ON-MINCAN-50f38af5-1,11799.9,Bell Creek,,14.28571428571429,33.333333333333336
ON-MAIN-87eff5d8-1,ON-MINCAN-25980abf-1,924.2,Bell Creek,Bell Creek,100.0,100.0
ON-MAIN-af364a50-1,ON-MINCAN-648bb024-1,0.0,Timmins West,Timmins,73.6842105263158,100.0
ON-MAIN-af364a50-1,ON-MINCAN-1935646c-1,19399.4,Timmins West,Norandas,19.999999999999996,26.66666666666667
ON-MAIN-af364a50-1,ON-MINCAN-3abfda0f-1,19848.28,Timmins West,Aunor,11.764705882352944,19.999999999999996
ON-MAIN-af364a50-1,ON-MINCAN-7c3d9cb4-1,19699.92,Timmins West,,25.0,28.57142857142857
ON-MAIN-af364a50-1,ON-MINCAN-cebc01bd-1,16807.83,Timmins West,,25.0,28.57142857142857
ON-MAIN-f22b9058-1,ON-MINCAN-b9c1621c-1,0.0,Sugar Zone,Sugar Zone,100.0,100.0
SK-MAIN-fb71dcba-1,SK-MINCAN-b90ec60f-1,0.0,Santoy,Santoy 8,85.71428571428572,100.0
SK-MAIN-fb71dcba-1,SK-MINCAN-8625c904-1,12379.32,Santoy,Seabee,33.333333333333336,50.0
SK-MAIN-409d52eb-1,SK-MINCAN-b90ec60f-1,12916.58,Seabee,Santoy 8,28.57142857142857,50.0
SK-MAIN-409d52eb-1,SK-MINCAN-8625c904-1,589.77,Seabee,Seabee,100.0,100.0
NS-MAIN-7611a9c0-1,NS-MINCAN-e29e6f42-1,0.0,Moose River Consolidated,Moose River Consolidated,100.0,100.0
YT-MAIN-24f21978-1,YT-MINCAN-db162621-1,0.0,Eagle (Dublin Gulch),Eagle (Dublin Gulch),100.0,100.0
ON-MAIN-d0063de8-1,ON-MINCAN-e0027676-1,13792.98,Eagle River,Mishi,12.5,22.22222222222222
ON-MAIN-d0063de8-1,ON-MINCAN-53f0459f-1,269.08,Eagle River,Eagle River,100.0,100.0
QC-MAIN-918440f1-1,QC-MINCAN-031d9b4a-1,5508.02,Kiena,,22.22222222222222,33.333333333333336
QC-MAIN-918440f1-1,QC-MINCAN-6ccb3cc0-1,603.69,Kiena,Kiena,100.0,100.0
QC-MAIN-918440f1-1,QC-MINCAN-88e87266-1,4107.51,Kiena,Goldex,18.181818181818176,28.57142857142857
QC-MAIN-918440f1-1,QC-MINCAN-110653ed-1,19214.52,Kiena,Lac Herbin,26.66666666666667,57.14285714285714
QC-MAIN-918440f1-1,QC-MINCAN-91be3b21-1,14257.55,Kiena,Canadian Malartic,27.27272727272727,44.44444444444444
QC-MAIN-918440f1-1,QC-MINCAN-763f2bdd-1,11462.76,Kiena,Lamarque,15.384615384615385,33.333333333333336
QC-MAIN-918440f1-1,QC-MINCAN-16fe766c-1,5501.85,Kiena,,22.22222222222222,33.333333333333336
QC-MAIN-918440f1-1,QC-MINCAN-71b83c81-1,16579.62,Kiena,Canadian Malartic,27.27272727272727,44.44444444444444
QC-MAIN-918440f1-1,QC-MINCAN-0fe3711a-1,14769.67,Kiena,Mine Barnat (Sladen),31.999999999999996,50.0
QC-MAIN-918440f1-1,QC-MINCAN-2b8cf562-1,16573.52,Kiena,,22.22222222222222,33.333333333333336
QC-MAIN-918440f1-1,QC-MINCAN-7571a53f-1,15800.35,Kiena,Mine East Sullivan (Sullico),18.181818181818176,50.0
QC-MAIN-918440f1-1,QC-MINCAN-1d7f2602-1,19781.33,Kiena,,22.22222222222222,33.333333333333336
QC-MAIN-918440f1-1,QC-MINCAN-94109418-1,6342.06,Kiena,Joubi,19.999999999999996,33.333333333333336
QC-MAIN-918440f1-1,QC-MINCAN-8b33c1d7-1,16470.24,Kiena,Mine Bras D'Or (Zone Dumont),18.181818181818176,50.0
QC-MAIN-918440f1-1,QC-MINCAN-f1f37674-1,17083.34,Kiena,East Amphi,13.33333333333333,33.333333333333336
QC-MAIN-918440f1-1,QC-MINCAN-691404ee-1,14218.02,Kiena,East Malartic,11.111111111111116,28.57142857142857
QC-MAIN-918440f1-1,QC-MINCAN-ae62b622-1,6725.38,Kiena,Norlartic,14.28571428571429,28.57142857142857
QC-MAIN-918440f1-1,QC-MINCAN-508dd259-1,10142.33,Kiena,,22.22222222222222,33.333333333333336
QC-MAIN-918440f1-1,QC-MINCAN-9bfd2efb-1,10103.64,Kiena,,22.22222222222222,33.333333333333336
QC-MAIN-918440f1-1,QC-MINCAN-af9b8623-1,19504.07,Kiena,Mine Ferderber (Belmoral),19.999999999999996,50.0
QC-MAIN-918440f1-1,QC-MINCAN-be2aab84-1,11632.28,Kiena,Sigma,40.0,44.44444444444444
ON-MAIN-36212738-1,ON-MINCAN-e0027676-1,551.25,Mishi,Mishi,100.0,100.0
ON-MAIN-36212738-1,ON-MINCAN-53f0459f-1,14060.47,Mishi,Eagle River,12.5,22.22222222222222
QC-MAIN-efc41be6-1,QC-MINCAN-4b812cdb-1,646.83,Sleeping Giant,Sleeping Giant,100.0,100.0
QC-MAIN-b1e99caf-1,QC-MINCAN-031d9b4a-1,11446.91,Canadian Malartic,,9.523809523809524,28.57142857142857
QC-MAIN-b1e99caf-1,QC-MINCAN-6ccb3cc0-1,15902.5,Canadian Malartic,Kiena,27.27272727272727,44.44444444444444
QC-MAIN-b1e99caf-1,QC-MINCAN-88e87266-1,19527.86,Canadian Malartic,Goldex,8.695652173913048,18.181818181818176
QC-MAIN-b1e99caf-1,QC-MINCAN-715c25ff-1,16769.3,Canadian Malartic,Lapa,19.047619047619047,50.0
QC-MAIN-b1e99caf-1,QC-MINCAN-91be3b21-1,2434.97,Canadian Malartic,Canadian Malartic,100.0,100.0
QC-MAIN-b1e99caf-1,QC-MINCAN-71b83c81-1,994.32,Canadian Malartic,Canadian Malartic,100.0,100.0
QC-MAIN-b1e99caf-1,QC-MINCAN-0fe3711a-1,2199.68,Canadian Malartic,Mine Barnat (Sladen),32.432432432432435,42.85714285714286
QC-MAIN-b1e99caf-1,QC-MINCAN-2b8cf562-1,1137.47,Canadian Malartic,,9.523809523809524,28.57142857142857
QC-MAIN-b1e99caf-1,QC-MINCAN-f1f37674-1,5120.66,Canadian Malartic,East Amphi,22.22222222222222,40.0
QC-MAIN-b1e99caf-1,QC-MINCAN-691404ee-1,2462.89,Canadian Malartic,East Malartic,66.66666666666667,83.33333333333334
QC-MAIN-b1e99caf-1,QC-MINCAN-ae62b622-1,10926.06,Canadian Malartic,Norlartic,46.15384615384615,80.0
QC-MAIN-b1e99caf-1,QC-MINCAN-508dd259-1,8884.96,Canadian Malartic,,9.523809523809524,28.57142857142857
QC-MAIN-b1e99caf-1,QC-MINCAN-9bfd2efb-1,7852.24,Canadian Malartic,,9.523809523809524,28.57142857142857
QC-MAIN-547f4bc7-1,QC-MINCAN-031d9b4a-1,9339.4,Goldex,,40.0,50.0
QC-MAIN-547f4bc7-1,QC-MINCAN-6ccb3cc0-1,4592.64,Goldex,Kiena,18.181818181818176,28.57142857142857
QC-MAIN-547f4bc7-1,QC-MINCAN-88e87266-1,0.0,Goldex,Goldex,100.0,100.0
QC-MAIN-547f4bc7-1,QC-MINCAN-110653ed-1,17097.66,Goldex,Lac Herbin,12.5,18.181818181818176
QC-MAIN-547f4bc7-1,QC-MINCAN-91be3b21-1,17464.11,Goldex,Canadian Malartic,8.695652173913048,18.181818181818176
QC-MAIN-547f4bc7-1,QC-MINCAN-763f2bdd-1,8560.01,Goldex,Lamarque,14.28571428571429,28.57142857142857
QC-MAIN-547f4bc7-1,QC-MINCAN-16fe766c-1,4855.61,Goldex,,40.0,50.0
QC-MAIN-547f4bc7-1,QC-MINCAN-71b83c81-1,19449.35,Goldex,Canadian Malartic,8.695652173913048,18.181818181818176
QC-MAIN-547f4bc7-1,QC-MINCAN-0fe3711a-1,18027.28,Goldex,Mine Barnat (Sladen),23.076923076923073,50.0
QC-MAIN-547f4bc7-1,QC-MINCAN-2b8cf562-1,19419.65,Goldex,,40.0,50.0
QC-MAIN-547f4bc7-1,QC-MINCAN-69c7249a-1,19757.19,Goldex,Manitou-Barvue,19.999999999999996,28.57142857142857
QC-MAIN-547f4bc7-1,QC-MINCAN-7571a53f-1,12331.59,Goldex,Mine East Sullivan (Sullico),5.882352941176472,25.0
QC-MAIN-547f4bc7-1,QC-MINCAN-94109418-1,2377.8,Goldex,Joubi,18.181818181818176,28.57142857142857
QC-MAIN-547f4bc7-1,QC-MINCAN-8b33c1d7-1,14214.93,Goldex,Mine Bras D'Or (Zone Dumont),11.764705882352944,33.333333333333336
QC-MAIN-547f4bc7-1,QC-MINCAN-691404ee-1,17421.92,Goldex,East Malartic,10.526315789473683,16.666666666666664
QC-MAIN-547f4bc7-1,QC-MINCAN-ae62b622-1,10672.89,Goldex,Norlartic,26.66666666666667,40.0
QC-MAIN-547f4bc7-1,QC-MINCAN-508dd259-1,14083.44,Goldex,,40.0,50.0
QC-MAIN-547f4bc7-1,QC-MINCAN-9bfd2efb-1,13893.7,Goldex,,40.0,50.0
QC-MAIN-547f4bc7-1,QC-MINCAN-af9b8623-1,17368.03,Goldex,Mine Ferderber (Belmoral),12.903225806451612,36.36363636363637
QC-MAIN-547f4bc7-1,QC-MINCAN-be2aab84-1,8725.71,Goldex,Sigma,0.0,0.0
ON-MAIN-efe5148b-1,ON-MINCAN-8fda0cff-1,3727.07,Macassa,,0.0,0.0
ON-MAIN-efe5148b-1,ON-MINCAN-9b5d7de8-1,1510.61,Macassa,Teck-Hughes,22.22222222222222,25.0
ON-MAIN-efe5148b-1,ON-MINCAN-d6719da3-1,2862.4,Macassa,,0.0,0.0
ON-MAIN-efe5148b-1,ON-MINCAN-6a26b1e9-1,5322.37,Macassa,Lake Shore Tailings,23.076923076923073,28.57142857142857
ON-MAIN-efe5148b-1,ON-MINCAN-fd593431-1,19046.93,Macassa,McBean,46.15384615384615,60.0
ON-MAIN-efe5148b-1,ON-MINCAN-ef96bbdc-1,18544.51,Macassa,,0.0,0.0
ON-MAIN-efe5148b-1,ON-MINCAN-f42b4096-1,2779.76,Macassa,,0.0,0.0
ON-MAIN-efe5148b-1,ON-MINCAN-17516e3c-1,1862.07,Macassa,Macassas,93.33333333333333,100.0
ON-MAIN-efe5148b-1,ON-MINCAN-30fbf307-1,1017.42,Macassa,,0.0,0.0
ON-MAIN-efe5148b-1,ON-MINCAN-5137dcdc-1,13106.7,Macassa,Adams,33.333333333333336,44.44444444444444
ON-MAIN-cb6d25a5-1,ON-MINCAN-b91117ba-1,8053.04,Magino,Edwards,15.384615384615385,19.999999999999996
ON-MAIN-cb6d25a5-1,ON-MINCAN-2b3870ec-1,1424.49,Magino,Island Gold,35.29411764705882,50.0
ON-MAIN-cb6d25a5-1,ON-MINCAN-26c0bf07-1,707.23,Magino,Magino,100.0,100.0
ON-MAIN-cb6d25a5-1,ON-MINCAN-9c4275cb-1,14455.38,Magino,Cobatec Operations,25.0,50.0
ON-MAIN-578ec529-1,ON-MINCAN-0609f792-1,5984.95,Red Lake,Cochenour,11.764705882352944,15.384615384615385
ON-MAIN-578ec529-1,ON-MINCAN-0220b05c-1,16898.68,Red Lake,PureGold,25.0,36.36363636363637
ON-MAIN-578ec529-1,ON-MINCAN-ad0b9966-1,4975.51,Red Lake,,16.666666666666664,40.0
ON-MAIN-578ec529-1,ON-MINCAN-68c270e4-1,5942.34,Red Lake,,16.666666666666664,40.0
ON-MAIN-578ec529-1,ON-MINCAN-594b7a5f-1,15829.84,Red Lake,Madsen,28.57142857142857,44.44444444444444
ON-MAIN-578ec529-1,ON-MINCAN-e0c2713e-1,7221.61,Red Lake,,16.666666666666664,40.0
ON-MAIN-578ec529-1,ON-MINCAN-532daf5f-1,17779.31,Red Lake,Sapawe,28.57142857142857,44.44444444444444
ON-MAIN-578ec529-1,ON-MINCAN-df869672-1,1228.06,Red Lake,,16.666666666666664,40.0
ON-MAIN-578ec529-1,ON-MINCAN-99cf503e-1,1334.34,Red Lake,Campbell,25.0,36.36363636363637
ON-MAIN-578ec529-1,ON-MINCAN-887eae24-1,1212.31,Red Lake,Robin Red Lake,72.72727272727273,100.0
ON-MAIN-578ec529-1,ON-MINCAN-3c142878-1,6057.59,Red Lake,Cochenour ,22.22222222222222,28.57142857142857
ON-MAIN-578ec529-1,ON-MINCAN-9677b855-1,2945.32,Red Lake,,16.666666666666664,40.0
ON-MAIN-578ec529-1,ON-MINCAN-e7432f46-1,1079.67,Red Lake,Red Lake,100.0,100.0
QC-MAIN-e3cedb7d-1,QC-MINCAN-819d86fb-1,52.79,Casa Berardi,Casa Berardi,100.0,100.0
QC-MAIN-20601058-1,QC-MINCAN-7d9df308-1,3664.27,Westwood-Doyon,Bousquet (No. 1 and 2),22.22222222222222,28.57142857142857
QC-MAIN-20601058-1,QC-MINCAN-e4d959fa-1,1281.18,Westwood-Doyon,Doyon or Silverstack,29.411764705882348,52.63157894736843
QC-MAIN-20601058-1,QC-MINCAN-77cfd85f-1,4535.61,Westwood-Doyon,LaRonde,19.047619047619047,44.44444444444444
QC-MAIN-20601058-1,QC-MINCAN-715c25ff-1,16201.78,Westwood-Doyon,Lapa,0.0,0.0
QC-MAIN-20601058-1,QC-MINCAN-412a39fb-1,0.0,Westwood-Doyon,Westwood,72.72727272727273,100.0
QC-MAIN-20601058-1,QC-MINCAN-a13e2432-1,3776.63,Westwood-Doyon,LaRonde - Zone 5,33.333333333333336,37.03703703703704
QC-MAIN-20601058-1,QC-MINCAN-20e55776-1,7732.68,Westwood-Doyon,Darius O'Brien,14.28571428571429,25.0
QC-MAIN-20601058-1,QC-MINCAN-0689280c-1,12672.26,Westwood-Doyon,,22.22222222222222,66.66666666666667
QC-MAIN-20601058-1,QC-MINCAN-3bf60dbf-1,5541.74,Westwood-Doyon,Mouska,9.999999999999998,25.0
QC-MAIN-20601058-1,QC-MINCAN-4f513f0e-1,11522.41,Westwood-Doyon,,22.22222222222222,66.66666666666667
QC-MAIN-20601058-1,QC-MINCAN-d1e10929-1,5156.92,Westwood-Doyon,,22.22222222222222,66.66666666666667
ON-MAIN-bfbfae34-1,ON-MINCAN-f7198216-1,0.0,Rainy River,Rainy River,100.0,100.0
BC-MAIN-6709f0d0-1,BC-MINCAN-27eb2bde-1,0.0,Brucejack,Brucejack,100.0,100.0
ON-MAIN-46afc5a3-1,ON-MINCAN-12207ab1-1,1974.44,Musselwhite,Musselwhite,100.0,100.0
MB-MAIN-8f99fefb-1,MB-MINCAN-00054fac-1,8670.85,New Britannia,Lalor Lake,17.391304347826086,26.66666666666667
MB-MAIN-8f99fefb-1,MB-MINCAN-721c34cc-1,6353.24,New Britannia,Stall Lake,26.086956521739136,37.5
MB-MAIN-8f99fefb-1,MB-MINCAN-e8b956b8-1,3116.63,New Britannia,New Britannia ( Nor-Acme),68.42105263157895,100.0
MB-MAIN-8f99fefb-1,MB-MINCAN-f0a27533-1,8119.0,New Britannia,Chisel Lake,25.0,30.76923076923077
MB-MAIN-8f99fefb-1,MB-MINCAN-4b4107b7-1,5752.63,New Britannia,Photo Lake,17.391304347826086,25.0
BC-MAIN-e6cded7f-1,BC-MINCAN-9fe7c7f0-1,17447.73,Mount Polley,QR,0.0,0.0
BC-MAIN-e6cded7f-1,BC-MINCAN-dbe3dc52-1,0.0,Mount Polley,Mount Polly or Mount Polley,61.53846153846154,100.0
BC-MAIN-bc178f67-1,BC-MINCAN-f56ec127-1,0.0,New Afton,New Afton,100.0,100.0
BC-MAIN-bc178f67-1,BC-MINCAN-730b02d8-1,71.34,New Afton,,46.15384615384615,66.66666666666667
BC-MAIN-bc178f67-1,BC-MINCAN-8d8525fb-1,9676.35,New Afton,Afton-Ajax,52.63157894736843,71.42857142857143
BC-MAIN-95797c9b-1,BC-MINCAN-c4a6066e-1,0.0,Red Chris,Red Chris,100.0,100.0
MB-MAIN-1136efa4-1,MB-MINCAN-00054fac-1,13240.41,Stall Lake,Lalor Lake,70.0,77.77777777777779
MB-MAIN-1136efa4-1,MB-MINCAN-721c34cc-1,501.63,Stall Lake,Stall Lake,100.0,100.0
MB-MAIN-1136efa4-1,MB-MINCAN-e8b956b8-1,5563.25,Stall Lake,New Britannia ( Nor-Acme),22.857142857142854,30.000000000000004
MB-MAIN-1136efa4-1,MB-MINCAN-f0a27533-1,11085.41,Stall Lake,Chisel Lake,57.14285714285714,75.0
MB-MAIN-1136efa4-1,MB-MINCAN-4b4107b7-1,9942.53,Stall Lake,Photo Lake,60.0,70.58823529411764
MB-MAIN-fd93bf0f-1,MB-MINCAN-00054fac-1,1457.75,Lalor Lake,Lalor Lake,100.0,100.0
MB-MAIN-fd93bf0f-1,MB-MINCAN-721c34cc-1,12174.31,Lalor Lake,Stall Lake,70.0,77.77777777777779
MB-MAIN-fd93bf0f-1,MB-MINCAN-e8b956b8-1,6367.16,Lalor Lake,New Britannia ( Nor-Acme),22.857142857142854,33.333333333333336
MB-MAIN-fd93bf0f-1,MB-MINCAN-f0a27533-1,3645.07,Lalor Lake,Chisel Lake,57.14285714285714,75.0
MB-MAIN-fd93bf0f-1,MB-MINCAN-4b4107b7-1,2069.56,Lalor Lake,Photo Lake,60.0,75.0
QC-MAIN-44440aa8-1,QC-MINCAN-7d9df308-1,1872.07,LaRonde,Bousquet (No. 1 and 2),20.68965517241379,46.15384615384615
QC-MAIN-44440aa8-1,QC-MINCAN-e4d959fa-1,6807.59,LaRonde,Doyon or Silverstack,22.22222222222222,33.333333333333336
QC-MAIN-44440aa8-1,QC-MINCAN-77cfd85f-1,1017.16,LaRonde,LaRonde,100.0,100.0
QC-MAIN-44440aa8-1,QC-MINCAN-715c25ff-1,10704.88,LaRonde,Lapa,36.36363636363637,66.66666666666667
QC-MAIN-44440aa8-1,QC-MINCAN-412a39fb-1,5533.19,LaRonde,Westwood,26.66666666666667,44.44444444444444
QC-MAIN-44440aa8-1,QC-MINCAN-a13e2432-1,1766.87,LaRonde,LaRonde - Zone 5,60.86956521739131,100.0
QC-MAIN-44440aa8-1,QC-MINCAN-20e55776-1,2671.87,LaRonde,Darius O'Brien,19.047619047619047,25.0
QC-MAIN-44440aa8-1,QC-MINCAN-0689280c-1,10801.63,LaRonde,,54.54545454545454,75.0
QC-MAIN-44440aa8-1,QC-MINCAN-3bf60dbf-1,10923.27,LaRonde,Mouska,15.384615384615385,25.0
QC-MAIN-44440aa8-1,QC-MINCAN-4f513f0e-1,8380.5,LaRonde,,54.54545454545454,75.0
QC-MAIN-44440aa8-1,QC-MINCAN-d1e10929-1,5854.52,LaRonde,,54.54545454545454,75.0
BC-MAIN-0910057b-1,BC-MINCAN-4153d949-1,1444.3,Brule,Dillon or Brule,50.0,100.0
BC-MAIN-963c4503-1,BC-MINCAN-442bbd4d-1,1357.21,Willow Creek,Willow Creek,100.0,100.0
BC-MAIN-e24a35ee-1,BC-MINCAN-d769f801-1,0.0,Wolverine,Wolverine or Perry Creek,54.54545454545454,100.0
BC-MAIN-e24a35ee-1,BC-MINCAN-1fcdc323-1,16007.2,Wolverine,Bullmoose,22.22222222222222,33.333333333333336
BC-MAIN-e24a35ee-1,BC-MINCAN-85ca0c7e-1,7288.35,Wolverine,Quintette,33.333333333333336,50.0
AB-MAIN-7ae40bd3-1,AB-MINCAN-0211aa43-1,10394.76,Grande Cache,,25.0,50.0
AB-MAIN-7ae40bd3-1,AB-MINCAN-60c6a01c-1,6004.88,Grande Cache,Smoky River,17.391304347826086,23.529411764705888
BC-MAIN-9ae2b136-1,BC-MINCAN-b00b0fae-1,5036.11,Elkview,"Elkview, formely Balmer",46.666666666666664,100.0
BC-MAIN-9ae2b136-1,AB-MINCAN-0ac2d7af-1,15306.21,Elkview,,18.181818181818176,33.333333333333336
BC-MAIN-9ae2b136-1,BC-MINCAN-88ab3146-1,11789.68,Elkview,,18.181818181818176,33.333333333333336
BC-MAIN-fc1cc254-1,BC-MINCAN-10d1c0bc-1,5041.98,Fording River,Greenhills,26.086956521739136,30.000000000000004
BC-MAIN-fc1cc254-1,BC-MINCAN-192196f7-1,826.02,Fording River,Fording River,100.0,100.0
BC-MAIN-c5a3b064-1,BC-MINCAN-10d1c0bc-1,10442.23,Greenhills,Greenhills,100.0,100.0
BC-MAIN-c5a3b064-1,BC-MINCAN-192196f7-1,8915.41,Greenhills,Fording River,26.086956521739136,30.000000000000004
NS-MAIN-d018933a-1,NS-MINCAN-cd275c45-1,9608.58,Donkin,No. 26 Colliery,19.047619047619047,33.333333333333336
NS-MAIN-d018933a-1,NS-MINCAN-759cfa31-1,15860.35,Donkin,,40.0,57.14285714285714
NS-MAIN-d018933a-1,NS-MINCAN-3d43f22e-1,0.0,Donkin,Donkin,100.0,100.0
BC-MAIN-e58d2ef9-1,BC-MINCAN-b00b0fae-1,18443.11,Line Creek,"Elkview, formely Balmer",36.36363636363637,50.0
BC-MAIN-e58d2ef9-1,BC-MINCAN-eab94d1a-1,2365.71,Line Creek,Line Creek,100.0,100.0
AB-MAIN-b18786c7-1,AB-MINCAN-795c63e2-1,0.0,Vista,Vista,100.0,100.0
NS-MAIN-1f720bce-1,NS-MINCAN-298cda33-1,9369.65,Stellarton,,28.57142857142857,66.66666666666667
NS-MAIN-1f720bce-1,NS-MINCAN-9ddf505a-1,9440.96,Stellarton,Acadia Coal Division,19.999999999999996,33.333333333333336
NS-MAIN-1f720bce-1,NS-MINCAN-acfdbca2-1,2452.55,Stellarton,Pioneer or Drummond,27.586206896551722,35.29411764705882
NS-MAIN-1f720bce-1,NS-MINCAN-8abbb1ec-1,2099.23,Stellarton,,28.57142857142857,66.66666666666667
NS-MAIN-1f720bce-1,NS-MINCAN-8fce3e75-1,10289.41,Stellarton,Stellarton,100.0,100.0
AB-MAIN-fe3207ad-1,AB-MINCAN-2f541e4d-1,5817.04,Coal Valley,Coal Valley,100.0,100.0
AB-MAIN-fe3207ad-1,AB-MINCAN-23b195fc-1,744.31,Coal Valley,Foothills,30.000000000000004,35.29411764705882
SK-MAIN-4422e7f6-1,SK-MINCAN-3bc1f864-1,1787.79,Estevan,Shand,33.333333333333336,57.14285714285714
SK-MAIN-4422e7f6-1,SK-MINCAN-c15e828b-1,6914.79,Estevan,Costello (klimax),33.333333333333336,50.0
SK-MAIN-4422e7f6-1,SK-MINCAN-c7f3df18-1,8768.5,Estevan,,18.181818181818176,40.0
SK-MAIN-4422e7f6-1,SK-MINCAN-89072a6f-1,5582.26,Estevan,Taylorton,25.0,40.0
SK-MAIN-4422e7f6-1,SK-MINCAN-fbf84898-1,5027.9,Estevan,Sutherland,47.05882352941176,57.14285714285714
SK-MAIN-4422e7f6-1,SK-MINCAN-cedf76a8-1,5506.31,Estevan,Souris Valley,19.999999999999996,28.57142857142857
SK-MAIN-4422e7f6-1,SK-MINCAN-6cfbe7e4-1,6168.8,Estevan,,18.181818181818176,40.0
SK-MAIN-4422e7f6-1,SK-MINCAN-d6506c83-1,10930.04,Estevan,Unity,16.666666666666664,33.333333333333336
SK-MAIN-4422e7f6-1,SK-MINCAN-23cd80c1-1,11521.48,Estevan,Boundary Dam,10.526315789473683,22.22222222222222
AB-MAIN-0d96b8b1-1,AB-MINCAN-e3b99ebc-1,6482.88,Genesee,Genesee,100.0,100.0
SK-MAIN-bba063c3-1,SK-MINCAN-54b2c062-1,14297.87,Poplar River,Poplar River,100.0,100.0
MB-MAIN-27fe043e-1,MB-MINCAN-790a0aab-1,4445.15,Tanco,,22.22222222222222,40.0
MB-MAIN-27fe043e-1,MB-MINCAN-c847d0c2-1,171.33,Tanco,Bernic Lake,25.0,40.0
NL-MAIN-3fb87140-1,NL-MINCAN-6930839b-1,4.85,Nugget Pond,Nugget Pond,100.0,100.0
BC-MAIN-040f6522-1,BC-MINCAN-8949085c-1,6.44,Highland Valley,,21.052631578947366,33.333333333333336
BC-MAIN-040f6522-1,BC-MINCAN-7d267a08-1,3427.11,Highland Valley,Alwin,19.999999999999996,40.0
BC-MAIN-040f6522-1,BC-MINCAN-e670f9f2-1,4491.76,Highland Valley,,21.052631578947366,33.333333333333336
BC-MAIN-040f6522-1,BC-MINCAN-7a1ba884-1,3914.46,Highland Valley,,21.052631578947366,33.333333333333336
BC-MAIN-040f6522-1,BC-MINCAN-71e69ab5-1,6933.3,Highland Valley,Highmont,43.47826086956522,66.66666666666667
BC-MAIN-15627f87-1,BC-MINCAN-dd00f073-1,0.0,Mount Milligan,Mt Milligan,88.0,95.23809523809523
NL-MAIN-bd410410-1,NL-MINCAN-f7d269e2-1,3520.45,Ming,Rambler Tailings,30.000000000000004,75.0
NL-MAIN-bd410410-1,NL-MINCAN-e8bb29c4-1,5812.82,Ming,Pine Cove,30.76923076923077,57.14285714285714
NL-MAIN-bd410410-1,NL-MINCAN-e8fb5f67-1,10711.99,Ming,,25.0,33.333333333333336
NL-MAIN-bd410410-1,NL-MINCAN-e8e7478f-1,5702.65,Ming,Stog’er Tight,23.529411764705888,50.0
NL-MAIN-bd410410-1,NL-MINCAN-28bb767c-1,10489.51,Ming,Baie Verte Tailings,26.086956521739136,75.0
NL-MAIN-bd410410-1,NL-MINCAN-fc6413b6-1,39.16,Ming,Ming,100.0,100.0
BC-MAIN-435152ad-1,BC-MINCAN-ea523fbc-1,1917.76,Copper Mountain,Similkameen Division,22.857142857142854,30.76923076923077
BC-MAIN-435152ad-1,BC-MINCAN-61eda1b9-1,0.0,Copper Mountain,Copper Mountain,100.0,100.0
BC-MAIN-435152ad-1,BC-MINCAN-ca9df50e-1,85.09,Copper Mountain,Similco,9.090909090909093,22.22222222222222
YT-MAIN-68063961-1,YT-MINCAN-aaceac2c-1,569.56,Minto,Minto,100.0,100.0
BC-MAIN-1342ed5d-1,BC-MINCAN-15e6ab4d-1,150.27,Gibraltar,Gibraltar,100.0,100.0
ON-MAIN-dcf3194d-1,ON-MINCAN-70359cf2-1,2568.32,McCreedy West,Onaping/Craig,15.384615384615385,23.529411764705888
ON-MAIN-dcf3194d-1,ON-MINCAN-0f7776c6-1,5322.37,McCreedy West,Fraser,21.052631578947366,36.36363636363637
ON-MAIN-dcf3194d-1,ON-MINCAN-89f0a33e-1,18292.75,McCreedy West,,11.764705882352944,28.57142857142857
ON-MAIN-dcf3194d-1,ON-MINCAN-64e7bb0f-1,19.4,McCreedy West,McCreedy West,100.0,100.0
ON-MAIN-dcf3194d-1,ON-MINCAN-c31c3137-1,3017.32,McCreedy West,Levack,10.526315789473683,25.0
ON-MAIN-af5d904f-1,ON-MINCAN-9c4cf6b5-1,300.37,Kidd Creek,Kidd Creek,100.0,100.0
NT-MAIN-7e17e361-1,NT-MINCAN-31a595ad-1,481.75,Ekati,Panda (Ekati Project),38.46153846153846,100.0
NT-MAIN-debdc8cf-1,NT-MINCAN-a4629f05-1,0.0,Gahcho Kué,Gahcho Kué,100.0,100.0
NT-MAIN-72d9e68b-1,,,Diavik,,,
QC-MAIN-410d5427-1,QC-MINCAN-e750aa3f-1,0.0,Renard,Renard,100.0,100.0
QC-MAIN-31468429-1,QC-MINCAN-8bf0bbe8-1,1364.18,Fire Lake,Fire Lake,100.0,100.0
QC-MAIN-e37f7069-1,QC-MINCAN-d08b89e0-1,9701.02,Mont-Wright,Bloom Lake,9.523809523809524,16.666666666666664
QC-MAIN-e37f7069-1,QC-MINCAN-91ba8983-1,1695.15,Mont-Wright,Mount Wright,86.95652173913044,81.81818181818181
NU-MAIN-2375f916-1,,,Mary River,,,
QC-MAIN-a3f1b673-1,QC-MINCAN-d08b89e0-1,0.0,Bloom Lake,Bloom Lake,100.0,100.0
QC-MAIN-a3f1b673-1,QC-MINCAN-91ba8983-1,11126.78,Bloom Lake,Mount Wright,18.181818181818176,25.0
NL-MAIN-2d168cf5-1,NL-MINCAN-b923ff99-1,5863.29,Carol Lake,Shabogamo,31.57894736842105,35.29411764705882
NL-MAIN-2d168cf5-1,NL-MINCAN-ce00d0bf-1,14648.16,Carol Lake,Scully,12.5,18.181818181818176
NL-MAIN-2d168cf5-1,NL-MINCAN-a1937134-1,10903.66,Carol Lake,,28.57142857142857,40.0
NL-MAIN-26e5bd2d-1,NL-MINCAN-b923ff99-1,8852.82,Scully,Shabogamo,13.33333333333333,28.57142857142857
NL-MAIN-26e5bd2d-1,NL-MINCAN-ce00d0bf-1,0.0,Scully,Scully,100.0,100.0
NL-MAIN-26e5bd2d-1,NL-MINCAN-a1937134-1,3750.8,Scully,,0.0,0.0
NL-MAIN-c5737f5f-1,NL-MINCAN-d243527b-1,18114.9,DSO (3 and 4),James,11.111111111111116,19.999999999999996
NL-MAIN-c5737f5f-1,QC-MINCAN-1b912dea-1,19304.46,DSO (3 and 4),,11.764705882352944,25.0
QC-MAIN-696faf4f-1,QC-MINCAN-d64e4f80-1,0.0,DSO (Goodwood),DSO (Goodwood),100.0,100.0
QC-MAIN-dc872009-1,QC-MINCAN-ddb0e2e4-1,190.38,Lac Tio,Tio (Lake Tio or Allard Lake),33.333333333333336,71.42857142857143
QC-MAIN-4c223b8f-1,QC-MINCAN-161fdd27-1,4.46,North American Lithium,North American Lithium,100.0,100.0
QC-MAIN-4c223b8f-1,QC-MINCAN-d2b61c3b-1,15658.8,North American Lithium,,23.076923076923073,66.66666666666667
QC-MAIN-4c223b8f-1,QC-MINCAN-1d7f2602-1,19406.16,North American Lithium,,23.076923076923073,66.66666666666667
QC-MAIN-4c223b8f-1,QC-MINCAN-7a3dcb3d-1,75.73,North American Lithium,Lacorne,20.68965517241379,40.0
QC-MAIN-a55bfb50-1,QC-MINCAN-e8b2ee35-1,11511.18,Niobec,,60.0,57.14285714285714
QC-MAIN-a55bfb50-1,QC-MINCAN-007bbc06-1,176.78,Niobec,Niobec,100.0,100.0
MB-MAIN-c8fbe1c0-1,MB-MINCAN-9ce51a0d-1,5301.54,Thompson (T-1 and T-3),Birchtree,6.451612903225811,18.181818181818176
MB-MAIN-c8fbe1c0-1,MB-MINCAN-1a35b7d5-1,692.45,Thompson (T-1 and T-3),Thompson,53.333333333333336,100.0
MB-MAIN-c8fbe1c0-1,MB-MINCAN-4748e064-1,5143.69,Thompson (T-1 and T-3),Birchtree,6.451612903225811,18.181818181818176
NL-MAIN-be92136a-1,NL-MINCAN-0dc09980-1,376.77,Voisey’s Bay,Voisey's Bay,91.66666666666666,91.66666666666666
ON-MAIN-7b682137-1,ON-MINCAN-bd355fd9-1,14040.01,Nickel Rim South,Grandoro,8.333333333333337,16.666666666666664
ON-MAIN-7b682137-1,ON-MINCAN-d48867e3-1,14749.21,Nickel Rim South,Podolsky,8.333333333333337,16.666666666666664
ON-MAIN-7b682137-1,ON-MINCAN-218115ec-1,18605.99,Nickel Rim South,Thayer-Lindsley,12.903225806451612,19.999999999999996
ON-MAIN-7b682137-1,ON-MINCAN-f110e3cb-1,6629.19,Nickel Rim South,,19.999999999999996,40.0
ON-MAIN-7b682137-1,ON-MINCAN-04f032dd-1,8755.76,Nickel Rim South,5s,0.0,0.0
ON-MAIN-7b682137-1,ON-MINCAN-02577c61-1,17000.38,Nickel Rim South,Street Township,25.806451612903224,30.000000000000004
ON-MAIN-7b682137-1,ON-MINCAN-765e5a18-1,1913.25,Nickel Rim South,,19.999999999999996,40.0
ON-MAIN-8d7da620-1,ON-MINCAN-72327010-1,2342.29,Totten,"Gersdorffite, AER, and  Kidd Copper or  Howland Pit",14.035087719298245,33.333333333333336
ON-MAIN-8d7da620-1,ON-MINCAN-7e7b81e4-1,11732.69,Totten,Lockerby,28.57142857142857,36.36363636363637
ON-MAIN-8d7da620-1,ON-MINCAN-13049367-1,0.0,Totten,Totten,100.0,100.0
ON-MAIN-8d7da620-1,ON-MINCAN-84fac0aa-1,11592.13,Totten,Ellen or Helen,30.000000000000004,50.0
ON-MAIN-8d7da620-1,ON-MINCAN-606b270f-1,14363.5,Totten,Agnew Lake,12.5,28.57142857142857
ON-MAIN-e79f2bec-1,ON-MINCAN-70359cf2-1,3783.41,Strathcona,Onaping/Craig,26.086956521739136,30.76923076923077
ON-MAIN-e79f2bec-1,ON-MINCAN-0f7776c6-1,1155.52,Strathcona,Fraser,25.0,40.0
ON-MAIN-e79f2bec-1,ON-MINCAN-89f0a33e-1,12445.74,Strathcona,,28.57142857142857,57.14285714285714
ON-MAIN-e79f2bec-1,ON-MINCAN-64e7bb0f-1,5876.92,Strathcona,McCreedy West,17.391304347826086,19.999999999999996
ON-MAIN-e79f2bec-1,ON-MINCAN-c31c3137-1,3070.78,Strathcona,Levack,25.0,33.333333333333336
ON-MAIN-22af9c76-1,ON-MINCAN-08a4dc13-1,7004.84,Clarabelle,Frood or Stobie,24.0,33.333333333333336
ON-MAIN-22af9c76-1,ON-MINCAN-218115ec-1,8890.48,Clarabelle,Thayer-Lindsley,31.999999999999996,30.76923076923077
ON-MAIN-22af9c76-1,ON-MINCAN-75d21a18-1,2230.43,Clarabelle,Murray,25.0,36.36363636363637
ON-MAIN-22af9c76-1,ON-MINCAN-44a9da0f-1,2935.93,Clarabelle,Copper Cliff,27.27272727272727,31.57894736842105
ON-MAIN-48489720-1,ON-MINCAN-70359cf2-1,4258.98,Coleman,Onaping/Craig,19.999999999999996,33.333333333333336
ON-MAIN-48489720-1,ON-MINCAN-0f7776c6-1,1560.47,Coleman,Fraser,15.384615384615385,25.0
ON-MAIN-48489720-1,ON-MINCAN-89f0a33e-1,11978.59,Coleman,,36.36363636363637,50.0
ON-MAIN-48489720-1,ON-MINCAN-64e7bb0f-1,6330.19,Coleman,McCreedy West,19.999999999999996,33.333333333333336
ON-MAIN-48489720-1,ON-MINCAN-c31c3137-1,3478.52,Coleman,Levack,30.76923076923077,40.0
ON-MAIN-20ca68bc-1,ON-MINCAN-08a4dc13-1,7982.25,Copper Cliff Complex,Frood or Stobie,28.57142857142857,33.333333333333336
ON-MAIN-20ca68bc-1,ON-MINCAN-218115ec-1,9807.39,Copper Cliff Complex,Thayer-Lindsley,28.57142857142857,33.333333333333336
ON-MAIN-20ca68bc-1,ON-MINCAN-75d21a18-1,2627.44,Copper Cliff Complex,Murray,7.692307692307687,16.666666666666664
ON-MAIN-20ca68bc-1,ON-MINCAN-44a9da0f-1,2149.33,Copper Cliff Complex,Copper Cliff,75.0,100.0
ON-MAIN-9e805c41-1,ON-MINCAN-7e7b81e4-1,11641.85,Creighton,Lockerby,11.764705882352944,19.999999999999996
ON-MAIN-9e805c41-1,ON-MINCAN-08a4dc13-1,16698.71,Creighton,Frood or Stobie,25.0,35.29411764705882
ON-MAIN-9e805c41-1,ON-MINCAN-218115ec-1,17955.73,Creighton,Thayer-Lindsley,25.0,33.333333333333336
ON-MAIN-9e805c41-1,ON-MINCAN-75d21a18-1,10419.93,Creighton,Murray,13.33333333333333,25.0
ON-MAIN-9e805c41-1,ON-MINCAN-44a9da0f-1,8630.49,Creighton,Copper Cliff,28.57142857142857,36.36363636363637
ON-MAIN-9e805c41-1,ON-MINCAN-84fac0aa-1,11753.95,Creighton,Ellen or Helen,26.086956521739136,37.5
ON-MAIN-eba2313b-1,ON-MINCAN-08a4dc13-1,11010.8,Garson,Frood or Stobie,19.047619047619047,44.44444444444444
ON-MAIN-eba2313b-1,ON-MINCAN-218115ec-1,10476.71,Garson,Thayer-Lindsley,28.57142857142857,33.333333333333336
ON-MAIN-eba2313b-1,ON-MINCAN-75d21a18-1,17223.18,Garson,Murray,16.666666666666664,25.0
ON-MAIN-eba2313b-1,ON-MINCAN-f110e3cb-1,8227.39,Garson,,40.0,66.66666666666667
ON-MAIN-eba2313b-1,ON-MINCAN-44a9da0f-1,19988.5,Garson,Copper Cliff,11.111111111111116,25.0
ON-MAIN-eba2313b-1,ON-MINCAN-04f032dd-1,4986.38,Garson,5s,25.0,50.0
ON-MAIN-eba2313b-1,ON-MINCAN-02577c61-1,19293.45,Garson,Street Township,28.57142857142857,33.333333333333336
ON-MAIN-eba2313b-1,ON-MINCAN-765e5a18-1,12610.44,Garson,,40.0,66.66666666666667
ON-MAIN-2a7426bd-1,ON-MINCAN-70359cf2-1,2973.24,Fraser,Onaping/Craig,21.052631578947366,40.0
ON-MAIN-2a7426bd-1,ON-MINCAN-0f7776c6-1,16.57,Fraser,Fraser,100.0,100.0
ON-MAIN-2a7426bd-1,ON-MINCAN-89f0a33e-1,13231.63,Fraser,,19.999999999999996,33.333333333333336
ON-MAIN-2a7426bd-1,ON-MINCAN-64e7bb0f-1,5327.94,Fraser,McCreedy West,21.052631578947366,36.36363636363637
ON-MAIN-2a7426bd-1,ON-MINCAN-c31c3137-1,2912.59,Fraser,Levack,16.666666666666664,25.0
QC-MAIN-2747f5c0-1,,,Nunavik Nickel,,,
QC-MAIN-5a8a80ca-1,QC-MINCAN-a2d88d0c-1,615.8,Raglan,Raglan,100.0,100.0
ON-MAIN-bf708684-1,ON-MINCAN-404d09c6-1,191.61,Lac des Iles,Lac-des-iles,75.0,75.0
NL-MAIN-f9946847-1,,,Beaver Brook,,,
SK-MAIN-3fcec2e7-1,SK-MINCAN-3501c371-1,0.0,Cigar Lake,Cigar Lake,100.0,100.0
SK-MAIN-cbbe4602-1,SK-MINCAN-3e561b67-1,1296.26,Key Lake,Key Lake,100.0,100.0
SK-MAIN-fa315b6c-1,SK-MINCAN-f272ee80-1,1710.53,McArthur River,McArthur River,100.0,100.0
SK-MAIN-cec62931-1,SK-MINCAN-69e6a135-1,9472.64,McClean Lake,McClean Lake,100.0,100.0
SK-MAIN-cec62931-1,SK-MINCAN-7e4d3bb0-1,17895.32,McClean Lake,Rabbit Lake,52.17391304347826,66.66666666666667
AB-MAIN-088a29d1-1,,,Horizon,,,
AB-MAIN-c1f37e9f-1,,,Jackpine,,,
AB-MAIN-3014a94d-1,,,Muskeg River,,,
AB-MAIN-bfdf3cbd-1,,,Kearl,,,
AB-MAIN-49171f37-1,,,Fort Hills,,,
AB-MAIN-189a0c74-1,,,Millennium and Steepbank,,,
AB-MAIN-0b9235e1-1,,,Aurora North and South,,,
AB-MAIN-2a973ac9-1,,,Mildred Lake,,,
BC-MAIN-eb5b0a1d-1,BC-MINCAN-911406ec-1,1117.69,Myra Falls,Myra Falls,100.0,100.0
QC-MAIN-36e82d90-1,,,A.S.I. - Ste Catherine,,,
NB-MAIN-6593e458-1,NB-MINCAN-da70dfdf-1,14130.83,AIM Recycling Atlantic,,7.692307692307687,25.0
ON-MAIN-0dc1ca23-1,ON-MINCAN-d513d47b-1,18719.95,AIM Recycling Hamilton,Dundas Division,27.027027027027028,38.46153846153846
QC-MAIN-8ca456ee-1,,,AIM Recycling La Prairie,,,
QC-MAIN-a8bc675a-1,,,AIM Recycling Laval,,,
QC-MAIN-4e8715a9-1,QC-MINCAN-23fdfc10-1,18492.22,AIM Recycling Lévis,,8.695652173913048,25.0
QC-MAIN-41c4b402-1,,,AIM Recycling Montréal-Est,,,
ON-MAIN-a4f158ba-1,,,AIM Recycling Ottawa East,,,
ON-MAIN-fc4f3bb2-1,ON-MINCAN-dcd2a2bc-1,565.11,Algoma Steel,,25.0,33.333333333333336
QC-MAIN-a07b1ea4-1,,,Alma,,,
QC-MAIN-9245d5f2-1,,,Alouette,,,
AB-MAIN-0400fad0-1,AB-MINCAN-ee754570-1,5724.7,AltaSteel,,15.384615384615385,33.333333333333336
ON-MAIN-621e4f9d-1,ON-MINCAN-d513d47b-1,16215.49,ArcelorMittal Dofasco,Dundas Division,27.77777777777778,40.0
QC-MAIN-0d3e2477-1,QC-MINCAN-e8b2ee35-1,978.11,Arvida,,0.0,0.0
QC-MAIN-0d3e2477-1,QC-MINCAN-007bbc06-1,11305.35,Arvida,Niobec,16.666666666666664,25.0
QC-MAIN-a80a23b5-1,,,Baie-Comeau,,,
AB-MAIN-d0340ea2-1,AB-MINCAN-c528521d-1,8794.6,Baymag,,0.0,0.0
AB-MAIN-d0340ea2-1,AB-MINCAN-1ed84fb0-1,5357.53,Baymag,,0.0,0.0
QC-MAIN-1cdc4109-1,QC-MINCAN-c56d7297-1,6891.35,Bécancour,,15.384615384615385,28.57142857142857
QC-MAIN-1cdc4109-1,QC-MINCAN-990818d1-1,7898.2,Bécancour,Red Mill (nine miles east of Trois Rivières),11.32075471698113,33.333333333333336
QC-MAIN-e6f9d1aa-1,QC-MINCAN-c56d7297-1,7199.65,Becancour Silicon,,19.047619047619047,66.66666666666667
QC-MAIN-e6f9d1aa-1,QC-MINCAN-990818d1-1,8491.64,Becancour Silicon,Red Mill (nine miles east of Trois Rivières),22.95081967213115,40.0
ON-MAIN-ab3beaca-1,,,Blind River,,,
ON-MAIN-b8eb9cec-1,,,Brampton,,,
ON-MAIN-5d575b1c-1,,,Brampton Division,,,
AB-MAIN-9e5c8260-1,,,Calgary Facility,,,
ON-MAIN-6d63265c-1,ON-MINCAN-0a068a98-1,17649.64,Cambridge Mill,,11.111111111111116,25.0
QC-MAIN-7aedd1d1-1,QC-MINCAN-50208e40-1,15863.64,Canadian Electrolytic Zinc Limited (CEZinc),,12.765957446808507,28.57142857142857
QC-MAIN-7aedd1d1-1,QC-MINCAN-89f9f1d0-1,15463.63,Canadian Electrolytic Zinc Limited (CEZinc),,12.765957446808507,28.57142857142857
QC-MAIN-b82e1010-1,,,CCR,,,
QC-MAIN-e346178b-1,,,Contrecœur East,,,
QC-MAIN-8395491a-1,,,Contrecœur West,,,
QC-MAIN-d5f7f7a9-1,,,Contrecœur-Feruni,,,
ON-MAIN-79b5b7f0-1,ON-MINCAN-08a4dc13-1,8360.02,Copper Cliff Complex,Frood or Stobie,28.57142857142857,33.333333333333336
ON-MAIN-79b5b7f0-1,ON-MINCAN-218115ec-1,10399.75,Copper Cliff Complex,Thayer-Lindsley,28.57142857142857,33.333333333333336
ON-MAIN-79b5b7f0-1,ON-MINCAN-75d21a18-1,3948.96,Copper Cliff Complex,Murray,7.692307692307687,16.666666666666664
ON-MAIN-79b5b7f0-1,ON-MINCAN-44a9da0f-1,1615.95,Copper Cliff Complex,Copper Cliff,75.0,100.0
QC-MAIN-a131cab8-1,,,Deschambault,,,
QC-MAIN-7af0f951-1,QC-MINCAN-e8b2ee35-1,4003.12,Elkem Chicoutimi,,9.999999999999998,25.0
QC-MAIN-7af0f951-1,QC-MINCAN-007bbc06-1,13395.77,Elkem Chicoutimi,Niobec,18.181818181818176,33.333333333333336
SK-MAIN-df629bdd-1,,,EVRAZ Regina,,,
AB-MAIN-e7f96788-1,AB-MINCAN-ee754570-1,8564.36,GenAlta Recycling Inc.,,15.384615384615385,33.333333333333336
AB-MAIN-e7f96788-1,AB-MINCAN-66052df6-1,12863.11,GenAlta Recycling Inc.,,15.384615384615385,33.333333333333336
MB-MAIN-88871a03-1,MB-MINCAN-cc1bc1a8-1,13627.1,General Scrap,,23.529411764705888,50.0
QC-MAIN-4201fced-1,,,General Smelting Company of Canada,,,
QC-MAIN-5dd926d1-1,,,Grande-Baie,,,
ON-MAIN-c630ce3f-1,ON-MINCAN-d513d47b-1,18275.65,Hamilton Parkdale Division,Dundas Division,58.53658536585367,78.57142857142857
ON-MAIN-4181dc29-1,ON-MINCAN-d513d47b-1,14913.9,Hamilton Works,Dundas Division,27.586206896551722,35.29411764705882
QC-MAIN-6ac74402-1,QC-MINCAN-0f26c9a9-1,300.6,Horne,Horne,100.0,100.0
QC-MAIN-6ac74402-1,QC-MINCAN-e90d5d4f-1,2394.58,Horne,Donalda (Keralda),27.27272727272727,50.0
QC-MAIN-6ac74402-1,QC-MINCAN-0db81d04-1,14432.47,Horne,Wasamac 2,0.0,0.0
QC-MAIN-6ac74402-1,QC-MINCAN-6ce0caee-1,392.43,Horne,,66.66666666666667,75.0
QC-MAIN-6ac74402-1,QC-MINCAN-f32da80e-1,9344.6,Horne,Peel-Elder,13.33333333333333,33.333333333333336
QC-MAIN-6ac74402-1,QC-MINCAN-20bb6f96-1,17355.06,Horne,Mobrun (Bouchard-Hebert) ,26.66666666666667,60.0
QC-MAIN-6ac74402-1,QC-MINCAN-95587636-1,5398.64,Horne,Stadacona,28.57142857142857,50.0
QC-MAIN-6ac74402-1,QC-MINCAN-e7c1e0b3-1,15751.86,Horne,Mine Pierre Beauchemin (Eldrich-Flavel),13.636363636363635,44.44444444444444
QC-MAIN-6ac74402-1,QC-MINCAN-e3115dee-1,3897.61,Horne,Don Rouyn and Beaudry Pit,19.999999999999996,50.0
QC-MAIN-6ac74402-1,QC-MINCAN-dd924a47-1,1562.36,Horne,Chadbourne,53.333333333333336,80.0
QC-MAIN-6ac74402-1,QC-MINCAN-4f483107-1,4739.33,Horne,Silidor (Sillidor),17.391304347826086,50.0
QC-MAIN-6ac74402-1,QC-MINCAN-73ce6c60-1,7760.02,Horne,,66.66666666666667,75.0
QC-MAIN-6ac74402-1,QC-MINCAN-1f4c2d0c-1,2848.1,Horne,,66.66666666666667,75.0
QC-MAIN-6ac74402-1,QC-MINCAN-cca75ebd-1,3826.97,Horne,Delbridge (Eldona),17.391304347826086,44.44444444444444
QC-MAIN-6ac74402-1,QC-MINCAN-ee6988f6-1,12922.53,Horne,,66.66666666666667,75.0
QC-MAIN-6ac74402-1,QC-MINCAN-105c2bee-1,525.45,Horne,,66.66666666666667,75.0
QC-MAIN-6ac74402-1,QC-MINCAN-a0e536f5-1,3926.39,Horne,,66.66666666666667,75.0
QC-MAIN-6ac74402-1,QC-MINCAN-52d0fea0-1,2095.7,Horne,,66.66666666666667,75.0
QC-MAIN-6ac74402-1,QC-MINCAN-0d40d432-1,9309.57,Horne,Gallen,18.181818181818176,33.333333333333336
QC-MAIN-6ac74402-1,QC-MINCAN-b8e08033-1,11400.54,Horne,Norbec (Lake Dufault),23.076923076923073,60.0
QC-MAIN-6ac74402-1,QC-MINCAN-04d3b35c-1,16470.86,Horne,,66.66666666666667,75.0
QC-MAIN-6ac74402-1,QC-MINCAN-72d06a8d-1,281.34,Horne,Remnor,36.36363636363637,57.14285714285714
QC-MAIN-6ac74402-1,QC-MINCAN-b31572df-1,13732.16,Horne,Ansil,19.999999999999996,28.57142857142857
MB-MAIN-1d0c2cb3-1,MB-MINCAN-cc1bc1a8-1,6542.1,Industrial Metals,,19.047619047619047,33.333333333333336
ON-MAIN-9326076c-1,QC-MINCAN-1e5cf910-1,17132.35,Ivaco Rolling Mills,Kilmar or Dobbie?,27.77777777777778,35.71428571428571
ON-MAIN-a427926b-1,,,Kingston Operation,,,
BC-MAIN-637c52c2-1,,,Kitimat,,,
ON-MAIN-f7c901fd-1,,,Lake Erie Works,,,
QC-MAIN-ef20c691-1,QC-MINCAN-e8b2ee35-1,14804.83,Laterrière,,14.28571428571429,40.0
NL-MAIN-06a353b2-1,NL-MINCAN-5fc4de00-1,12954.94,Long Harbour,Villa Marie,26.086956521739136,31.57894736842105
MB-MAIN-90b02c47-1,,,Manitoba Mill,,,
ON-MAIN-8869c24c-1,,,Mississauga,,,
ON-MAIN-f43e32c4-1,,,Mississauga,,,
AB-MAIN-feb0ef06-1,,,Navajo Metals Inc.,,,
QC-MAIN-2cd944d9-1,QC-MINCAN-e8b2ee35-1,11453.41,Niobec Converter,,40.0,75.0
QC-MAIN-2cd944d9-1,QC-MINCAN-007bbc06-1,74.99,Niobec Converter,Niobec,54.54545454545454,100.0
ON-MAIN-dd48cf98-1,,,Ottawa,,,
ON-MAIN-2e8f3879-1,,,Ottawa Plant,,,
ON-MAIN-d1b9bbe6-1,,,Port Colborne,,,
ON-MAIN-7aca343d-1,,,Port Hope,,,
QC-MAIN-3af5b4c3-1,,,Port-Cartier,,,
BC-MAIN-bcfb90e1-1,,,Richmond,,,
BC-MAIN-16a191d7-1,,,Richmond,,,
QC-MAIN-662f8a99-1,,,Rio Tinto Iron and Titanium,,,
QC-MAIN-d7a77a42-1,,,Sainte-Catherine,,,
ON-MAIN-41376f49-1,ON-MINCAN-dcd2a2bc-1,2818.95,Sault Ste. Marie Division,,13.793103448275868,66.66666666666667
MB-MAIN-a67682ea-1,,,Selkirk Division,,,
ON-MAIN-cc6e92f1-1,,,Smiths Falls Operation,,,
QC-MAIN-6cad640b-1,,,Sorel Forge,,,
ON-MAIN-ce39294f-1,ON-MINCAN-bd355fd9-1,16517.58,Sudbury,Grandoro,26.66666666666667,36.36363636363637
ON-MAIN-ce39294f-1,ON-MINCAN-08a4dc13-1,15564.66,Sudbury,Frood or Stobie,18.181818181818176,30.76923076923077
ON-MAIN-ce39294f-1,ON-MINCAN-218115ec-1,15012.82,Sudbury,Thayer-Lindsley,18.181818181818176,33.333333333333336
ON-MAIN-ce39294f-1,ON-MINCAN-f110e3cb-1,4093.61,Sudbury,,0.0,0.0
ON-MAIN-ce39294f-1,ON-MINCAN-04f032dd-1,532.4,Sudbury,5s,0.0,0.0
ON-MAIN-ce39294f-1,ON-MINCAN-02577c61-1,14783.09,Sudbury,Street Township,18.181818181818176,40.0
ON-MAIN-ce39294f-1,ON-MINCAN-765e5a18-1,11003.57,Sudbury,,0.0,0.0
AB-MAIN-e029cb1f-1,AB-MINCAN-66052df6-1,2743.4,The Cobalt Refinery Company Inc.,,16.666666666666664,50.0
BC-MAIN-9be7e69d-1,BC-MINCAN-ec317cd6-1,5866.9,Trail,,0.0,0.0
BC-MAIN-9be7e69d-1,BC-MINCAN-a81ad3de-1,8404.33,Trail,,0.0,0.0
QC-MAIN-746467df-1,QC-MINCAN-e8b2ee35-1,1549.04,Vaudreuil,,15.384615384615385,25.0
QC-MAIN-746467df-1,QC-MINCAN-007bbc06-1,11485.06,Vaudreuil,Niobec,13.33333333333333,25.0
BC-MAIN-7470aff6-1,,,Victoria Depot,,,
ON-MAIN-10a30e3e-1,,,Welland Mill,,,
SK-MAIN-42af1816-1,,,Wheat City Metals Inc.,,,
ON-MAIN-34211858-1,,,Whitby Division,,,
ON-MAIN-1252073c-1,,,Whitby Mill,,,
QC-MAIN-f6f57dd6-1,QC-MINCAN-e8b2ee35-1,340.2,Elysis,,0.0,0.0
QC-MAIN-f6f57dd6-1,QC-MINCAN-007bbc06-1,11143.68,Elysis,Niobec,16.666666666666664,25.0
NL-MAIN-f9946847-2,,,Beaver Brook,,,
QC-MAIN-3be44b79-1,,,Lithion St-Bruno,,,
ON-MAIN-e116f385-1,,,Ontario Spoke,,,
AB-MAIN-e2815b92-1,,,Fortune Minerals Refinery,,,
NT-MAIN-47858377-1,NT-MINCAN-28f11dc3-1,14493.49,NICO,,25.0,40.0
ON-MAIN-0df6012f-1,ON-MINCAN-042e85f9-1,6611.98,Battery Materials Park,Haileybury,25.0,47.05882352941176
ON-MAIN-0df6012f-1,ON-MINCAN-9a24f0b8-1,5760.85,Battery Materials Park,Savage (Silver Summit),27.27272727272727,33.333333333333336
ON-MAIN-0df6012f-1,ON-MINCAN-189dfb33-1,977.93,Battery Materials Park,Mud,7.9999999999999964,33.333333333333336
ON-MAIN-0df6012f-1,ON-MINCAN-e27961a9-1,5151.62,Battery Materials Park,,7.692307692307687,25.0
ON-MAIN-0df6012f-1,ON-MINCAN-6edfceae-1,19835.54,Battery Materials Park,,7.692307692307687,25.0
ON-MAIN-0df6012f-1,ON-MINCAN-3c2ecd9c-1,4548.17,Battery Materials Park,,7.692307692307687,25.0
ON-MAIN-0df6012f-1,ON-MINCAN-3b8bed86-1,5157.6,Battery Materials Park,,7.692307692307687,25.0
ON-MAIN-0df6012f-1,ON-MINCAN-6d85ddd3-1,3557.41,Battery Materials Park,"Agnico-Eagle, Nipissing or O'Briens",24.561403508771928,31.818181818181824
ON-MAIN-0df6012f-1,ON-MINCAN-acf745fd-1,3029.93,Battery Materials Park,,7.692307692307687,25.0
ON-MAIN-0df6012f-1,ON-MINCAN-a07dd85f-1,5855.24,Battery Materials Park,,7.692307692307687,25.0
ON-MAIN-0df6012f-1,ON-MINCAN-23294732-1,4400.81,Battery Materials Park,,7.692307692307687,25.0
ON-MAIN-0df6012f-1,ON-MINCAN-7337f236-1,2455.79,Battery Materials Park,Deer Horn or Cross Lake O'Brien,30.188679245283023,36.36363636363637
ON-MAIN-0df6012f-1,ON-MINCAN-fac9ed7c-1,5866.48,Battery Materials Park,,7.692307692307687,25.0
ON-MAIN-0df6012f-1,QC-MINCAN-37bdef50-1,15408.04,Battery Materials Park,,7.692307692307687,25.0
ON-MAIN-0df6012f-1,ON-MINCAN-8aa0f6f4-1,4985.7,Battery Materials Park,Silverfields Division,27.906976744186053,37.5
QC-MAIN-6c3c0289-1,QC-MINCAN-28cc408a-1,2446.49,Corner Bay Complex,Copper Rand,41.379310344827594,60.0
QC-MAIN-6c3c0289-1,QC-MINCAN-9d22631a-1,7344.74,Corner Bay Complex,Norbeau,31.999999999999996,50.0
QC-MAIN-6c3c0289-1,QC-MINCAN-7b3a6a86-1,27.73,Corner Bay Complex,Cedar Bay,51.85185185185186,66.66666666666667
QC-MAIN-6c3c0289-1,QC-MINCAN-2ad0aa18-1,2912.54,Corner Bay Complex,Canadian Merrill or Merrill Island,26.923076923076927,34.48275862068966
QC-MAIN-6c3c0289-1,QC-MINCAN-165a96c1-1,8995.21,Corner Bay Complex,Grandroy,30.76923076923077,50.0
QC-MAIN-6c3c0289-1,QC-MINCAN-aec470bf-1,6361.91,Corner Bay Complex,Duvay-Obalski,19.354838709677423,26.086956521739136
QC-MAIN-6c3c0289-1,QC-MINCAN-83df353d-1,5145.12,Corner Bay Complex,,27.27272727272727,75.0
QC-MAIN-6c3c0289-1,QC-MINCAN-be8332ec-1,3000.07,Corner Bay Complex,Campbell (Main),30.303030303030297,36.36363636363637
QC-MAIN-6c3c0289-1,QC-MINCAN-e9fecc69-1,8566.27,Corner Bay Complex,Portage,31.999999999999996,50.0
QC-MAIN-6c3c0289-1,QC-MINCAN-c3512e2c-1,16369.72,Corner Bay Complex,Gwillum Lake,19.999999999999996,26.66666666666667
QC-MAIN-6c3c0289-1,QC-MINCAN-8d58726c-1,5636.66,Corner Bay Complex,,27.27272727272727,75.0
NL-MAIN-2b03e509-1,,,Great Burnt Lake,,,
BC-MAIN-07ad2be6-1,,,Morrison,,,
BC-MAIN-955f8afa-1,,,North Island,,,
YT-MAIN-411f048c-1,,,Casino,,,
BC-MAIN-832d756d-1,BC-MINCAN-c50c9159-1,8088.67,Ootsa,Huckleberry,0.0,0.0
BC-MAIN-21e4646e-1,BC-MINCAN-f56ec127-1,5114.79,Ajax,New Afton,15.384615384615385,25.0
BC-MAIN-21e4646e-1,BC-MINCAN-730b02d8-1,5175.33,Ajax,,0.0,0.0
BC-MAIN-21e4646e-1,BC-MINCAN-8d8525fb-1,4600.62,Ajax,Afton-Ajax,57.14285714285714,100.0
BC-MAIN-c87d00e6-1,,,Galore Creek,,,
BC-MAIN-b35001c5-1,,,GJ,,,
BC-MAIN-51177ba8-1,BC-MINCAN-7d151bed-1,5020.22,Kemess,Kemess,100.0,100.0
BC-MAIN-5ec20643-1,,,Kwanika,,,
NL-MAIN-bd410410-2,NL-MINCAN-f7d269e2-1,3520.45,Ming,Rambler Tailings,30.000000000000004,75.0
NL-MAIN-bd410410-2,NL-MINCAN-e8bb29c4-1,5812.82,Ming,Pine Cove,30.76923076923077,57.14285714285714
NL-MAIN-bd410410-2,NL-MINCAN-e8fb5f67-1,10711.99,Ming,,25.0,33.333333333333336
NL-MAIN-bd410410-2,NL-MINCAN-e8e7478f-1,5702.65,Ming,Stog’er Tight,23.529411764705888,50.0
NL-MAIN-bd410410-2,NL-MINCAN-28bb767c-1,10489.51,Ming,Baie Verte Tailings,26.086956521739136,75.0
NL-MAIN-bd410410-2,NL-MINCAN-fc6413b6-1,39.16,Ming,Ming,100.0,100.0
YT-MAIN-68063961-2,YT-MINCAN-aaceac2c-1,569.56,Minto,Minto,100.0,100.0
BC-MAIN-89916018-1,,,Yellowhead,,,
YT-MAIN-6943b8cf-1,,,Carmacks,,,
MB-MAIN-84300b33-1,MB-MINCAN-26cfacd2-1,13498.32,Rail,,0.0,0.0
BC-MAIN-6b1be260-1,BC-MINCAN-c50c9159-1,342.75,Huckleberry,Huckleberry,100.0,100.0
BC-MAIN-b799f085-1,,,Berg,,,
BC-MAIN-67ecc2f4-1,,,Schaft Creek,,,
ON-MAIN-099602fd-1,ON-MINCAN-15a80491-1,11706.09,Thierry,,18.181818181818176,25.0
ON-MAIN-099602fd-1,ON-MINCAN-70f0557b-1,19600.42,Thierry,Dona Lake,12.5,25.0
NU-MAIN-5d4f52b4-1,,,High Lake,,,
SK-MAIN-92c5ea59-1,SK-MINCAN-98adaf23-1,3330.65,McIlvenna Bay,Hanson Lake,33.333333333333336,44.44444444444444
BC-MAIN-b6add796-1,,,Kutcho,,,
NL-MAIN-790a609b-1,NL-MINCAN-3464372f-1,0.0,AGS Fluorspar,St. Lawrence,31.999999999999996,34.78260869565217
NL-MAIN-790a609b-1,NL-MINCAN-36162b33-1,6689.78,AGS Fluorspar,,11.764705882352944,25.0
NL-MAIN-790a609b-1,NL-MINCAN-7187a43b-1,110.84,AGS Fluorspar,,11.764705882352944,25.0
NL-MAIN-790a609b-1,NL-MINCAN-7187a43b-2,110.84,AGS Fluorspar,Newfoundland Fluorspar Works,48.78048780487805,76.92307692307692
QC-MAIN-383c2fa3-1,QC-MINCAN-a2686122-1,247.16,Akasaba West,,12.5,28.57142857142857
QC-MAIN-383c2fa3-1,QC-MINCAN-e8d63c0a-1,8871.63,Akasaba West,Louvicourt,9.090909090909093,18.181818181818176
QC-MAIN-383c2fa3-1,QC-MINCAN-110653ed-1,12064.11,Akasaba West,Lac Herbin,27.27272727272727,37.5
QC-MAIN-383c2fa3-1,QC-MINCAN-000287a2-1,19351.78,Akasaba West,Monique,10.526315789473683,19.999999999999996
QC-MAIN-383c2fa3-1,QC-MINCAN-763f2bdd-1,15022.11,Akasaba West,Lamarque,30.000000000000004,37.5
QC-MAIN-383c2fa3-1,QC-MINCAN-69c7249a-1,5685.96,Akasaba West,Manitou-Barvue,23.076923076923073,23.529411764705888
QC-MAIN-383c2fa3-1,QC-MINCAN-7571a53f-1,10443.61,Akasaba West,Mine East Sullivan (Sullico),19.999999999999996,28.57142857142857
QC-MAIN-383c2fa3-1,QC-MINCAN-40fb4e8b-1,13476.41,Akasaba West,Bevcon,11.111111111111116,22.22222222222222
QC-MAIN-383c2fa3-1,QC-MINCAN-8b33c1d7-1,12620.91,Akasaba West,Mine Bras D'Or (Zone Dumont),25.0,27.27272727272727
QC-MAIN-383c2fa3-1,QC-MINCAN-7f574bf8-1,7089.39,Akasaba West,Wrightbar,19.047619047619047,30.76923076923077
QC-MAIN-383c2fa3-1,QC-MINCAN-af9fd9f2-1,12253.37,Akasaba West,"Lucien Beliveau, New Pascalis",19.512195121951216,42.10526315789473
QC-MAIN-383c2fa3-1,QC-MINCAN-531e753e-1,13346.39,Akasaba West,,12.5,28.57142857142857
QC-MAIN-383c2fa3-1,QC-MINCAN-3805ed29-1,2938.04,Akasaba West,Mine Simkar (Louvicourt GoldFields),21.276595744680847,25.0
QC-MAIN-383c2fa3-1,QC-MINCAN-d9a38b82-1,3946.84,Akasaba West,Groleau-Trenholme,13.793103448275868,17.391304347826086
QC-MAIN-383c2fa3-1,QC-MINCAN-be45f36c-1,8371.54,Akasaba West,Louvem,11.111111111111116,22.22222222222222
QC-MAIN-383c2fa3-1,QC-MINCAN-af9b8623-1,11890.51,Akasaba West,Mine Ferderber (Belmoral),16.216216216216218,25.0
QC-MAIN-383c2fa3-1,QC-MINCAN-cf33bc5a-1,13711.67,Akasaba West,Beaufor (Courvan),13.793103448275868,19.999999999999996
QC-MAIN-383c2fa3-1,QC-MINCAN-be2aab84-1,14862.12,Akasaba West,Sigma,11.764705882352944,25.0
BC-MAIN-1638bb75-1,BC-MINCAN-97e057d5-1,9197.39,Golden Crown,Lexington-Grenoble,26.66666666666667,40.0
BC-MAIN-1638bb75-1,BC-MINCAN-193baf11-1,3633.5,Golden Crown,,25.0,57.14285714285714
BC-MAIN-1638bb75-1,BC-MINCAN-bea1265a-1,9660.14,Golden Crown,Mother Lode,34.78260869565217,38.095238095238095
BC-MAIN-1638bb75-1,BC-MINCAN-36086c6e-1,1139.73,Golden Crown,Granby,33.333333333333336,40.0
BC-MAIN-1638bb75-1,BC-MINCAN-9dbd5fc0-1,695.44,Golden Crown,Phoenix (Knob Hill),32.25806451612904,43.47826086956522
BC-MAIN-1638bb75-1,BC-MINCAN-9e6b7ab5-1,8334.22,Golden Crown,,25.0,57.14285714285714
BC-MAIN-ac5c4f8e-1,,,New Prosperity,,,
ON-MAIN-41bc0337-1,ON-MINCAN-ec3f2205-1,13655.5,Upper Beaver,,12.5,33.333333333333336
ON-MAIN-41bc0337-1,ON-MINCAN-8fda0cff-1,19869.92,Upper Beaver,,12.5,33.333333333333336
ON-MAIN-41bc0337-1,ON-MINCAN-6a26b1e9-1,19222.48,Upper Beaver,Lake Shore Tailings,25.806451612903224,33.333333333333336
ON-MAIN-41bc0337-1,ON-MINCAN-fd593431-1,5798.99,Upper Beaver,McBean,33.333333333333336,50.0
ON-MAIN-41bc0337-1,ON-MINCAN-ef96bbdc-1,5144.1,Upper Beaver,,12.5,33.333333333333336
ON-MAIN-41bc0337-1,ON-MINCAN-9e1ae1f9-1,14004.64,Upper Beaver,,12.5,33.333333333333336
ON-MAIN-41bc0337-1,ON-MINCAN-dd43f468-1,743.08,Upper Beaver,Argonaut (Upper Beaver; Huronia),54.54545454545454,100.0
ON-MAIN-41bc0337-1,ON-MINCAN-306e1741-1,8552.03,Upper Beaver,Cheminis,9.999999999999998,19.999999999999996
ON-MAIN-41bc0337-1,ON-MINCAN-984b3ee5-1,6499.91,Upper Beaver,Omega,23.529411764705888,40.0
ON-MAIN-41bc0337-1,ON-MINCAN-5137dcdc-1,16512.79,Upper Beaver,Adams,11.764705882352944,22.22222222222222
QC-MAIN-5d1776d5-1,QC-MINCAN-2bce3439-1,478.48,Troilus,Troilus,100.0,100.0
BC-MAIN-18aacb3e-1,BC-MINCAN-cf28b91a-1,4920.63,Iskut,,0.0,0.0
BC-MAIN-18aacb3e-1,BC-MINCAN-43a5cc5b-1,1004.02,Iskut,Snip,0.0,0.0
BC-MAIN-853363d1-1,BC-MINCAN-27eb2bde-1,7160.09,KSM,Brucejack,0.0,0.0
QC-MAIN-1b3434ee-1,QC-MINCAN-0f26c9a9-1,130.35,Horne 5,Horne,83.33333333333334,100.0
QC-MAIN-1b3434ee-1,QC-MINCAN-e90d5d4f-1,1981.65,Horne 5,Donalda (Keralda),25.0,40.0
QC-MAIN-1b3434ee-1,QC-MINCAN-0db81d04-1,14856.01,Horne 5,Wasamac 2,0.0,0.0
QC-MAIN-1b3434ee-1,QC-MINCAN-6ce0caee-1,698.24,Horne 5,,54.54545454545454,75.0
QC-MAIN-1b3434ee-1,QC-MINCAN-f32da80e-1,9691.66,Horne 5,Peel-Elder,11.764705882352944,25.0
QC-MAIN-1b3434ee-1,QC-MINCAN-20bb6f96-1,17073.88,Horne 5,Mobrun (Bouchard-Hebert) ,25.0,46.15384615384615
QC-MAIN-1b3434ee-1,QC-MINCAN-95587636-1,5593.09,Horne 5,Stadacona,25.0,40.0
QC-MAIN-1b3434ee-1,QC-MINCAN-e7c1e0b3-1,16077.19,Horne 5,Mine Pierre Beauchemin (Eldrich-Flavel),13.043478260869568,36.36363636363637
QC-MAIN-1b3434ee-1,QC-MINCAN-e3115dee-1,4319.13,Horne 5,Don Rouyn and Beaudry Pit,18.75,40.0
QC-MAIN-1b3434ee-1,QC-MINCAN-dd924a47-1,1969.31,Horne 5,Chadbourne,47.05882352941176,66.66666666666667
QC-MAIN-1b3434ee-1,QC-MINCAN-4f483107-1,5155.8,Horne 5,Silidor (Sillidor),16.000000000000004,40.0
QC-MAIN-1b3434ee-1,QC-MINCAN-73ce6c60-1,7932.53,Horne 5,,54.54545454545454,75.0
QC-MAIN-1b3434ee-1,QC-MINCAN-1f4c2d0c-1,3205.05,Horne 5,,54.54545454545454,75.0
QC-MAIN-1b3434ee-1,QC-MINCAN-cca75ebd-1,3401.53,Horne 5,Delbridge (Eldona),16.000000000000004,36.36363636363637
QC-MAIN-1b3434ee-1,QC-MINCAN-ee6988f6-1,13001.89,Horne 5,,54.54545454545454,75.0
QC-MAIN-1b3434ee-1,QC-MINCAN-105c2bee-1,724.71,Horne 5,,54.54545454545454,75.0
QC-MAIN-1b3434ee-1,QC-MINCAN-a0e536f5-1,4318.58,Horne 5,,54.54545454545454,75.0
QC-MAIN-1b3434ee-1,QC-MINCAN-52d0fea0-1,2281.28,Horne 5,,54.54545454545454,75.0
QC-MAIN-1b3434ee-1,QC-MINCAN-0d40d432-1,9022.4,Horne 5,Gallen,15.384615384615385,22.22222222222222
QC-MAIN-1b3434ee-1,QC-MINCAN-b8e08033-1,11414.11,Horne 5,Norbec (Lake Dufault),21.42857142857143,50.0
QC-MAIN-1b3434ee-1,QC-MINCAN-04d3b35c-1,16774.07,Horne 5,,54.54545454545454,75.0
QC-MAIN-1b3434ee-1,QC-MINCAN-72d06a8d-1,161.41,Horne 5,Remnor,30.76923076923077,44.44444444444444
QC-MAIN-1b3434ee-1,QC-MINCAN-b31572df-1,13886.93,Horne 5,Ansil,16.666666666666664,22.22222222222222
BC-MAIN-b6135486-1,,,Revel Ridge,,,
BC-MAIN-96b6e5eb-1,BC-MINCAN-6c35ab31-1,8458.94,Kitsault Valley,,10.526315789473683,33.333333333333336
BC-MAIN-53bba17f-1,BC-MINCAN-ce5158c8-1,117.68,Eskay Creek,Eskay Creek,100.0,100.0
YT-MAIN-11319f2d-1,YT-MINCAN-48401c22-1,5364.0,Freegold Mountain,Discovery,7.692307692307687,18.181818181818176
MB-MAIN-e03a8156-1,MB-MINCAN-721c34cc-1,13025.33,East Wekusko - Snow Lake,Stall Lake,35.29411764705882,66.66666666666667
MB-MAIN-e03a8156-1,MB-MINCAN-e8b956b8-1,18347.24,East Wekusko - Snow Lake,New Britannia ( Nor-Acme),20.408163265306122,27.027027027027028
YT-MAIN-6dca29e5-1,YT-MINCAN-48401c22-1,16775.2,Klaza,Discovery,0.0,0.0
YT-MAIN-6dca29e5-1,YT-MINCAN-4b8db2fc-1,11800.21,Klaza,Mount Nansen,11.764705882352944,19.999999999999996
BC-MAIN-3091ca70-1,,,Deer Horn,,,
MB-MAIN-b483545e-1,,,Monument Bay,,,
YT-MAIN-60122d63-1,,,Rackla Gold,,,
MB-MAIN-515b1195-1,MB-MINCAN-00054fac-1,1491.8,1901,Lalor Lake,0.0,0.0
MB-MAIN-515b1195-1,MB-MINCAN-721c34cc-1,12127.57,1901,Stall Lake,0.0,0.0
MB-MAIN-515b1195-1,MB-MINCAN-e8b956b8-1,6351.38,1901,New Britannia ( Nor-Acme),0.0,0.0
MB-MAIN-515b1195-1,MB-MINCAN-f0a27533-1,2539.16,1901,Chisel Lake,0.0,0.0
MB-MAIN-515b1195-1,MB-MINCAN-4b4107b7-1,2016.32,1901,Photo Lake,0.0,0.0
MB-MAIN-82ea0522-1,MB-MINCAN-00054fac-1,3446.25,Chisel North,Lalor Lake,27.27272727272727,35.29411764705882
MB-MAIN-82ea0522-1,MB-MINCAN-721c34cc-1,10732.87,Chisel North,Stall Lake,18.181818181818176,23.529411764705888
MB-MAIN-82ea0522-1,MB-MINCAN-e8b956b8-1,5173.65,Chisel North,New Britannia ( Nor-Acme),27.027027027027028,41.666666666666664
MB-MAIN-82ea0522-1,MB-MINCAN-f0a27533-1,990.55,Chisel North,Chisel Lake,60.86956521739131,77.77777777777779
MB-MAIN-82ea0522-1,MB-MINCAN-4b4107b7-1,1879.81,Chisel North,Photo Lake,27.27272727272727,30.000000000000004
MB-MAIN-6d9f24ca-1,,,Talbot,,,
MB-MAIN-d97f30a3-1,,,Tower,,,
MB-MAIN-567f87fa-1,MB-MINCAN-00054fac-1,18562.51,Wim,Lalor Lake,0.0,0.0
MB-MAIN-567f87fa-1,MB-MINCAN-721c34cc-1,19689.27,Wim,Stall Lake,0.0,0.0
MB-MAIN-567f87fa-1,MB-MINCAN-e8b956b8-1,17848.33,Wim,New Britannia ( Nor-Acme),14.28571428571429,33.333333333333336
MB-MAIN-567f87fa-1,MB-MINCAN-4b4107b7-1,17937.01,Wim,Photo Lake,0.0,0.0
ON-MAIN-4d689934-1,,,Albany,,,
ON-MAIN-7f2e11bd-1,,,Bissett Creek,,,
QC-MAIN-ce74de1a-1,,,La Loutre,,,
QC-MAIN-fe7c9493-1,,,Lac Guéret (Uatnan),,,
QC-MAIN-d0738410-1,,,Lac Rainy Graphite,,,
ON-MAIN-f944754f-1,ON-MINCAN-60b0f5b5-1,199.17,Kearney,Butt Township,9.999999999999998,16.666666666666664
QC-MAIN-a7571857-1,,,Matawinie,,,
QC-MAIN-69334cb0-1,,,Lac Knife,,,
QC-MAIN-2b8cc0f4-1,QC-MINCAN-1e5cf910-1,9761.69,Miller,Kilmar or Dobbie?,26.086956521739136,50.0
AB-MAIN-cc42475c-1,,,Steveville,,,
AB-MAIN-a23961e4-1,,,Worsley,,,
QC-MAIN-ba3d416f-1,,,Lac la Blache,,,
QC-MAIN-bc5dd61c-1,QC-MINCAN-28cc408a-1,11049.32,Mont Sorcier,Copper Rand,26.086956521739136,35.29411764705882
QC-MAIN-bc5dd61c-1,QC-MINCAN-9d22631a-1,13502.02,Mont Sorcier,Norbeau,31.57894736842105,46.15384615384615
QC-MAIN-bc5dd61c-1,QC-MINCAN-7b3a6a86-1,13258.25,Mont Sorcier,Cedar Bay,19.047619047619047,36.36363636363637
QC-MAIN-bc5dd61c-1,QC-MINCAN-2ad0aa18-1,15403.33,Mont Sorcier,Canadian Merrill or Merrill Island,26.086956521739136,41.666666666666664
QC-MAIN-bc5dd61c-1,QC-MINCAN-165a96c1-1,5366.37,Mont Sorcier,Grandroy,19.999999999999996,30.76923076923077
QC-MAIN-bc5dd61c-1,QC-MINCAN-a0a09340-1,17402.42,Mont Sorcier,,37.5,57.14285714285714
QC-MAIN-bc5dd61c-1,QC-MINCAN-aec470bf-1,19606.72,Mont Sorcier,Duvay-Obalski,7.9999999999999964,15.384615384615385
QC-MAIN-bc5dd61c-1,QC-MINCAN-83df353d-1,17437.74,Mont Sorcier,,37.5,57.14285714285714
QC-MAIN-bc5dd61c-1,QC-MINCAN-be8332ec-1,15687.4,Mont Sorcier,Campbell (Main),14.814814814814813,23.529411764705888
QC-MAIN-bc5dd61c-1,QC-MINCAN-e9fecc69-1,4719.07,Mont Sorcier,Portage,31.57894736842105,46.15384615384615
QC-MAIN-bc5dd61c-1,QC-MINCAN-8d58726c-1,17956.35,Mont Sorcier,,37.5,57.14285714285714
QC-MAIN-82b2717c-1,QC-MINCAN-28cc408a-1,18186.82,Blackrock,Copper Rand,9.999999999999998,18.181818181818176
QC-MAIN-82b2717c-1,QC-MINCAN-165a96c1-1,17629.34,Blackrock,Grandroy,35.29411764705882,40.0
QC-MAIN-82b2717c-1,QC-MINCAN-a0a09340-1,5355.03,Blackrock,,15.384615384615385,28.57142857142857
QC-MAIN-82b2717c-1,QC-MINCAN-e9fecc69-1,15169.12,Blackrock,Portage,12.5,19.999999999999996
QC-MAIN-b5c425d8-1,,,Blackrock Pyrometallurgical Facility,,,
QC-MAIN-7a5eacde-1,QC-MINCAN-165a96c1-1,19846.32,Lac Doré Vanadium,Grandroy,31.999999999999996,50.0
QC-MAIN-7a5eacde-1,QC-MINCAN-a0a09340-1,14229.41,Lac Doré Vanadium,,19.047619047619047,25.0
QC-MAIN-7a5eacde-1,QC-MINCAN-e9fecc69-1,18219.2,Lac Doré Vanadium,Portage,25.0,42.85714285714286
QC-MAIN-f7b40585-1,,,Lithium Demonstration Plant,,,
AB-MAIN-b8d91ef4-1,,,Bashaw District,,,
AB-MAIN-7a44e145-1,,,Boardwalk,,,
SK-MAIN-82b85062-1,,,Kindersley Lithium,,,
SK-MAIN-4690f3c8-1,,,Prairie Lithium,,,
AB-MAIN-26c965c2-1,,,Rainbow Lake,,,
QC-MAIN-8f616fcc-1,QC-MINCAN-715c25ff-1,16301.42,Authier,Lapa,0.0,0.0
QC-MAIN-8f616fcc-1,QC-MINCAN-1d7f2602-1,17112.28,Authier,,18.181818181818176,33.333333333333336
QC-MAIN-8f616fcc-1,QC-MINCAN-0689280c-1,15214.72,Authier,,18.181818181818176,33.333333333333336
QC-MAIN-8f616fcc-1,QC-MINCAN-4bd5110d-1,1755.06,Authier,,18.181818181818176,33.333333333333336
QC-MAIN-8f616fcc-1,QC-MINCAN-4f513f0e-1,14498.74,Authier,,18.181818181818176,33.333333333333336
ON-MAIN-a70df1a9-1,ON-MINCAN-306af7f7-1,18204.89,Georgia Lake,,25.0,40.0
ON-MAIN-a70df1a9-1,ON-MINCAN-25d62c17-1,19388.35,Georgia Lake,,25.0,40.0
QC-MAIN-66812dba-1,,,James Bay Lithium,,,
QC-MAIN-f66d0226-1,,,Moblan,,,
ON-MAIN-4abc69ca-1,,,Separation Rapids,,,
ON-MAIN-313f0146-1,,,Seymour Lake,,,
QC-MAIN-22c0a46a-1,,,Whabouchi,,,
QC-MAIN-d8c75070-1,,,Rose,,,
ON-MAIN-d06125fd-1,,,Pakeagama,,,
QC-MAIN-2e5da440-1,QC-MINCAN-c56d7297-1,8678.46,Nemaska lithium conversion facility,,20.512820512820518,75.0
QC-MAIN-2e5da440-1,QC-MINCAN-990818d1-1,10690.52,Nemaska lithium conversion facility,Red Mill (nine miles east of Trois Rivières),30.379746835443033,37.93103448275862
ON-MAIN-5c6e6c7a-1,,,Markham lithium reprocessing facility,,,
QC-MAIN-1d4869bb-1,,,Sirmac,,,
QC-MAIN-d1b8233a-1,QC-MINCAN-63fd0e92-1,4253.33,Alliance Magnesium,,18.181818181818176,50.0
QC-MAIN-d1b8233a-1,QC-MINCAN-0840942e-1,14155.37,Alliance Magnesium,,18.181818181818176,50.0
QC-MAIN-d1b8233a-1,QC-MINCAN-fce302df-1,3498.26,Alliance Magnesium,Ardorbec,15.384615384615385,26.66666666666667
QC-MAIN-d1b8233a-1,QC-MINCAN-a782bb96-1,4618.23,Alliance Magnesium,Jeffrey,16.000000000000004,28.57142857142857
BC-MAIN-bb484112-1,BC-MINCAN-3d6ce996-1,18959.83,Driftwood Creek,Mountainrals Division,16.666666666666664,26.086956521739136
BC-MAIN-bb484112-1,BC-MINCAN-a3126cbf-1,14401.68,Driftwood Creek,,21.052631578947366,33.333333333333336
BC-MAIN-bb484112-1,BC-MINCAN-647ad97d-1,6944.81,Driftwood Creek,,21.052631578947366,33.333333333333336
BC-MAIN-6f23468f-1,BC-MINCAN-ec317cd6-1,6781.11,Record Ridge,,25.0,40.0
BC-MAIN-6f23468f-1,BC-MINCAN-a81ad3de-1,4194.77,Record Ridge,,25.0,40.0
NL-MAIN-9ccf36c0-1,NL-MINCAN-b923ff99-1,7682.0,Scully Mine - Manganese project,Shabogamo,25.0,33.333333333333336
NL-MAIN-9ccf36c0-1,NL-MINCAN-ce00d0bf-1,1200.47,Scully Mine - Manganese project,Scully,32.432432432432435,100.0
NL-MAIN-9ccf36c0-1,NL-MINCAN-a1937134-1,2555.83,Scully Mine - Manganese project,,11.428571428571432,50.0
QC-MAIN-2e5da440-2,QC-MINCAN-c56d7297-1,8678.46,Becancour Plant,,21.052631578947366,33.333333333333336
QC-MAIN-2e5da440-2,QC-MINCAN-990818d1-1,10690.52,Becancour Plant,Red Mill (nine miles east of Trois Rivières),20.33898305084746,33.333333333333336
NB-MAIN-14ab93ca-1,,,Battery Hill,,,
NB-MAIN-80b89ec9-1,,,Woodstock,,,
BC-MAIN-6b348f3c-1,BC-MINCAN-9790cbc3-1,1712.57,Endako,,19.999999999999996,40.0
BC-MAIN-3173491b-1,,,Lone Pine,,,
BC-MAIN-74f5551c-1,BC-MINCAN-f9c4563e-1,28.01,Avanti Kitsault,Alice Arm,25.0,37.5
BC-MAIN-161ec4d9-1,BC-MINCAN-12166c19-1,6324.44,Davidson,Duthie,28.57142857142857,40.0
MB-MAIN-90232f90-1,,,Minago,,,
BC-MAIN-16e89d42-1,,,Decar,,,
BC-MAIN-afea17a6-1,,,Turnagain,,,
QC-MAIN-52b0862b-1,,,Dumont Nickel,,,
MB-MAIN-b7374552-1,MB-MINCAN-3961a950-1,217.6,Bucko Lake,Bucko,66.66666666666667,100.0
QC-MAIN-62ba823d-1,,,Lac Rocher,,,
ON-MAIN-d8a52df2-1,ON-MINCAN-04ddd279-1,30.6,Redstone,Redstone,100.0,100.0
ON-MAIN-d8a52df2-1,ON-MINCAN-ee65ab9d-1,9547.21,Redstone,McWatters,23.529411764705888,36.36363636363637
ON-MAIN-d8a52df2-1,ON-MINCAN-eb1e3a56-1,17316.1,Redstone,Paymaster,35.29411764705882,50.0
ON-MAIN-d8a52df2-1,ON-MINCAN-3abfda0f-1,17022.75,Redstone,Aunor,15.384615384615385,28.57142857142857
ON-MAIN-d8a52df2-1,ON-MINCAN-f9f143a4-1,17294.62,Redstone,Texmont or Fatima,24.0,42.85714285714286
ON-MAIN-d8a52df2-1,ON-MINCAN-3b4771ec-1,12420.26,Redstone,Langmuir,12.5,19.999999999999996
ON-MAIN-d8a52df2-1,ON-MINCAN-52f8932b-1,17361.77,Redstone,Dome,33.333333333333336,57.14285714285714
ON-MAIN-d8a52df2-1,ON-MINCAN-7c3d9cb4-1,16646.04,Redstone,,50.0,85.71428571428572
ON-MAIN-d8a52df2-1,ON-MINCAN-50f38af5-1,16408.6,Redstone,,50.0,85.71428571428572
ON-MAIN-07bc135f-1,ON-MINCAN-a9d00268-1,6972.2,Kenbridge,Maybrun,25.0,33.333333333333336
MB-MAIN-17adc4a4-1,MB-MINCAN-e54b752b-1,10826.16,Lynn Lake,Flin Flon,22.22222222222222,30.76923076923077
MB-MAIN-17adc4a4-1,MB-MINCAN-de2987c1-1,6743.88,Lynn Lake,MacLellan,22.22222222222222,33.333333333333336
MB-MAIN-17adc4a4-1,MB-MINCAN-16a1af24-1,1246.71,Lynn Lake,BT,0.0,0.0
ON-MAIN-8de2b54e-1,ON-MINCAN-72327010-1,6417.01,Crean Hill,"Gersdorffite, AER, and  Kidd Copper or  Howland Pit",22.95081967213115,47.05882352941176
ON-MAIN-8de2b54e-1,ON-MINCAN-7e7b81e4-1,3085.69,Crean Hill,Lockerby,11.111111111111116,19.999999999999996
ON-MAIN-8de2b54e-1,ON-MINCAN-13049367-1,8740.58,Crean Hill,Totten,25.0,36.36363636363637
ON-MAIN-8de2b54e-1,ON-MINCAN-84fac0aa-1,3039.24,Crean Hill,Ellen or Helen,41.666666666666664,50.0
ON-MAIN-21de8cef-1,ON-MINCAN-70359cf2-1,1887.45,Onaping Depth,Onaping/Craig,53.84615384615385,70.0
ON-MAIN-21de8cef-1,ON-MINCAN-0f7776c6-1,4844.26,Onaping Depth,Fraser,21.052631578947366,22.22222222222222
ON-MAIN-21de8cef-1,ON-MINCAN-89f0a33e-1,18059.86,Onaping Depth,,23.529411764705888,33.333333333333336
ON-MAIN-21de8cef-1,ON-MINCAN-64e7bb0f-1,1328.4,Onaping Depth,McCreedy West,23.076923076923073,33.333333333333336
ON-MAIN-21de8cef-1,ON-MINCAN-c31c3137-1,3252.5,Onaping Depth,Levack,10.526315789473683,22.22222222222222
ON-MAIN-92254f18-1,ON-MINCAN-72327010-1,4511.35,Victoria,"Gersdorffite, AER, and  Kidd Copper or  Howland Pit",16.94915254237288,40.0
ON-MAIN-92254f18-1,ON-MINCAN-7e7b81e4-1,4975.93,Victoria,Lockerby,25.0,33.333333333333336
ON-MAIN-92254f18-1,ON-MINCAN-13049367-1,6842.19,Victoria,Totten,14.28571428571429,19.999999999999996
ON-MAIN-92254f18-1,ON-MINCAN-84fac0aa-1,4894.18,Victoria,Ellen or Helen,18.181818181818176,25.0
ON-MAIN-92254f18-1,ON-MINCAN-606b270f-1,18847.1,Victoria,Agnew Lake,11.111111111111116,18.181818181818176
ON-MAIN-cef2ae42-1,,,Eagle's Nest,,,
MB-MAIN-72954693-1,,,Makwa Mayville,,,
NU-MAIN-4da97af6-1,,,Ferguson Lake,,,
ON-MAIN-771f682a-1,ON-MINCAN-42420a73-1,0.0,Shakespeare,Shakespeare,100.0,100.0
ON-MAIN-771f682a-1,ON-MINCAN-616f57a6-1,9161.63,Shakespeare,,13.33333333333333,40.0
YT-MAIN-62f18e31-1,YT-MINCAN-ed4459b1-1,337.05,Nickel Shaw,Wellgreen property,20.68965517241379,28.57142857142857
ON-MAIN-71c22461-1,ON-MINCAN-9c4cf6b5-1,17001.78,Crawford,Kidd Creek,22.22222222222222,30.76923076923077
BC-MAIN-cfe1a12c-1,,,Aley,,,
ON-MAIN-9a1b3df8-1,,,James Bay (Argor),,,
QC-MAIN-0f1f6d46-1,,,Crevier,,,
ON-MAIN-c0dbe3d0-1,,,Marathon,,,
ON-MAIN-260dc878-1,,,River Valley,,,
ON-MAIN-13e61769-1,,,Martison,,,
ON-MAIN-f039002e-1,,,Thunder Bay North,,,
SK-MAIN-ee0fab1a-1,,,Jansen,,,
SK-MAIN-fa964b40-1,,,Milestone,,,
NB-MAIN-b72cbf1c-1,NB-MINCAN-d34d2a88-1,17670.05,Millstream,Piccadilly,30.000000000000004,42.85714285714286
NB-MAIN-b72cbf1c-1,NB-MINCAN-d569b7f7-1,17296.32,Millstream,,14.28571428571429,28.57142857142857
NB-MAIN-b72cbf1c-1,NB-MINCAN-d789d5ac-1,13342.98,Millstream,,14.28571428571429,28.57142857142857
SK-MAIN-52fbe54e-1,,,Muskowekwan,,,
MB-MAIN-2ee057b8-1,,,PADCOM Potash Mine,,,
SK-MAIN-ab9c65a7-1,,,Southey,,,
SK-MAIN-86dd1c37-1,,,Vanguard,,,
SK-MAIN-640b427c-1,,,Wynyard,,,
QC-MAIN-e066357e-1,,,Kipawa (Zeus),,,
QC-MAIN-e363e5b1-1,,,Eldor (Ashram),,,
NT-MAIN-0f6cb3ad-1,,,Nechalacho - T-Zone & Tardiff Zone,,,
NL-MAIN-da3b3dae-1,,,Port Hope Simpson (Foxtrot),,,
SK-MAIN-98848a83-1,SK-MINCAN-d7c0a198-1,3781.14,Rare Earth Processing Facility,,11.764705882352944,50.0
SK-MAIN-98848a83-1,SK-MINCAN-600bc1f4-1,17170.8,Rare Earth Processing Facility,Cory Division,23.25581395348837,38.46153846153846
SK-MAIN-98848a83-1,SK-MINCAN-d7c0a198-2,3781.14,Rare Earth Processing Facility,,11.764705882352944,50.0
SK-MAIN-98848a83-1,SK-MINCAN-b06a4484-1,18044.1,Rare Earth Processing Facility,Patience Lake,27.906976744186053,40.0
ON-MAIN-e116f385-2,,,RapidSX Demonstration Plant,,,
QC-MAIN-1fabc906-1,,,REE Recycling Facility (Saint-Bruno),,,
SK-MAIN-53a8c866-1,SK-MINCAN-d7c0a198-1,2376.29,Rare Earth Processing Facility,,11.764705882352944,50.0
SK-MAIN-53a8c866-1,SK-MINCAN-600bc1f4-1,17199.68,Rare Earth Processing Facility,Cory Division,23.25581395348837,38.46153846153846
SK-MAIN-53a8c866-1,SK-MINCAN-d7c0a198-2,2376.29,Rare Earth Processing Facility,,11.764705882352944,50.0
QC-MAIN-8fcacde6-1,QC-MINCAN-e8b2ee35-1,12708.54,Saint-Honoré,,25.0,50.0
QC-MAIN-8fcacde6-1,QC-MINCAN-007bbc06-1,1297.72,Saint-Honoré,Niobec,22.22222222222222,33.333333333333336
BC-MAIN-f80e2913-1,,,Wicheeda,,,
QC-MAIN-cfde9015-1,,,Strange Lake,,,
NT-MAIN-0f6cb3ad-2,,,Nechalacho - Basal Zone,,,
QC-MAIN-6232bf35-1,,,Kwyjibo,,,
QC-MAIN-f7b40585-2,,,Scandium Demonstration Plant,,,
QC-MAIN-dd392d35-1,,,Crater Lake,,,
BC-MAIN-fa8dd7ae-1,,,Blue River,,,
NS-MAIN-6c39ff7e-1,NS-MINCAN-a05f65a8-1,972.47,East Kemptville,White Rock,16.000000000000004,28.57142857142857
NS-MAIN-6c39ff7e-1,NS-MINCAN-b250b9f6-1,521.24,East Kemptville,East Kemptville ,96.7741935483871,100.0
NB-MAIN-a4415da5-1,NB-MINCAN-d7edb35f-1,1255.32,Mount Pleasant,Mount Pleasant ,96.55172413793103,100.0
NT-MAIN-03e8cde6-1,NT-MINCAN-0fe95486-1,466.9,Cantung,Cantung,100.0,100.0
YT-MAIN-56c18e10-1,,,Mactung,,,
YT-MAIN-43994b92-1,,,Northern Dancer,,,
NB-MAIN-7b6678ae-1,,,Sisson,,,
SK-MAIN-1dda9c9d-1,SK-MINCAN-69e6a135-1,11523.99,Eagle Point,McClean Lake,26.086956521739136,33.333333333333336
SK-MAIN-1dda9c9d-1,SK-MINCAN-7e4d3bb0-1,11680.18,Eagle Point,Rabbit Lake,27.27272727272727,35.29411764705882
SK-MAIN-11948fa6-1,SK-MINCAN-69e6a135-1,12364.39,Horseshoe-Raven,McClean Lake,22.22222222222222,31.57894736842105
SK-MAIN-11948fa6-1,SK-MINCAN-7e4d3bb0-1,4869.3,Horseshoe-Raven,Rabbit Lake,23.076923076923073,37.5
NU-MAIN-af98f320-1,,,Kiggavik-Sissons,,,
NL-MAIN-9ee6abcb-1,,,Michelin,,,
SK-MAIN-e95a9d65-1,SK-MINCAN-69e6a135-1,16996.78,Midwest,McClean Lake,21.052631578947366,33.333333333333336
SK-MAIN-6e2b2410-1,,,Millennium,,,
SK-MAIN-a584d05d-1,SK-MINCAN-69e6a135-1,8407.16,Rabbit Lake,McClean Lake,52.17391304347826,66.66666666666667
SK-MAIN-a584d05d-1,SK-MINCAN-7e4d3bb0-1,466.12,Rabbit Lake,Rabbit Lake,100.0,100.0
SK-MAIN-b0e502f0-1,,,Patterson Lake South,,,
SK-MAIN-19e40503-1,,,Rook I,,,
SK-MAIN-b99b2981-1,SK-MINCAN-69e6a135-1,15998.13,Waterbury,McClean Lake,19.047619047619047,33.333333333333336
SK-MAIN-85cc24e6-1,,,Wheeler River,,,
AB-MAIN-5886ad62-1,,,SBH Black Shale,,,
QC-MAIN-958e6b58-1,QC-MINCAN-647e2785-1,15888.84,Scott Lake,Opemiskas (Opemiska Copper Complex),13.33333333333333,23.529411764705888
QC-MAIN-958e6b58-1,QC-MINCAN-aec470bf-1,19951.62,Scott Lake,Duvay-Obalski,17.391304347826086,26.66666666666667
QC-MAIN-958e6b58-1,QC-MINCAN-c3512e2c-1,12200.94,Scott Lake,Gwillum Lake,45.45454545454546,66.66666666666667
ON-MAIN-1eff4e4b-1,ON-MINCAN-7b7d5cc4-1,1322.2,Superior Lake,,23.529411764705888,40.0
ON-MAIN-1eff4e4b-1,ON-MINCAN-a064b793-1,733.1,Superior Lake,Winston Lake,56.00000000000001,70.0
YT-MAIN-777864fa-1,,,Marg,,,
QC-MAIN-53721d44-1,QC-MINCAN-cfead67a-1,17182.72,Caber Complex,Bell Allard,25.0,28.57142857142857
QC-MAIN-53721d44-1,QC-MINCAN-fef0aa45-1,16885.09,Caber Complex,Perseverance,24.0,27.27272727272727
QC-MAIN-53721d44-1,QC-MINCAN-e4505518-1,18123.62,Caber Complex,Orchan (pre) and Norita (post-1976),20.833333333333336,33.333333333333336
QC-MAIN-53721d44-1,QC-MINCAN-9212b155-1,7494.88,Caber Complex,,23.529411764705888,33.333333333333336
QC-MAIN-53721d44-1,QC-MINCAN-03f202fc-1,16829.18,Caber Complex,Mattagami Lake,22.22222222222222,28.57142857142857
BC-MAIN-eb5b0a1d-2,BC-MINCAN-911406ec-1,1117.69,Myra Falls,Myra Falls,100.0,100.0
NU-MAIN-3a15ba90-1,,,Izok Lake,,,
NT-MAIN-969facce-1,NT-MINCAN-1c674463-1,7316.71,Pine Point,,28.57142857142857,50.0
YT-MAIN-860ad5a3-1,,,Selwyn,,,
YT-MAIN-80c56f4b-1,,,Yukon Base Metal,,,
NL-MAIN-d57abb7f-1,NL-MINCAN-1e808bed-1,1640.38,Buchans River,Buchans Unit,72.0,81.81818181818181
NU-MAIN-9aa02969-1,,,Hackett River,,,
YT-MAIN-c333e0eb-1,,,Kudz Ze Kayah,,,
QC-MAIN-31d99c67-1,QC-MINCAN-00176fe5-1,44.01,Langlois,Gonzague Langlois (Grevet),47.05882352941176,100.0
NS-MAIN-10a1b988-1,NS-MINCAN-1c489124-1,456.28,Scotia,Scotia,100.0,100.0
NS-MAIN-10a1b988-1,NS-MINCAN-4769d3c8-1,10316.26,Scotia,,19.999999999999996,28.57142857142857
NS-MAIN-10a1b988-1,NS-MINCAN-105cbeb1-1,7834.32,Scotia,,19.999999999999996,28.57142857142857
NS-MAIN-10a1b988-1,NS-MINCAN-d299dda4-1,6513.38,Scotia,,19.999999999999996,28.57142857142857
NS-MAIN-10a1b988-1,NS-MINCAN-97687c6d-1,1868.28,Scotia,,19.999999999999996,28.57142857142857
BC-MAIN-360b5bc6-1,,,Akie,,,
YT-MAIN-2e6786ff-1,YT-MINCAN-5ecedb81-1,10279.0,Macmillan Pass,,11.111111111111116,25.0
NB-MAIN-cd82270d-1,NB-MINCAN-1f46404e-1,17140.19,Nash Creek,Bass River,40.0,47.05882352941176
NT-MAIN-9d6f2c07-1,,,Prairie Creek,,,
NB-MAIN-97cfe920-1,NB-MINCAN-14c08253-1,680.52,Caribou,Caribou ,93.33333333333333,100.0
NB-MAIN-97cfe920-1,NB-MINCAN-0ae316bd-1,11563.51,Caribou,Murray Brook ,30.000000000000004,42.85714285714286
NB-MAIN-658c67a1-1,NB-MINCAN-12870f3d-1,303.17,Halfmile,Stratmat (Halfmile),59.25925925925925,100.0
NB-MAIN-658c67a1-1,NB-MINCAN-ca730bcc-1,19431.9,Halfmile,Heath Steele,40.0,40.0
NB-MAIN-658c67a1-1,NB-MINCAN-6c6f04d4-1,17575.32,Halfmile,Wedge,15.384615384615385,33.333333333333336
NB-MAIN-658c67a1-1,NB-MINCAN-94f38136-1,19115.59,Halfmile,Heath Steele,40.0,40.0
NB-MAIN-100864a2-1,NB-MINCAN-b4b78e20-1,9619.01,Murray Brook,Restigouche,8.695652173913048,15.384615384615385
NB-MAIN-100864a2-1,NB-MINCAN-14c08253-1,11083.66,Murray Brook,Caribou ,30.000000000000004,37.5
NB-MAIN-100864a2-1,NB-MINCAN-0ae316bd-1,3.77,Murray Brook,Murray Brook ,96.0,100.0
NB-MAIN-e2850267-1,NB-MINCAN-12870f3d-1,584.4,Stratmat,Stratmat (Halfmile),59.25925925925925,100.0
NB-MAIN-e2850267-1,NB-MINCAN-ca730bcc-1,18678.71,Stratmat,Heath Steele,30.000000000000004,37.5
NB-MAIN-e2850267-1,NB-MINCAN-6c6f04d4-1,16882.63,Stratmat,Wedge,0.0,0.0
NB-MAIN-e2850267-1,NB-MINCAN-94f38136-1,18365.19,Stratmat,Heath Steele,30.000000000000004,37.5
QC-MAIN-768b402a-1,QC-MINCAN-161fdd27-1,15605.44,Abcourt-Barvue,North American Lithium,27.77777777777778,34.78260869565217
QC-MAIN-768b402a-1,QC-MINCAN-d2b61c3b-1,419.15,Abcourt-Barvue,,22.22222222222222,40.0
QC-MAIN-768b402a-1,QC-MINCAN-7a3dcb3d-1,15659.96,Abcourt-Barvue,Lacorne,38.095238095238095,50.0
QC-MAIN-7c67a92e-1,,,Horizon,,,
,QC-MINCAN-51bef69c-1,,,,,
,BC-MINCAN-25ef4d4c-1,,,Spruce Creek,,
,BC-MINCAN-a8b25fd2-1,,,Wesfrob (Tasu),,
,MB-MINCAN-08edc378-1,,,Amaranth,,
,ON-MINCAN-20bf02b2-1,,,,,
,ON-MINCAN-9283a7f6-1,,,Haley,,
,BC-MINCAN-772f7d6e-1,,,Jersey Emerald,,
,NB-MINCAN-24ca9f4b-1,,,,,
,BC-MINCAN-ce2f6fba-1,,,,,
,AB-MINCAN-b94373e9-1,,,,,
,ON-MINCAN-c5c6f919-1,,,Calcite Division,,
,QC-MINCAN-35c96b4f-1,,,Cupra (Mine Cupra-d'Estrie),,
,YT-MINCAN-d21965d3-1,,,,,
,QC-MINCAN-d520e5fd-1,,,Madeleine,,
,MB-MINCAN-56acea4e-1,,,Ruttan,,
,QC-MINCAN-8a8b087f-1,,,Parent Mica Deposit,,
,QC-MINCAN-4a49a93d-1,,,Charlevoix,,
,ON-MINCAN-63e9dec1-1,,,Kremzar ,,
,ON-MINCAN-dfaab15f-1,,,,,
,QC-MINCAN-22f085bc-1,,,Croinor,,
,SK-MINCAN-a3e7bee4-1,,,Vascoy (Rocanville Division),,
,NS-MINCAN-a4d0f397-1,,,Brookfield,,
,QC-MINCAN-7db12b7a-1,,,Icon Sullivan,,
,SK-MINCAN-842937d3-1,,,,,
,NS-MINCAN-7fe2b64f-1,,,Phalen,,
,QC-MINCAN-96910f0a-1,,,,,
,SK-MINCAN-56b351ab-1,,,,,
,SK-MINCAN-ef5ac65d-1,,,Rocanville Division,,
,MB-MINCAN-465fbc94-1,,,Manibridge,,
,YT-MINCAN-85f139a2-1,,,Plata ,,
,NS-MINCAN-f7a80d78-1,,,Sullivan Creek or Florence,,
,BC-MINCAN-99d78fdf-1,,,,,
,BC-MINCAN-370bcdc5-1,,,"Table Mountain, Cassiar Gold Property, Erikson, Jennie,(…) McDame Lake",,
,QC-MINCAN-59723348-1,,,Vezza,,
,QC-MINCAN-63d3002a-1,,,Domlin,,
,QC-MINCAN-f3e8a6ec-1,,,,,
,BC-MINCAN-e94be129-1,,,Cariboo-Amelia or Camps McKinney Gold,,
,BC-MINCAN-04175623-1,,,Sheep Creek (Queen or Yellowstone),,
,BC-MINCAN-b6592213-1,,,Cork-Province,,
,BC-MINCAN-e12a6491-1,,,,,
,ON-MINCAN-9fd71be0-1,,,,,
,BC-MINCAN-85330138-1,,,Giant Mascot,,
,ON-MINCAN-668dd994-1,,,McIntyre,,
,NS-MINCAN-ab996128-1,,,Malagash salt,,
,ON-MINCAN-91e40ef4-1,,,Howard,,
,BC-MINCAN-b874174f-1,,,Premier,,
,ON-MINCAN-f50390c7-1,,,Holloway,,
,BC-MINCAN-357b44db-1,,,Dome Mountain,,
,YT-MINCAN-874d7c56-1,,,,,
,SK-MINCAN-e9a17c0d-1,,,,,
,NB-MINCAN-4ef01356-1,,,,,
,MB-MINCAN-8ee3c3db-1,,,,,
,NS-MINCAN-176a617d-1,,,,,
,NT-MINCAN-5e8b47b9-1,,,Eldorado,,
,NT-MINCAN-3fafaf71-1,,,,,
,AB-MINCAN-79299b4e-1,,,,,
,NS-MINCAN-7568571a-1,,,,,
,YT-MINCAN-8d2a470b-1,,,,,
,NT-MINCAN-86b5357d-1,,,La Forma ,,
,ON-MINCAN-be973ba3-1,,,,,
,ON-MINCAN-f445d84b-1,,,Shebandowan ,,
,QC-MINCAN-5e3723f2-1,,,Carol Lake project or Knob Lake,,
,QC-MINCAN-94dd5110-1,,,,,
,QC-MINCAN-8189f476-1,,,,,
,ON-MINCAN-437769fd-1,,,Denison,,
,QC-MINCAN-4e8f9b69-1,,,,,
,ZZ-MINCAN-81bafc7c-1,,,Pugwash,,
,AB-MINCAN-a3cea48a-1,,,,,
,BC-MINCAN-7739914d-1,,,,,
,NS-MINCAN-1f5188e7-1,,,River Denys,,
,BC-MINCAN-0c5e92b1-1,,,,,
,BC-MINCAN-12264e20-1,,,Silver Queen,,
,ON-MINCAN-368b1b41-1,,,Plant,,
,ON-MINCAN-4b8ee108-1,,,Penhorwood,,
,ON-MINCAN-96e8d79b-1,,,Drumbo,,
,NS-MINCAN-b8be1b22-1,,,Silvermines ,,
,QC-MINCAN-66a18bd0-1,,,Sainte-Clotilde (Armand Sicotte) or Marcil Quarry,,
,AB-MINCAN-020e9ee1-1,,,Gregg River,,
,AB-MINCAN-240f9fa4-1,,,Obed-Marsh,,
,ZZ-MINCAN-1710f421-1,,,Sussex (Lower Millstream Potash),,
,BC-MINCAN-a0c7b874-1,,,New Privateer,,
,BC-MINCAN-f45064e9-1,,,Quinsam,,
,ON-MINCAN-8c07ecbf-1,,,Reiss Lime,,
,ON-MINCAN-e101f5ec-1,,,Tracey Lake,,
,NS-MINCAN-8efe5484-1,,,Little Pond,,
,ON-MINCAN-990de545-1,,,Montcalm,,
,NL-MINCAN-03fa73c3-1,,,Hurley or Burgoyne's Cove quarry,,
,ON-MINCAN-0b08be68-1,,,Victor Diamond,,
,ON-MINCAN-06c73865-1,,,Woodstock,,
,AB-MINCAN-c274a8b9-1,,,Cardinal River (Cheviot),,
,BC-MINCAN-cc7ad6ed-1,,,Trend,,
,QC-MINCAN-3e209235-1,,,Fabie Bay,,
,NL-MINCAN-9a3de1c0-1,,,Duck Pond,,
,BC-MINCAN-29f61b6e-1,,,MAX,,
,MB-MINCAN-0562a4a2-1,,,San Gold No. 1,,
,NT-MINCAN-3b06f272-1,,,Snap Lake,,
,NL-MINCAN-4972c4bb-1,,,Beaver Brook,,
,QC-MINCAN-0ad0a2f9-1,,,Barry,,
,ON-MINCAN-076cc2eb-1,,,Victor,,
,MB-MINCAN-0562a4a2-2,,,Hinge,,
,ON-MINCAN-b90e0052-1,,,Hislop,,
,ON-MINCAN-281cb549-1,,,Holloway-Holt,,
,BC-MINCAN-bffc64c2-1,,,Bralorne-Pioneer,,
,SK-MINCAN-8f0dc35f-1,,,Roy Lloyd/Bingo,,
,YT-MINCAN-123918be-1,,,Wolverine,,
,QC-MINCAN-accc48dd-1,,,Rocmec 1,,
,ON-MINCAN-214569e7-1,,,St. Lawrence,,
,QC-MINCAN-0333103a-1,,,Bachelor Lake,,
,QC-MINCAN-bacd1c6f-1,,,Bracemac-McLeod,,
,ON-MINCAN-4906c0d6-1,,,Broken Hammer,,
,MB-MINCAN-de4403ba-1,,,Reed,,
,NU-MINCAN-0b3c0cff-1,,,Mary River,,
,ON-MINCAN-bb2ee2c0-1,,,Taylor,,
,BC-MINCAN-5952b7d0-1,,,Yellow Giant,,
,BC-MINCAN-1f28f333-1,,,Silvertip,,
,NS-MINCAN-c7fe7ecc-1,,,Dufferin,,
,SK-MINCAN-a778d064-1,,,Bethune,,
,NU-MINCAN-50e772f8-1,,,Hope Bay,,
,BC-MINCAN-1f28f333-2,,,"
Silvertip",,
,NB-MINCAN-5e6abebb-1,,,Upham East,,
,NB-MINCAN-d998c206-1,,,Springhill,,
,ON-MINCAN-213d3c6f-1,,,Henderson ,,
,BC-MINCAN-3798ad5e-1,,,Bralorne Division,,
,NS-MINCAN-e37276d1-1,,,Old Sydney Collieries Division,,
,ZZ-MINCAN-cff578b5-1,,,Collier Point,,
,ON-MINCAN-8ff3b674-1,,,,,
,BC-MINCAN-cf7c7f47-1,,,,,
,BC-MINCAN-afd2a84a-1,,,Pioneer Division,,
,NS-MINCAN-9bb01436-1,,,Gypsum Division,,
,ON-MINCAN-d43b88e1-1,,,,,
,AB-MINCAN-ef2700cb-1,,,,,
,BC-MINCAN-b804d07b-1,,,H.B.,,
,ON-MINCAN-1fe60e9a-1,,,George W. MacLeod,,
,AB-MINCAN-cca2ba38-1,,,Montgomery,,
,BC-MINCAN-e3f69e93-1,,,,,
,SK-MINCAN-ce91b736-1,,,,,
,ON-MINCAN-495b51e0-1,,,,,
,SK-MINCAN-cbd880f4-1,,,Horseshoe Lake or Osmiston,,
,SK-MINCAN-717662e5-1,,,Whiteshore Lake,,
,NT-MINCAN-85574ade-1,,,Con and Rycons,,
,SK-MINCAN-6b09f0b6-1,,,,,
,MB-MINCAN-ca7e4db3-1,,,,,
,BC-MINCAN-ac91cf8a-1,,,Argonault Division,,
,NL-MINCAN-d6cf2208-1,,,Flat Bay,,
,ON-MINCAN-3b6cfb70-1,,,Dyno,,
,BC-MINCAN-d5afc68f-1,,,,,
,SK-MINCAN-19572bdd-1,,,,,
,ON-MINCAN-3d5745f2-1,,,Geco,,
,AB-MINCAN-ce61934c-1,,,,,
,ON-MINCAN-add89f79-1,,,Stanleigh,,
,BC-MINCAN-1aa44319-1,,,,,
,BC-MINCAN-585ccedf-1,,,,,
,BC-MINCAN-64ed4219-1,,,,,
,NT-MINCAN-3a5445f9-1,,,,,
,NT-MINCAN-51e258bb-1,,,,,
,QC-MINCAN-8759a96a-1,,,,,
,BC-MINCAN-f2d15a98-1,,,Boss Mountain Division,,
,NB-MINCAN-48862b15-1,,,,,
,ON-MINCAN-f992c262-1,,,,,
,NL-MINCAN-f160634a-1,,,Gull Pond ,,
,ON-MINCAN-eb4aab1f-1,,,Shermans,,
,SK-MINCAN-18554b04-1,,,Lanigan Division,,
,ON-MINCAN-41008c5e-1,,,,,
,SK-MINCAN-34c4acfd-1,,,Vanscoy ,,
,AB-MINCAN-eb70e6ea-1,,,,,
,YT-MINCAN-9c2c0915-1,,,Venus,,
,ON-MINCAN-51b0c4b8-1,,,Ajax or Kanichee,,
,NU-MINCAN-a0619278-1,,,Robert's Bay - Ida Bay Silvers,,
,ON-MINCAN-9c3105d1-1,,,,,
,BC-MINCAN-038c9b96-1,,,Marble Canyon or Pavilion Lake,,
,NT-MINCAN-a0662c36-1,,,Contact Lake,,
,BC-MINCAN-f3339a69-1,,,Moberly,,
,BC-MINCAN-679acc9d-1,,,,,
,YT-MINCAN-d21965d3-2,,,Klondike Operations,,
,MB-MINCAN-ba489b25-1,,,Trout Lake (Embury Lake),,
,BC-MINCAN-93359b70-1,,,,,
,NU-MINCAN-7c4dbd08-1,,,Polaris,,
,BC-MINCAN-396bfee0-1,,,,,
,NU-MINCAN-c3ac4f82-1,,,Lupin,,
,BC-MINCAN-d80bf81c-1,,,,,
,BC-MINCAN-25d31461-1,,,Blackdome,,
,MB-MINCAN-35b2c33d-1,,,Puffy Lake,,
,BC-MINCAN-3c3d4b61-1,,,Hedley,,
,BC-MINCAN-8e217e57-1,,,,,
,NL-MINCAN-ff96c1ba-1,,,Hammerdown,,
,NU-MINCAN-545df2f0-1,,,Jericho Diamond,,
,NB-MINCAN-836c54d0-1,,,,,
,ON-MINCAN-65f2ce29-1,,,,,
,YT-MINCAN-6a44918f-1,,,,,
,MB-MINCAN-0c7f6f26-1,,,Rice Lake,,
,NL-MINCAN-de8c23e5-1,,,Coal Brook,,
,QC-MINCAN-0102da6b-1,,,Bell Asbestos,,
,NL-MINCAN-6fcacaa5-1,,,Wabanas Division,,
,BC-MINCAN-cbcc5ecf-1,,,Bluebell,,
,NB-MINCAN-fb32af1e-1,,,,,
,NB-MINCAN-cd58e481-1,,,Keymet,,
,BC-MINCAN-495e92b6-1,,,Red Rose,,
,QC-MINCAN-7fd22062-1,,,Abana (Normetal),,
,BC-MINCAN-92a5c4e9-1,,,,,
,QC-MINCAN-faaace43-1,,,,,
,MB-MINCAN-5efc2b71-1,,,,,
,QC-MINCAN-07df63ec-1,,,,,
,QC-MINCAN-2a9734d1-1,,,,,
,QC-MINCAN-0d8ca338-1,,,Mountabaun,,
,YT-MINCAN-5f83d8db-1,,,,,
,YT-MINCAN-f1361427-1,,,Tantalus Coal,,
,SK-MINCAN-28b5a8fb-1,,,Sifto Salt Division,,
,NS-MINCAN-3f1e2c39-1,,,Gypsum Division,,
,BC-MINCAN-133259e8-1,,,French,,
,QC-MINCAN-86d83ce0-1,,,West Macdonald,,
,ON-MINCAN-ed4d023c-1,,,Bicroft,,
,ON-MINCAN-e0b4ea20-1,,,Moose Mountain,,
,NB-MINCAN-581dcd8b-1,,,,,
,QC-MINCAN-a0caf4a7-1,,,,,
,ON-MINCAN-f4c142fe-1,,,Pronto,,
,QC-MINCAN-1795ad71-1,,,Joe Mann,,
,ON-MINCAN-226dfc4e-1,,,Can-Met and Stanrock,,
,ON-MINCAN-a2ceab2b-1,,,,,
,BC-MINCAN-02808211-1,,,,,
,AB-MINCAN-a0062a8e-1,,,,,
,NB-MINCAN-a40e8988-1,,,Havelock Lime Works,,
,ON-MINCAN-62103df6-1,,,,,
,QC-MINCAN-f54e8738-1,,,,,
,QC-MINCAN-bcc0de47-1,,,,,
,QC-MINCAN-7b02334b-1,,,Solbec,,
,QC-MINCAN-a4ea5336-1,,,Coniagas (Conegas),,
,NB-MINCAN-f4c5571a-1,,,Brunswick No.12,,
,QC-MINCAN-773cd348-1,,,Chimo,,
,QC-MINCAN-45902c0c-1,,,,,
,SK-MINCAN-58b099bf-1,,,Snakehole Lake,,
,YT-MINCAN-a8a1cdcc-1,,,Grum or Faro,,
,QC-MINCAN-96465598-1,,,Somex (Lac Edouard),,
,QC-MINCAN-ab5e1a9f-1,,,,,
,QC-MINCAN-1ea6e21b-1,,,,,
,ZZ-MINCAN-313f4829-1,,,Cloverhill,,
,NL-MINCAN-23f16a09-1,,,Hope Brook,,
,BC-MINCAN-d4dff678-1,,,Nazko or Klara,,
,QC-MINCAN-1d8b3e36-1,,,Francoeur,,
,BC-MINCAN-a5c301db-1,,,Ashcroft,,
,BC-MINCAN-c5bd500c-1,,,Craigmont,,
,ON-MINCAN-68ab8f17-1,,,Keeley-Frontier,,
,ON-MINCAN-fe146b38-1,,,Ontario Silica Division,,
,AB-MINCAN-55040d2d-1,,,,,
,BC-MINCAN-28e2c79e-1,,,,,
,ON-MINCAN-83db5998-1,,,Conley,,
,NS-MINCAN-78e0c16b-1,,,,,
,NS-MINCAN-c26d2ba3-1,,,,,
,ON-MINCAN-53668b76-1,,,,,
,QC-MINCAN-cbb5be88-1,,,Beattie,,
,NB-MINCAN-7ca279f2-1,,,Nigadoo,,
,NS-MINCAN-b19d2d4f-1,,,,,
,QC-MINCAN-6c8eee8f-1,,,,,
,SK-MINCAN-8c43b87f-1,,,,,
,QC-MINCAN-c640ae0a-1,,,Candego,,
,QC-MINCAN-8d68eb03-1,,,Marcoux,,
,ON-MINCAN-1985a3a4-1,,,,,
,AB-MINCAN-70e1b7c0-1,,,,,
,QC-MINCAN-c7373a5b-1,,,Weedon (McDonald),,
,ON-MINCAN-6020a47b-1,,,Sheguiandah Quarry,,
,ON-MINCAN-3bc02d5b-1,,,,,
,ON-MINCAN-aa289f54-1,,,,,
,SK-MINCAN-604ef98f-1,,,,,
,SK-MINCAN-a861ad33-1,,,,,
,ON-MINCAN-0b44c5b8-1,,,Madawaska,,
,QC-MINCAN-5596f00e-1,,,Hilton,,
,SK-MINCAN-84cf78a8-1,,,,,
,SK-MINCAN-5308cab0-1,,,K1,,
,BC-MINCAN-8954de9e-1,,,,,
,QC-MINCAN-82a8e5d6-1,,,,,
,NL-MINCAN-24366ed0-1,,,Whalesback,,
,NL-MINCAN-1c916e2b-1,,,Pipe (1),,
,QC-MINCAN-e00fcf62-1,,,,,
,SK-MINCAN-dfb76844-1,,,Colonsay,,
,NL-MINCAN-b38217c5-1,,,Pipe (2),,
,BC-MINCAN-cf2e5ed5-1,,,Island Copper,,
,BC-MINCAN-24b5c56b-1,,,"Babine Lake Division, Bell and Granisles",,
,SK-MINCAN-acf65a34-1,,,Jolu,,
,BC-MINCAN-62871744-1,,,,,
,NL-MINCAN-61d858c5-1,,,,,
,NU-MINCAN-f462a2b0-1,,,Nanisivik,,
,MB-MINCAN-b4bb621b-1,,,Westarm,,
,ON-MINCAN-507dc0b0-1,,,Lyon Lake Division,,
,AB-MINCAN-c8f560d4-1,,,Sil Silica Division,,
,BC-MINCAN-5fef0209-1,,,Baker,,
,BC-MINCAN-90b3eae1-1,,,Canal,,
,BC-MINCAN-202c3bef-1,,,Sumas Mtn.,,
,ON-MINCAN-39e388d0-1,,,Glimmer,,
,MB-MINCAN-aabbe39a-1,,,Namew Lake,,
,YT-MINCAN-9379c8b6-1,,,Ketza River,,
,NB-MINCAN-e37668bc-1,,,CNE,,
,BC-MINCAN-35328a7c-1,,,,,
,NL-MINCAN-3687395e-1,,,Lower Cove,,
,SK-MINCAN-a8cf45f2-1,,,Contact Lake,,
,SK-MINCAN-ee5f55b8-1,,,Komis,,
,AB-MINCAN-56b8731a-1,,,,,
,YT-MINCAN-323b2283-1,,,Brewery Creek,,
,NB-MINCAN-a957221d-1,,,Jamer Operation,,
,NS-MINCAN-2c0604f4-1,,,Wentworth,,
,NB-MINCAN-d26d1d31-1,,,Lake George Antimony,,
,NS-MINCAN-64234115-1,,,Forest Hill,,
,QC-MINCAN-8bea29ed-1,,,Black Lake Division/Mine,,
,NS-MINCAN-0b59bd02-1,,,Point Aconi,,
,AB-MINCAN-303a1daf-1,,,Paintearth,,
,ON-MINCAN-bdf21fb4-1,,,Holt-McDermott,,
,NS-MINCAN-27c9b104-1,,,Sugar Camp,,
,QC-MINCAN-ed15eeae-1,,,,,
,NS-MINCAN-7568571a-2,,,,,
,NS-MINCAN-5eaef479-1,,,,,
,ON-MINCAN-5315b5ff-1,,,Goderich,,
,NS-MINCAN-501d756e-1,,,Brierly Brook,,
,QC-MINCAN-3d39ea16-1,,,King,,
,QC-MINCAN-d12c4bba-1,,,British-Canadian,,
,ON-MINCAN-c10d2a5b-1,,,,,
,NS-MINCAN-0f95b38d-1,,,,,
,BC-MINCAN-a7665d9f-1,,,Ruth-Vermont,,
,BC-MINCAN-20c5edaa-1,,,silversmith,,
,BC-MINCAN-63463e96-1,,,Standard or Emily Edith,,
,ON-MINCAN-3fff30ab-1,,,,,
,BC-MINCAN-4cd43f55-1,,,Hedley Mascot,,
,QC-MINCAN-23259c7f-1,,,Jolichaux Division,,
,SK-MINCAN-9ef4d630-1,,,Bienfait,,
,ON-MINCAN-4c5f2cc6-1,,,No. l (Caledonia),,
,NS-MINCAN-3a6d0d3b-1,,,Miller Creek,,
,BC-MINCAN-fc2450d7-1,,,Coal Mountain,,
,ON-MINCAN-9a4fc92f-1,,,O'Brien,,
,QC-MINCAN-4cc0e8f1-1,,,St-Rémi China Clay,,
,ON-MINCAN-6b0c53ad-1,,,Mann (Manridge),,
,BC-MINCAN-183a3823-1,,,Silvana,,
,ON-MINCAN-f440b954-1,,,,,
,NS-MINCAN-a19acc49-1,,,,,
,QC-MINCAN-90049984-1,,,Chromasco Quarry,,
,QC-MINCAN-f9eadcf8-1,,,Saint-Canut,,
,QC-MINCAN-275a890b-1,,,QAC (Philip Carey/Celotex) or Carey,,
,BC-MINCAN-f2cbbf6e-1,,,Falkland,,
,QC-MINCAN-9cc7d600-1,,,Bedford,,
,QC-MINCAN-09f1dee2-1,,,,,
,NS-MINCAN-176a617d-2,,,,,
,ON-MINCAN-9cc0021a-1,,,Nephton Quarry,,
,ON-MINCAN-1669a6cc-1,,,Blue Mountain,,
,QC-MINCAN-39b7af0f-1,,,,,
,NS-MINCAN-07543d2c-1,,,,,
,AB-MINCAN-dabea4b2-1,,,Atlas Coal,,
,YT-MINCAN-ac864a39-1,,,,,
,QC-MINCAN-7940b1b0-1,,,,,
,AB-MINCAN-d6e4ec19-1,,,Mercoal,,
,ON-MINCAN-397b25eb-1,,,Johnston,,
,ON-MINCAN-52dff922-1,,,,,
,ON-MINCAN-adf7ceb7-1,,,Dulama ,,
,AB-MINCAN-5f824fd4-1,,,,,
,NS-MINCAN-cdfb7cde-1,,,Sifto Salt Division,,
,QC-MINCAN-82f892f0-1,,,,,
,ON-MINCAN-a59eafc6-1,,,Marmoraton,,
,AB-MINCAN-34745292-1,,,,,
,QC-MINCAN-fcfa8705-1,,,Hickey or Evans-Lou,,
,ON-MINCAN-0aa1da2b-1,,,Castle-Trethewey,,
,QC-MINCAN-caa6d8e4-1,,,Duquesne,,
,QC-MINCAN-fd965358-1,,,Giffith's,,
,QC-MINCAN-3fb7ff76-1,,,Bignell,,
,BC-MINCAN-83214efc-1,,,,,
,BC-MINCAN-4b484eee-1,,,Gypsum (Windermere Creek) or Windermere,,
,BC-MINCAN-4bcf2487-1,,,Red Cliff,,
,ON-MINCAN-1122305f-1,,,Mineral Products Division,,
,NS-MINCAN-5b4c8006-1,,,Mindamar,,
,QC-MINCAN-30cffc25-1,,,Chibex,,
,QC-MINCAN-25793f0c-1,,,Back and Smith Lakes,,
,NL-MINCAN-8567e6f9-1,,,,,
,QC-MINCAN-3fd66c10-1,,,Saint-Donat,,
,ON-MINCAN-a57433ae-1,,,Nu-Age or Tripp,,
,ON-MINCAN-1c63f161-1,,,Greyhawk,,
,QC-MINCAN-d404c125-1,,,,,
,ON-MINCAN-5d8c6516-1,,,,,
,ON-MINCAN-20a00b7f-1,,,,,
,MB-MINCAN-6f2e3487-1,,,Wingold,,
,ON-MINCAN-0288518f-1,,,Quirke,,
,BC-MINCAN-88ca99a4-1,,,Swansea,,
,ON-MINCAN-6f93066f-1,,,,,
,ON-MINCAN-f7da9d91-1,,,,,
,ON-MINCAN-e49e7579-1,,,Stanrock,,
,BC-MINCAN-9e13a7e3-1,,,,,
,QC-MINCAN-6b68d676-1,,,,,
,ON-MINCAN-e7ebb8a5-1,,,,,
,ON-MINCAN-774e7682-1,,,Stock or Clavos,,
,BC-MINCAN-711694f8-1,,,Canoe North,,
,NB-MINCAN-20c98ce6-1,,,,,
,BC-MINCAN-3a525c2b-1,,,London Hill,,
,BC-MINCAN-5c1e1e0a-1,,,Sunro,,
,NS-MINCAN-6ad059b9-1,,,,,
,BC-MINCAN-1b35013c-1,,,,,
,ON-MINCAN-1664ae10-1,,,,,
,MB-MINCAN-797a9db3-1,,,Silver Plains,,
,BC-MINCAN-696b1921-1,,,Mineral King (part)       ,,
,YT-MINCAN-72427bf9-1,,,Clinton Creek,,
,ON-MINCAN-cdef7b3e-1,,,Griffith,,
,MB-MINCAN-6c57ef90-1,,,,,
,NS-MINCAN-33c9da27-1,,,,,
,NB-MINCAN-bce52e14-1,,,Salmon Harbour,,
,BC-MINCAN-0f5790b3-1,,,,,
,NL-MINCAN-4f6c11c9-1,,,,,
,ON-MINCAN-90cd86e3-1,,,Kapuskasing,,
,QC-MINCAN-e09ebb95-1,,,,,
,NS-MINCAN-3a4422a7-1,,,Prince ,,
,QC-MINCAN-1245f54b-1,,,Seleine,,
,QC-MINCAN-1245f54b-2,,,Seleine,,
,BC-MINCAN-ada480ff-1,,,Mt. Meager,,
,NS-MINCAN-05f2b462-1,,,Lake Uist ,,
,ON-MINCAN-594dfd74-1,,,,,
,QC-MINCAN-3122bfdb-1,,,Selbaie (Detour),,
,ON-MINCAN-9c58d1be-1,,,,,
,ON-MINCAN-0faea19b-1,,,Braminco,,
,QC-MINCAN-57fceebf-1,,,Bachelor,,
,QC-MINCAN-cf97d1f6-1,,,Short Lake,,
,BC-MINCAN-7a06469d-1,,,Goldstream,,
,NS-MINCAN-e67c529d-1,,,,,
,BC-MINCAN-f1ae48a5-1,,,Red Lake,,
,ZZ-MINCAN-a415b16f-1,,,,,
,QC-MINCAN-0bc29e61-1,,,Estrades,,
,QC-MINCAN-2a48b5e0-1,,,Lac-des-iles (Diotte),,
,QC-MINCAN-d73afa83-1,,,Dolobex,,
,NS-MINCAN-6d9561eb-1,,,Glen Morrison,,
,SK-MINCAN-87a96623-1,,,Konuto Lake (Denare Beach),,
,QC-MINCAN-bc9c00b5-1,,,,,
,NL-MINCAN-7a624570-1,,,Fischell Brook,,
,BC-MINCAN-c6c155fc-1,,,Harper Ranch,,
,AB-MINCAN-0d5737ba-1,,,Sheerness,,
,NL-MINCAN-da977003-1,,,Ten Mile Bay,,
,BC-MINCAN-1d053a29-1,,,Spider,,
,BC-MINCAN-e0f55b1d-1,,,Sullivan,,
,NL-MINCAN-9afaeb78-1,,,,,
,BC-MINCAN-4c1f5774-1,,,,,
,BC-MINCAN-fea721ad-1,,,Nickel Plate,,
,BC-MINCAN-59443dc2-1,,,,,
,BC-MINCAN-74919d46-1,,,,,
,BC-MINCAN-8fb953b2-1,,,,,
,BC-MINCAN-83909135-1,,,Wesfrob Mining Division,,
,BC-MINCAN-9d77436f-1,,,,,
,AB-MINCAN-65e9a47f-1,,,,,
,ON-MINCAN-15dc3b78-1,,,,,
,AB-MINCAN-cb4f2d72-1,,,,,
,AB-MINCAN-9c7810b5-1,,,Vesta,,
,BC-MINCAN-d2ee6214-1,,,,,
,ON-MINCAN-8189c937-1,,,,,
,AB-MINCAN-86f7c90f-1,,,,,
,SK-MINCAN-cca9c36a-1,,,,,
,ON-MINCAN-23754a66-1,,,,,
,QC-MINCAN-34b4ce40-1,,,Mud Lake,,
,ON-MINCAN-1d58cf74-1,,,,,
,BC-MINCAN-9d5860fd-1,,,,,
,AB-MINCAN-862838b8-1,,,,,
,BC-MINCAN-41174363-1,,,Pinchi Lake,,
,AB-MINCAN-bab549cd-1,,,,,
,AB-MINCAN-04625ba0-1,,,,,
,ON-MINCAN-f6e8daf9-1,,,New Joburke Property,,
,NT-MINCAN-4b31f809-1,,,Giant,,
,BC-MINCAN-b1876bbe-1,,,,,
,BC-MINCAN-5b2882fc-1,,,Kootenay River or Elkhorn,,
,BC-MINCAN-7cd14c19-1,,,Estella,,
,ON-MINCAN-8ddb51ca-1,,,Gypsum Division (No.3),,
,BC-MINCAN-5f3fe169-1,,,,,
,BC-MINCAN-ce2f6fba-2,,,,,
,SK-MINCAN-82eb0c3b-1,,,,,
,ON-MINCAN-ebf5306d-1,,,,,
,SK-MINCAN-34c4c910-1,,,Rabbit Lake-Eagle Point,,
,ON-MINCAN-c13062a7-1,,,Lacnor,,
,ON-MINCAN-a13aef0e-1,,,,,
,SK-MINCAN-fa8eca96-1,,,,,
,ON-MINCAN-902bff97-1,,,,,
,ON-MINCAN-3bc1ebac-1,,,,,
,ON-MINCAN-fc9c194e-1,,,,,
,NB-MINCAN-48862b15-2,,,,,
,NB-MINCAN-48862b15-3,,,,,
,SK-MINCAN-25b3292c-1,,,,,
,SK-MINCAN-704df1e2-1,,,,,
,SK-MINCAN-aceb0582-1,,,,,
,BC-MINCAN-dd75192d-1,,,,,
,SK-MINCAN-b3404125-1,,,,,
,NU-MINCAN-ffc8d3f4-1,,,North Rankin,,
,ON-MINCAN-4e288e8c-1,,,Milliken,,
,ON-MINCAN-e403f904-1,,,,,
,SK-MINCAN-c865b976-1,,,,,
,BC-MINCAN-6ce70f55-1,,,,,
,QC-MINCAN-439159ce-1,,,,,
,ON-MINCAN-37a3e06e-1,,,,,
,BC-MINCAN-b76c1502-1,,,,,
,NL-MINCAN-85276dd9-1,,,,,
,AB-MINCAN-92a5d5a1-1,,,Whitewood ,,
,NT-MINCAN-b3d69deb-1,,,,,
,ON-MINCAN-e8a8602a-1,,,,,
,MB-MINCAN-23874aa0-1,,,,,
,BC-MINCAN-f2d15a98-2,,,,,
,SK-MINCAN-56b351ab-2,,,Kalium Chemicals Division,,
,BC-MINCAN-341dc845-1,,,,,
,NS-MINCAN-d1bf4b11-1,,,,,
,NS-MINCAN-6cbf59b6-1,,,Evans or St. Rose,,
,ON-MINCAN-d556f14c-1,,,,,
,SK-MINCAN-f9da1d9a-1,,,,,
,MB-MINCAN-89dd29be-1,,,,,
,SK-MINCAN-6638acb3-1,,,K2,,
,SK-MINCAN-69d8b24b-1,,,Allan Potashs,,
,AB-MINCAN-d9de753d-1,,,Cardinal River (Cheviot),,
,NT-MINCAN-7a560d5b-1,,,Bullmoose,,
,NB-MINCAN-48862b15-4,,,,,
,AB-MINCAN-baae71c0-1,,,Highvale,,
,ON-MINCAN-2e8f9944-1,,,,,
,BC-MINCAN-d20f3be3-1,,,,,
,MB-MINCAN-9b516345-1,,,,,
,BC-MINCAN-cb7dcbf7-1,,,,,
,BC-MINCAN-e9a6ca18-1,,,,,
,NS-MINCAN-76f4cf94-1,,,Lingan,,
,ON-MINCAN-162b845d-1,,,,,
,ON-MINCAN-4c012bc8-1,,,Sturgeon Lake Property,,
,QC-MINCAN-6e03b288-1,,,,,
,ON-MINCAN-0d2d779f-1,,,,,
,BC-MINCAN-16d5538e-1,,,,,
,SK-MINCAN-fb6c41dc-1,,,Rio,,
,SK-MINCAN-8e8d7f29-1,,,Wilcox,,
,BC-MINCAN-3e38e027-1,,,,,
,MB-MINCAN-9cbfc3ba-1,,,Spruce Point ,,
,NU-MINCAN-31fe3531-1,,,Cullaton Lake Gold ,,
,BC-MINCAN-f1799b6a-1,,,,,
,BC-MINCAN-d8088f40-1,,,,,
,NT-MINCAN-ddaaf569-1,,,Salmita ,,
,BC-MINCAN-e7ea7eaa-1,,,Mt. Brussilof,,
,YT-MINCAN-08c4b2b9-1,,,Whiskey Lake,,
,NT-MINCAN-a35b03b3-1,,,Tom and Ptarmigans,,
,ON-MINCAN-e227327a-1,,,Golden Patricia,,
,BC-MINCAN-033a81df-1,,,,,
,MB-MINCAN-33d8a18e-1,,,Tartan Lake,,
,SK-MINCAN-59b2dd88-1,,,Star Lake,,
,YT-MINCAN-ea1d4606-1,,,Mount Skukum ,,
,SK-MINCAN-7c4659d9-1,,,Cluff Lake,,
,NT-MINCAN-6c323262-1,,,Colomac,,
,QC-MINCAN-8f1ac46c-1,,,Gaspé Division,,
,AB-MINCAN-9ba9e3a5-1,,,Coleman,,
,AB-MINCAN-7be39511-1,,,,,
,SK-MINCAN-9666330e-1,,,Callinan,,
,BC-MINCAN-a2a4678e-1,,,Golden Bear,,
,BC-MINCAN-563962bb-1,,,,,
,YT-MINCAN-5d49274a-1,,,Sa Dena Hes,,
,SK-MINCAN-3f84ca34-1,,,,,
,QC-MINCAN-cdf427a0-1,,,,,
,BC-MINCAN-f56d8e09-1,,,Mascot,,
