main_id,indigenous_land_id,distance_to_centroid_m,distance_to_edge_m
YT-MAIN-ab926389-1,,,
NU-MAIN-15f39d07-1,ZZ-IND-e75f313f-1,104644.74,4607.17
ON-MAIN-87c0220c-1,,,
NU-MAIN-22b6a486-1,ZZ-IND-e75f313f-1,81609.0,3035.03
NU-MAIN-b9901c24-1,ZZ-IND-d500c53b-1,99917.14,1065.22
ON-MAIN-042d0b12-1,,,
ON-MAIN-ca1b538d-1,ZZ-IND-0b549d88-1,13334.21,9858.42
ON-MAIN-079ac66d-1,,,
QC-MAIN-cb4de7b8-1,,,
BC-MAIN-f5fe547c-1,,,
NL-MAIN-b066a0c7-1,,,
ON-MAIN-86b89a70-1,,,
ON-MAIN-6b291dc6-1,ZZ-IND-52a9a2b8-1,6778.01,5927.45
ON-MAIN-6b291dc6-1,ZZ-IND-80e56217-1,8532.31,7534.28
ON-MAIN-6b291dc6-1,ZZ-IND-03a5022e-1,10038.33,9506.98
ON-MAIN-6b291dc6-1,ZZ-IND-0f65e4e4-1,10420.4,9794.13
ON-MAIN-6b291dc6-1,ZZ-IND-d5c8b10b-1,12100.03,9799.82
ON-MAIN-6b291dc6-1,ZZ-IND-3b6923b4-1,10332.02,9532.67
QC-MAIN-03247f98-1,,,
ON-MAIN-5a030c69-1,,,
ON-MAIN-a86e1632-1,,,
ON-MAIN-ec0e3472-1,,,
ON-MAIN-87eff5d8-1,,,
ON-MAIN-af364a50-1,,,
ON-MAIN-f22b9058-1,,,
SK-MAIN-fb71dcba-1,,,
SK-MAIN-409d52eb-1,,,
NS-MAIN-7611a9c0-1,,,
YT-MAIN-24f21978-1,ZZ-IND-50397080-1,41753.11,5169.21
ON-MAIN-d0063de8-1,,,
QC-MAIN-918440f1-1,,,
ON-MAIN-36212738-1,,,
QC-MAIN-efc41be6-1,,,
QC-MAIN-b1e99caf-1,,,
QC-MAIN-547f4bc7-1,,,
ON-MAIN-efe5148b-1,,,
ON-MAIN-cb6d25a5-1,,,
ON-MAIN-578ec529-1,,,
QC-MAIN-e3cedb7d-1,,,
QC-MAIN-20601058-1,,,
ON-MAIN-bfbfae34-1,,,
BC-MAIN-6709f0d0-1,,,
ON-MAIN-46afc5a3-1,,,
MB-MAIN-8f99fefb-1,,,
BC-MAIN-e6cded7f-1,,,
BC-MAIN-bc178f67-1,,,
BC-MAIN-95797c9b-1,,,
MB-MAIN-1136efa4-1,,,
MB-MAIN-fd93bf0f-1,,,
QC-MAIN-44440aa8-1,,,
BC-MAIN-0910057b-1,,,
BC-MAIN-963c4503-1,,,
BC-MAIN-e24a35ee-1,,,
AB-MAIN-7ae40bd3-1,,,
BC-MAIN-9ae2b136-1,,,
BC-MAIN-fc1cc254-1,,,
BC-MAIN-c5a3b064-1,,,
NS-MAIN-d018933a-1,,,
BC-MAIN-e58d2ef9-1,,,
AB-MAIN-b18786c7-1,,,
NS-MAIN-1f720bce-1,ZZ-IND-4376cbc4-1,9794.97,9324.86
AB-MAIN-fe3207ad-1,,,
SK-MAIN-4422e7f6-1,,,
AB-MAIN-0d96b8b1-1,,,
SK-MAIN-bba063c3-1,,,
MB-MAIN-27fe043e-1,,,
NL-MAIN-3fb87140-1,,,
BC-MAIN-040f6522-1,,,
BC-MAIN-15627f87-1,,,
NL-MAIN-bd410410-1,,,
BC-MAIN-435152ad-1,,,
YT-MAIN-68063961-1,ZZ-IND-971da58a-1,54159.6,4974.3
BC-MAIN-1342ed5d-1,ZZ-IND-fdb88dfb-1,2884.67,2336.68
BC-MAIN-1342ed5d-1,ZZ-IND-2a63082d-1,6777.97,6420.97
ON-MAIN-dcf3194d-1,,,
ON-MAIN-af5d904f-1,,,
NT-MAIN-7e17e361-1,,,
NT-MAIN-debdc8cf-1,,,
NT-MAIN-72d9e68b-1,,,
QC-MAIN-410d5427-1,,,
QC-MAIN-31468429-1,,,
QC-MAIN-e37f7069-1,,,
NU-MAIN-2375f916-1,ZZ-IND-52c4e8ca-1,105094.79,9172.33
QC-MAIN-a3f1b673-1,,,
NL-MAIN-2d168cf5-1,,,
NL-MAIN-26e5bd2d-1,,,
NL-MAIN-c5737f5f-1,,,
QC-MAIN-696faf4f-1,,,
QC-MAIN-dc872009-1,,,
QC-MAIN-4c223b8f-1,,,
QC-MAIN-a55bfb50-1,,,
MB-MAIN-c8fbe1c0-1,,,
NL-MAIN-be92136a-1,,,
ON-MAIN-7b682137-1,,,
ON-MAIN-8d7da620-1,,,
ON-MAIN-e79f2bec-1,,,
ON-MAIN-22af9c76-1,,,
ON-MAIN-48489720-1,,,
ON-MAIN-20ca68bc-1,,,
ON-MAIN-9e805c41-1,ZZ-IND-262edb0c-1,17628.86,7823.07
ON-MAIN-eba2313b-1,,,
ON-MAIN-2a7426bd-1,,,
QC-MAIN-2747f5c0-1,,,
QC-MAIN-5a8a80ca-1,,,
ON-MAIN-bf708684-1,,,
NL-MAIN-f9946847-1,,,
SK-MAIN-3fcec2e7-1,,,
SK-MAIN-cbbe4602-1,,,
SK-MAIN-fa315b6c-1,,,
SK-MAIN-cec62931-1,,,
AB-MAIN-088a29d1-1,,,
AB-MAIN-c1f37e9f-1,ZZ-IND-cf923bbd-1,10977.73,4863.94
AB-MAIN-3014a94d-1,ZZ-IND-0adb44ee-1,9225.47,7052.11
AB-MAIN-3014a94d-1,ZZ-IND-cf923bbd-1,13514.86,8953.84
AB-MAIN-3014a94d-1,ZZ-IND-cd790e72-1,9862.93,4852.49
AB-MAIN-bfdf3cbd-1,,,
AB-MAIN-49171f37-1,ZZ-IND-cf923bbd-1,12044.83,7650.06
AB-MAIN-189a0c74-1,,,
AB-MAIN-0b9235e1-1,ZZ-IND-cf923bbd-1,5862.9,4147.57
AB-MAIN-2a973ac9-1,,,
BC-MAIN-eb5b0a1d-1,,,
QC-MAIN-36e82d90-1,ZZ-IND-2d1513ea-1,5635.64,130.63
NB-MAIN-6593e458-1,ZZ-IND-49ede758-1,6648.9,6516.2
ON-MAIN-0dc1ca23-1,,,
QC-MAIN-8ca456ee-1,ZZ-IND-2d1513ea-1,13774.62,8083.74
QC-MAIN-a8bc675a-1,,,
QC-MAIN-4e8715a9-1,,,
QC-MAIN-41c4b402-1,,,
ON-MAIN-a4f158ba-1,,,
ON-MAIN-fc4f3bb2-1,ZZ-IND-7f51465e-1,1657.48,1309.27
ON-MAIN-fc4f3bb2-1,ZZ-IND-595c0ff9-1,10115.25,7439.25
QC-MAIN-a07b1ea4-1,,,
QC-MAIN-9245d5f2-1,ZZ-IND-d628b6ef-1,9097.5,6873.92
AB-MAIN-0400fad0-1,,,
ON-MAIN-621e4f9d-1,,,
QC-MAIN-0d3e2477-1,,,
QC-MAIN-a80a23b5-1,,,
AB-MAIN-d0340ea2-1,,,
QC-MAIN-1cdc4109-1,ZZ-IND-ac711172-1,6778.38,5908.09
QC-MAIN-e6f9d1aa-1,ZZ-IND-ac711172-1,5510.56,4664.12
ON-MAIN-ab3beaca-1,ZZ-IND-b4b179d4-1,12614.35,1418.07
ON-MAIN-b8eb9cec-1,,,
ON-MAIN-5d575b1c-1,,,
AB-MAIN-9e5c8260-1,ZZ-IND-75a67250-1,24736.96,7957.96
ON-MAIN-6d63265c-1,,,
QC-MAIN-7aedd1d1-1,,,
QC-MAIN-b82e1010-1,,,
QC-MAIN-e346178b-1,,,
QC-MAIN-8395491a-1,,,
QC-MAIN-d5f7f7a9-1,,,
ON-MAIN-79b5b7f0-1,,,
QC-MAIN-a131cab8-1,,,
QC-MAIN-7af0f951-1,,,
SK-MAIN-df629bdd-1,ZZ-IND-34a1b0be-1,137329.53,2516.6
SK-MAIN-df629bdd-1,ZZ-IND-2aca4401-1,6027.83,5976.68
SK-MAIN-df629bdd-1,ZZ-IND-2a031e33-1,9847.36,9034.13
SK-MAIN-df629bdd-1,ZZ-IND-2634b043-1,355108.79,5529.69
AB-MAIN-e7f96788-1,,,
MB-MAIN-88871a03-1,ZZ-IND-7b48e5c4-1,3382.47,3251.75
QC-MAIN-4201fced-1,ZZ-IND-2d1513ea-1,7264.81,3664.84
QC-MAIN-5dd926d1-1,,,
ON-MAIN-c630ce3f-1,,,
ON-MAIN-4181dc29-1,,,
QC-MAIN-6ac74402-1,,,
MB-MAIN-1d0c2cb3-1,ZZ-IND-d7129510-1,7588.86,7547.61
MB-MAIN-1d0c2cb3-1,ZZ-IND-7b48e5c4-1,9657.13,9601.99
ON-MAIN-9326076c-1,,,
ON-MAIN-a427926b-1,,,
BC-MAIN-637c52c2-1,ZZ-IND-44e217ad-1,4386.59,3362.62
BC-MAIN-637c52c2-1,ZZ-IND-e1ab0821-1,2955.42,2674.11
BC-MAIN-637c52c2-1,ZZ-IND-865a1ba2-1,6583.85,6196.31
BC-MAIN-637c52c2-1,ZZ-IND-11d50d88-1,5943.19,5698.46
BC-MAIN-637c52c2-1,ZZ-IND-3713e000-1,4186.87,3414.77
BC-MAIN-637c52c2-1,ZZ-IND-8561bef4-1,8628.29,8099.0
ON-MAIN-f7c901fd-1,,,
QC-MAIN-ef20c691-1,,,
NL-MAIN-06a353b2-1,,,
MB-MAIN-90b02c47-1,ZZ-IND-7c4b9bb7-1,9438.37,9357.25
ON-MAIN-8869c24c-1,,,
ON-MAIN-f43e32c4-1,,,
AB-MAIN-feb0ef06-1,ZZ-IND-75a67250-1,24164.41,7556.58
QC-MAIN-2cd944d9-1,,,
ON-MAIN-dd48cf98-1,,,
ON-MAIN-2e8f3879-1,,,
ON-MAIN-d1b9bbe6-1,,,
ON-MAIN-7aca343d-1,,,
QC-MAIN-3af5b4c3-1,,,
BC-MAIN-bcfb90e1-1,ZZ-IND-2690e0c5-1,9512.15,9203.46
BC-MAIN-bcfb90e1-1,ZZ-IND-7f641629-1,9010.79,7821.77
BC-MAIN-bcfb90e1-1,ZZ-IND-9430d40a-1,8008.34,7523.6
BC-MAIN-16a191d7-1,ZZ-IND-2690e0c5-1,8930.01,8621.87
BC-MAIN-16a191d7-1,ZZ-IND-7f641629-1,9027.51,7909.2
BC-MAIN-16a191d7-1,ZZ-IND-9430d40a-1,8245.98,7739.9
QC-MAIN-662f8a99-1,,,
QC-MAIN-d7a77a42-1,ZZ-IND-2d1513ea-1,6033.25,196.0
ON-MAIN-41376f49-1,ZZ-IND-7f51465e-1,3761.57,3340.68
ON-MAIN-41376f49-1,ZZ-IND-595c0ff9-1,12009.19,9661.16
MB-MAIN-a67682ea-1,ZZ-IND-7c4b9bb7-1,9792.16,9704.04
ON-MAIN-cc6e92f1-1,,,
QC-MAIN-6cad640b-1,,,
ON-MAIN-ce39294f-1,,,
AB-MAIN-e029cb1f-1,,,
BC-MAIN-9be7e69d-1,,,
QC-MAIN-746467df-1,,,
BC-MAIN-7470aff6-1,ZZ-IND-a9710281-1,3561.5,2839.75
BC-MAIN-7470aff6-1,ZZ-IND-d0e88cfc-1,385.33,371.79
BC-MAIN-7470aff6-1,ZZ-IND-4f9b2518-1,10216.91,9563.51
BC-MAIN-7470aff6-1,ZZ-IND-cb14a785-1,9421.6,8658.13
BC-MAIN-7470aff6-1,ZZ-IND-144c62b5-1,4004.1,3731.28
ON-MAIN-10a30e3e-1,,,
SK-MAIN-42af1816-1,ZZ-IND-34a1b0be-1,138376.41,1125.79
SK-MAIN-42af1816-1,ZZ-IND-2aca4401-1,7245.93,7193.87
SK-MAIN-42af1816-1,ZZ-IND-2a031e33-1,10050.25,9211.8
SK-MAIN-42af1816-1,ZZ-IND-2634b043-1,354258.63,7044.61
ON-MAIN-34211858-1,,,
ON-MAIN-1252073c-1,,,
QC-MAIN-f6f57dd6-1,,,
NL-MAIN-f9946847-2,,,
QC-MAIN-3be44b79-1,,,
ON-MAIN-e116f385-1,,,
AB-MAIN-e2815b92-1,,,
NT-MAIN-47858377-1,ZZ-IND-706c331b-1,45297.79,2438.96
ON-MAIN-0df6012f-1,,,
QC-MAIN-6c3c0289-1,,,
NL-MAIN-2b03e509-1,,,
BC-MAIN-07ad2be6-1,,,
BC-MAIN-955f8afa-1,ZZ-IND-4cfd3599-1,10049.84,9917.17
BC-MAIN-955f8afa-1,ZZ-IND-8e408f33-1,6504.94,6457.12
YT-MAIN-411f048c-1,,,
BC-MAIN-832d756d-1,,,
BC-MAIN-21e4646e-1,,,
BC-MAIN-c87d00e6-1,,,
BC-MAIN-b35001c5-1,,,
BC-MAIN-51177ba8-1,,,
BC-MAIN-5ec20643-1,,,
NL-MAIN-bd410410-2,,,
YT-MAIN-68063961-2,ZZ-IND-971da58a-1,54159.6,4974.3
BC-MAIN-89916018-1,,,
YT-MAIN-6943b8cf-1,ZZ-IND-2e2b9a0e-1,47688.71,967.06
MB-MAIN-84300b33-1,,,
BC-MAIN-6b1be260-1,,,
BC-MAIN-b799f085-1,,,
BC-MAIN-67ecc2f4-1,,,
ON-MAIN-099602fd-1,,,
NU-MAIN-5d4f52b4-1,ZZ-IND-cde1dfbe-1,94754.14,350.28
SK-MAIN-92c5ea59-1,,,
BC-MAIN-b6add796-1,,,
NL-MAIN-790a609b-1,,,
QC-MAIN-383c2fa3-1,,,
BC-MAIN-1638bb75-1,,,
BC-MAIN-ac5c4f8e-1,,,
ON-MAIN-41bc0337-1,,,
QC-MAIN-5d1776d5-1,,,
BC-MAIN-18aacb3e-1,,,
BC-MAIN-853363d1-1,,,
QC-MAIN-1b3434ee-1,,,
BC-MAIN-b6135486-1,,,
BC-MAIN-96b6e5eb-1,,,
BC-MAIN-53bba17f-1,,,
YT-MAIN-11319f2d-1,ZZ-IND-2e2b9a0e-1,68339.12,600.08
MB-MAIN-e03a8156-1,,,
YT-MAIN-6dca29e5-1,ZZ-IND-2e2b9a0e-1,70078.04,5744.03
BC-MAIN-3091ca70-1,,,
MB-MAIN-b483545e-1,,,
YT-MAIN-60122d63-1,ZZ-IND-50397080-1,46510.11,3906.7
MB-MAIN-515b1195-1,,,
MB-MAIN-82ea0522-1,,,
MB-MAIN-6d9f24ca-1,,,
MB-MAIN-d97f30a3-1,,,
MB-MAIN-567f87fa-1,,,
ON-MAIN-4d689934-1,,,
ON-MAIN-7f2e11bd-1,,,
QC-MAIN-ce74de1a-1,,,
QC-MAIN-fe7c9493-1,,,
QC-MAIN-d0738410-1,,,
ON-MAIN-f944754f-1,,,
QC-MAIN-a7571857-1,,,
QC-MAIN-69334cb0-1,,,
QC-MAIN-2b8cc0f4-1,,,
AB-MAIN-cc42475c-1,,,
AB-MAIN-a23961e4-1,,,
QC-MAIN-ba3d416f-1,,,
QC-MAIN-bc5dd61c-1,,,
QC-MAIN-82b2717c-1,,,
QC-MAIN-b5c425d8-1,,,
QC-MAIN-7a5eacde-1,,,
QC-MAIN-f7b40585-1,,,
AB-MAIN-b8d91ef4-1,,,
AB-MAIN-7a44e145-1,,,
SK-MAIN-82b85062-1,,,
SK-MAIN-4690f3c8-1,,,
AB-MAIN-26c965c2-1,,,
QC-MAIN-8f616fcc-1,,,
ON-MAIN-a70df1a9-1,ZZ-IND-5a0bd913-1,9515.66,9265.05
ON-MAIN-a70df1a9-1,ZZ-IND-cfd80dca-1,8409.09,6439.97
QC-MAIN-66812dba-1,,,
QC-MAIN-f66d0226-1,,,
ON-MAIN-4abc69ca-1,,,
ON-MAIN-313f0146-1,,,
QC-MAIN-22c0a46a-1,,,
QC-MAIN-d8c75070-1,,,
ON-MAIN-d06125fd-1,,,
QC-MAIN-2e5da440-1,ZZ-IND-ac711172-1,994.3,289.88
ON-MAIN-5c6e6c7a-1,,,
QC-MAIN-1d4869bb-1,,,
QC-MAIN-d1b8233a-1,,,
BC-MAIN-bb484112-1,,,
BC-MAIN-6f23468f-1,,,
NL-MAIN-9ccf36c0-1,,,
QC-MAIN-2e5da440-2,ZZ-IND-ac711172-1,994.3,289.88
NB-MAIN-14ab93ca-1,,,
NB-MAIN-80b89ec9-1,ZZ-IND-c891712c-1,9070.67,8806.73
BC-MAIN-6b348f3c-1,,,
BC-MAIN-3173491b-1,,,
BC-MAIN-74f5551c-1,,,
BC-MAIN-161ec4d9-1,,,
MB-MAIN-90232f90-1,,,
BC-MAIN-16e89d42-1,ZZ-IND-90d6b458-1,6942.86,6896.88
BC-MAIN-afea17a6-1,,,
QC-MAIN-52b0862b-1,,,
MB-MAIN-b7374552-1,,,
QC-MAIN-62ba823d-1,,,
ON-MAIN-d8a52df2-1,,,
ON-MAIN-07bc135f-1,,,
MB-MAIN-17adc4a4-1,,,
ON-MAIN-8de2b54e-1,ZZ-IND-262edb0c-1,15115.15,7239.94
ON-MAIN-21de8cef-1,,,
ON-MAIN-92254f18-1,ZZ-IND-262edb0c-1,15608.72,7843.56
ON-MAIN-cef2ae42-1,,,
MB-MAIN-72954693-1,,,
NU-MAIN-4da97af6-1,ZZ-IND-d500c53b-1,129124.26,104.33
ON-MAIN-771f682a-1,,,
YT-MAIN-62f18e31-1,ZZ-IND-b94156d7-1,24033.25,2976.53
ON-MAIN-71c22461-1,,,
BC-MAIN-cfe1a12c-1,,,
ON-MAIN-9a1b3df8-1,,,
QC-MAIN-0f1f6d46-1,,,
ON-MAIN-c0dbe3d0-1,,,
ON-MAIN-260dc878-1,,,
ON-MAIN-13e61769-1,,,
ON-MAIN-f039002e-1,,,
SK-MAIN-ee0fab1a-1,,,
SK-MAIN-fa964b40-1,,,
NB-MAIN-b72cbf1c-1,,,
SK-MAIN-52fbe54e-1,ZZ-IND-17cfceda-1,3616.54,2676.82
SK-MAIN-52fbe54e-1,ZZ-IND-3441319a-1,8753.22,8189.97
SK-MAIN-52fbe54e-1,ZZ-IND-3e1a4b81-1,6057.06,5250.65
SK-MAIN-52fbe54e-1,ZZ-IND-eda1119e-1,8167.18,7599.6
SK-MAIN-52fbe54e-1,ZZ-IND-750571e8-1,5278.45,4744.28
SK-MAIN-52fbe54e-1,ZZ-IND-2af5a7b9-1,9606.83,8752.2
SK-MAIN-52fbe54e-1,ZZ-IND-05ee60b7-1,6815.87,6340.3
SK-MAIN-52fbe54e-1,ZZ-IND-9fc92a4e-1,5966.36,5482.36
SK-MAIN-52fbe54e-1,ZZ-IND-683c10d3-1,6247.46,5360.35
SK-MAIN-52fbe54e-1,ZZ-IND-2fcdff30-1,6034.29,5808.14
SK-MAIN-52fbe54e-1,ZZ-IND-4b4d3634-1,10632.54,9483.65
SK-MAIN-52fbe54e-1,ZZ-IND-16771aa6-1,4919.42,4399.44
SK-MAIN-52fbe54e-1,ZZ-IND-a105e24e-1,10267.84,9139.09
SK-MAIN-52fbe54e-1,ZZ-IND-6905c451-1,8315.86,7075.69
SK-MAIN-52fbe54e-1,ZZ-IND-ea1f17b0-1,6325.46,5814.88
SK-MAIN-52fbe54e-1,ZZ-IND-858ed892-1,1849.61,1048.98
SK-MAIN-52fbe54e-1,ZZ-IND-9585f88a-1,7532.83,7063.96
SK-MAIN-52fbe54e-1,ZZ-IND-0deaa062-1,6570.82,5120.83
SK-MAIN-52fbe54e-1,ZZ-IND-8cc85370-1,4589.15,4077.24
SK-MAIN-52fbe54e-1,ZZ-IND-02d65495-1,5151.7,4538.59
SK-MAIN-52fbe54e-1,ZZ-IND-153fc67f-1,5742.55,5653.21
SK-MAIN-52fbe54e-1,ZZ-IND-a88c60bd-1,3387.48,2935.83
SK-MAIN-52fbe54e-1,ZZ-IND-209721ae-1,7967.17,6549.05
SK-MAIN-52fbe54e-1,ZZ-IND-d0344c18-1,4876.98,4026.05
SK-MAIN-52fbe54e-1,ZZ-IND-2597fd28-1,9260.69,3728.55
SK-MAIN-52fbe54e-1,ZZ-IND-e74532a5-1,9331.96,8903.35
SK-MAIN-52fbe54e-1,ZZ-IND-2f2fa255-1,6984.59,6437.17
SK-MAIN-52fbe54e-1,ZZ-IND-0288f573-1,6405.21,5397.81
SK-MAIN-52fbe54e-1,ZZ-IND-c636a714-1,6185.74,4626.81
SK-MAIN-52fbe54e-1,ZZ-IND-98b14c3c-1,4648.44,473.95
SK-MAIN-52fbe54e-1,ZZ-IND-53f23511-1,5399.1,4329.15
SK-MAIN-52fbe54e-1,ZZ-IND-93d6c329-1,5303.68,3862.85
SK-MAIN-52fbe54e-1,ZZ-IND-6d279eee-1,8248.17,7690.34
SK-MAIN-52fbe54e-1,ZZ-IND-38df8b46-1,9014.04,8613.3
SK-MAIN-52fbe54e-1,ZZ-IND-3e9ea186-1,5910.74,5365.53
SK-MAIN-52fbe54e-1,ZZ-IND-d6692bff-1,8387.19,7853.55
SK-MAIN-52fbe54e-1,ZZ-IND-6cfa0864-1,8549.57,6807.22
SK-MAIN-52fbe54e-1,ZZ-IND-98ea287e-1,7050.37,5921.9
SK-MAIN-52fbe54e-1,ZZ-IND-2fd028a3-1,5115.26,4547.06
SK-MAIN-52fbe54e-1,ZZ-IND-a8cf026d-1,9803.05,9348.41
SK-MAIN-52fbe54e-1,ZZ-IND-0216351f-1,8054.42,7537.73
SK-MAIN-52fbe54e-1,ZZ-IND-d857f0ff-1,5587.24,3892.93
SK-MAIN-52fbe54e-1,ZZ-IND-4f2529e3-1,6560.89,6004.03
SK-MAIN-52fbe54e-1,ZZ-IND-3130d831-1,4367.07,3738.51
SK-MAIN-52fbe54e-1,ZZ-IND-c251f309-1,2144.97,1101.63
SK-MAIN-52fbe54e-1,ZZ-IND-00afad38-1,5250.44,3426.18
SK-MAIN-52fbe54e-1,ZZ-IND-26700d44-1,8220.11,7695.11
SK-MAIN-52fbe54e-1,ZZ-IND-8be441d6-1,10355.5,9144.11
SK-MAIN-52fbe54e-1,ZZ-IND-b94aecee-1,9294.7,8758.48
SK-MAIN-52fbe54e-1,ZZ-IND-47e80524-1,9921.82,7406.76
SK-MAIN-52fbe54e-1,ZZ-IND-bef569bf-1,8809.51,8061.42
SK-MAIN-52fbe54e-1,ZZ-IND-4643cb7e-1,8433.72,7693.17
SK-MAIN-52fbe54e-1,ZZ-IND-8f398fcc-1,10272.03,8749.37
SK-MAIN-52fbe54e-1,ZZ-IND-74303166-1,10373.14,9834.12
MB-MAIN-2ee057b8-1,,,
SK-MAIN-ab9c65a7-1,,,
SK-MAIN-86dd1c37-1,,,
SK-MAIN-640b427c-1,,,
QC-MAIN-e066357e-1,,,
QC-MAIN-e363e5b1-1,,,
NT-MAIN-0f6cb3ad-1,,,
NL-MAIN-da3b3dae-1,,,
SK-MAIN-98848a83-1,ZZ-IND-0a2d6c2d-1,5723.99,5695.36
SK-MAIN-98848a83-1,ZZ-IND-8075c95f-1,8393.53,7679.8
SK-MAIN-98848a83-1,ZZ-IND-e5489278-1,4809.54,4794.78
SK-MAIN-98848a83-1,ZZ-IND-f3658d4d-1,153225.42,8211.95
SK-MAIN-98848a83-1,ZZ-IND-f701c5e9-1,3154.03,2908.01
SK-MAIN-98848a83-1,ZZ-IND-6b00d078-1,199947.86,2782.66
ON-MAIN-e116f385-2,,,
QC-MAIN-1fabc906-1,,,
SK-MAIN-53a8c866-1,ZZ-IND-0a2d6c2d-1,6378.14,6348.08
SK-MAIN-53a8c866-1,ZZ-IND-e5489278-1,6166.95,6147.44
SK-MAIN-53a8c866-1,ZZ-IND-f3658d4d-1,149252.52,3783.8
SK-MAIN-53a8c866-1,ZZ-IND-f701c5e9-1,7211.37,6902.62
SK-MAIN-53a8c866-1,ZZ-IND-6b00d078-1,201543.59,5674.51
QC-MAIN-8fcacde6-1,,,
BC-MAIN-f80e2913-1,,,
QC-MAIN-cfde9015-1,,,
NT-MAIN-0f6cb3ad-2,,,
QC-MAIN-6232bf35-1,,,
QC-MAIN-f7b40585-2,,,
QC-MAIN-dd392d35-1,,,
BC-MAIN-fa8dd7ae-1,,,
NS-MAIN-6c39ff7e-1,,,
NB-MAIN-a4415da5-1,,,
NT-MAIN-03e8cde6-1,,,
YT-MAIN-56c18e10-1,ZZ-IND-99baa8fb-1,365630.97,1907.4
YT-MAIN-43994b92-1,,,
NB-MAIN-7b6678ae-1,,,
SK-MAIN-1dda9c9d-1,,,
SK-MAIN-11948fa6-1,,,
NU-MAIN-af98f320-1,ZZ-IND-e75f313f-1,21918.46,3375.26
NU-MAIN-af98f320-1,ZZ-IND-a5ee95bc-1,595410.98,3366.89
NL-MAIN-9ee6abcb-1,,,
SK-MAIN-e95a9d65-1,,,
SK-MAIN-6e2b2410-1,,,
SK-MAIN-a584d05d-1,,,
SK-MAIN-b0e502f0-1,,,
SK-MAIN-19e40503-1,,,
SK-MAIN-b99b2981-1,,,
SK-MAIN-85cc24e6-1,,,
AB-MAIN-5886ad62-1,,,
QC-MAIN-958e6b58-1,ZZ-IND-e4ee6ae5-1,11668.43,5495.36
ON-MAIN-1eff4e4b-1,,,
YT-MAIN-777864fa-1,ZZ-IND-50397080-1,32836.13,3463.69
QC-MAIN-53721d44-1,,,
BC-MAIN-eb5b0a1d-2,,,
NU-MAIN-3a15ba90-1,ZZ-IND-cde1dfbe-1,122014.96,648.57
NT-MAIN-969facce-1,,,
YT-MAIN-860ad5a3-1,,,
YT-MAIN-80c56f4b-1,,,
NL-MAIN-d57abb7f-1,,,
NU-MAIN-9aa02969-1,ZZ-IND-d367fd3a-1,107225.78,33.58
YT-MAIN-c333e0eb-1,,,
QC-MAIN-31d99c67-1,,,
NS-MAIN-10a1b988-1,ZZ-IND-f41972d7-1,13283.07,9638.35
BC-MAIN-360b5bc6-1,,,
YT-MAIN-2e6786ff-1,ZZ-IND-99baa8fb-1,375957.66,8611.82
NB-MAIN-cd82270d-1,,,
NT-MAIN-9d6f2c07-1,,,
NB-MAIN-97cfe920-1,,,
NB-MAIN-658c67a1-1,,,
NB-MAIN-100864a2-1,,,
NB-MAIN-e2850267-1,,,
QC-MAIN-768b402a-1,,,
QC-MAIN-7c67a92e-1,,,
,ZZ-IND-9971f887-1,,
,ZZ-IND-4ad5f2cb-1,,
,ZZ-IND-4e8f2d47-1,,
,ZZ-IND-9c6f512c-1,,
,ZZ-IND-469943e3-1,,
,ZZ-IND-e60b1a2f-1,,
,ZZ-IND-b5cb402a-1,,
,ZZ-IND-43abc64c-1,,
,ZZ-IND-0c20a04e-1,,
,ZZ-IND-482955ba-1,,
,ZZ-IND-41193eb1-1,,
,ZZ-IND-e3922ec0-1,,
,ZZ-IND-8d414fba-1,,
,ZZ-IND-e413b39a-1,,
,ZZ-IND-bb33c854-1,,
,ZZ-IND-b062c196-1,,
,ZZ-IND-1241df52-1,,
,ZZ-IND-ffc9c4b5-1,,
,ZZ-IND-7c5c853a-1,,
,ZZ-IND-38879fc1-1,,
,ZZ-IND-881cb2c6-1,,
,ZZ-IND-f8c7e1b8-1,,
,ZZ-IND-55556aa8-1,,
,ZZ-IND-9b7d5acd-1,,
,ZZ-IND-c336fbf9-1,,
,ZZ-IND-15e43433-1,,
,ZZ-IND-33f40b88-1,,
,ZZ-IND-45f3a103-1,,
,ZZ-IND-aecdd924-1,,
,ZZ-IND-8c06aed2-1,,
,ZZ-IND-c648dbfc-1,,
,ZZ-IND-03e76f35-1,,
,ZZ-IND-d70a4dd3-1,,
,ZZ-IND-5aeeb4c5-1,,
,ZZ-IND-01778926-1,,
,ZZ-IND-c25d4d3d-1,,
,ZZ-IND-29918e1a-1,,
,ZZ-IND-3c33bbcd-1,,
,ZZ-IND-db32592c-1,,
,ZZ-IND-008e6a80-1,,
,ZZ-IND-eab98272-1,,
,ZZ-IND-8235126a-1,,
,ZZ-IND-5d84dc5c-1,,
,ZZ-IND-4a6a5f07-1,,
,ZZ-IND-29ef74d2-1,,
,ZZ-IND-f2c6f205-1,,
,ZZ-IND-48e307db-1,,
,ZZ-IND-82b6f2c2-1,,
,ZZ-IND-c7d7f372-1,,
,ZZ-IND-de1bef7d-1,,
,ZZ-IND-c0bc045b-1,,
,ZZ-IND-28ffa485-1,,
,ZZ-IND-64109046-1,,
,ZZ-IND-f153dc41-1,,
,ZZ-IND-11ec5bc5-1,,
,ZZ-IND-cf6c4f90-1,,
,ZZ-IND-ea6687c0-1,,
,ZZ-IND-c27ae595-1,,
,ZZ-IND-5cf5a5c6-1,,
,ZZ-IND-18442371-1,,
,ZZ-IND-dca50311-1,,
,ZZ-IND-13d07b67-1,,
,ZZ-IND-ab739867-1,,
,ZZ-IND-6d2105b7-1,,
,ZZ-IND-64ec690c-1,,
,ZZ-IND-2ff69918-1,,
,ZZ-IND-f5730883-1,,
,ZZ-IND-e0eea446-1,,
,ZZ-IND-e001989b-1,,
,ZZ-IND-35729432-1,,
,ZZ-IND-98f39407-1,,
,ZZ-IND-37a3eae8-1,,
,ZZ-IND-614fa06a-1,,
,ZZ-IND-40e0b063-1,,
,ZZ-IND-2405f2c5-1,,
,ZZ-IND-48afb239-1,,
,ZZ-IND-7cbd129d-1,,
,ZZ-IND-c3e188b7-1,,
,ZZ-IND-68ceb1b7-1,,
,ZZ-IND-0063010a-1,,
,ZZ-IND-fca834b8-1,,
,ZZ-IND-a7e25c7c-1,,
,ZZ-IND-49fbdb5b-1,,
,ZZ-IND-608ff966-1,,
,ZZ-IND-d395eeb2-1,,
,ZZ-IND-103497f7-1,,
,ZZ-IND-de4d4dd0-1,,
,ZZ-IND-62d87f88-1,,
,ZZ-IND-e812b18a-1,,
,ZZ-IND-91d29fb8-1,,
,ZZ-IND-be02c630-1,,
,ZZ-IND-32112240-1,,
,ZZ-IND-0c482e4b-1,,
,ZZ-IND-2e66351e-1,,
,ZZ-IND-5f067da1-1,,
,ZZ-IND-4b30ac77-1,,
,ZZ-IND-22e367d1-1,,
,ZZ-IND-a1647d5a-1,,
,ZZ-IND-783cd6a8-1,,
,ZZ-IND-a2577454-1,,
,ZZ-IND-889307aa-1,,
,ZZ-IND-a7e18db5-1,,
,ZZ-IND-a29249fb-1,,
,ZZ-IND-f4d522d7-1,,
,ZZ-IND-1962c968-1,,
,ZZ-IND-5712a028-1,,
,ZZ-IND-69311aa5-1,,
,ZZ-IND-cbe9b99f-1,,
,ZZ-IND-bc23f79a-1,,
,ZZ-IND-7b33f207-1,,
,ZZ-IND-d2ff21da-1,,
,ZZ-IND-65c66a6f-1,,
,ZZ-IND-661068ce-1,,
,ZZ-IND-6f8192e6-1,,
,ZZ-IND-bd69f03b-1,,
,ZZ-IND-c3a406d3-1,,
,ZZ-IND-7a1a34a2-1,,
,ZZ-IND-24e685af-1,,
,ZZ-IND-61fe8b4e-1,,
,ZZ-IND-066f0ff3-1,,
,ZZ-IND-60abece0-1,,
,ZZ-IND-37d3f670-1,,
,ZZ-IND-4a622682-1,,
,ZZ-IND-e84e0d65-1,,
,ZZ-IND-247079ca-1,,
,ZZ-IND-e1f8aa87-1,,
,ZZ-IND-a8d69ca2-1,,
,ZZ-IND-30382795-1,,
,ZZ-IND-cbbf1a37-1,,
,ZZ-IND-47018a4b-1,,
,ZZ-IND-f73c4197-1,,
,ZZ-IND-42ba064f-1,,
,ZZ-IND-004eee89-1,,
,ZZ-IND-9269ea31-1,,
,ZZ-IND-f9293198-1,,
,ZZ-IND-0782d75e-1,,
,ZZ-IND-ba1b8b98-1,,
,ZZ-IND-830d9e01-1,,
,ZZ-IND-75466c46-1,,
,ZZ-IND-dcc6ea96-1,,
,ZZ-IND-e5cc2729-1,,
,ZZ-IND-fb34956f-1,,
,ZZ-IND-f69a3abb-1,,
,ZZ-IND-776db116-1,,
,ZZ-IND-55b1cf0a-1,,
,ZZ-IND-64272379-1,,
,ZZ-IND-9a6594e5-1,,
,ZZ-IND-5c08da85-1,,
,ZZ-IND-a4181b4e-1,,
,ZZ-IND-d4ac577c-1,,
,ZZ-IND-3d5279eb-1,,
,ZZ-IND-9c5daa6a-1,,
,ZZ-IND-2b31bb8b-1,,
,ZZ-IND-4c0dbfd6-1,,
,ZZ-IND-29a3e3d6-1,,
,ZZ-IND-b2105607-1,,
,ZZ-IND-e71e05dc-1,,
,ZZ-IND-34c9df20-1,,
,ZZ-IND-e242bdb1-1,,
,ZZ-IND-0980e99b-1,,
,ZZ-IND-fb7bf968-1,,
,ZZ-IND-8a9d10fc-1,,
,ZZ-IND-7fdb1407-1,,
,ZZ-IND-9f36e57d-1,,
,ZZ-IND-0537d148-1,,
,ZZ-IND-53d98a2c-1,,
,ZZ-IND-df5d9500-1,,
,ZZ-IND-c2e5aed1-1,,
,ZZ-IND-1e3df0a1-1,,
,ZZ-IND-d16860a8-1,,
,ZZ-IND-a5d58994-1,,
,ZZ-IND-47f12b97-1,,
,ZZ-IND-c012983a-1,,
,ZZ-IND-11f0c889-1,,
,ZZ-IND-e01a8969-1,,
,ZZ-IND-16d2076d-1,,
,ZZ-IND-799bcfaf-1,,
,ZZ-IND-7c4c6893-1,,
,ZZ-IND-44b58978-1,,
,ZZ-IND-34eda133-1,,
,ZZ-IND-f985f0a7-1,,
,ZZ-IND-b39dafb6-1,,
,ZZ-IND-fb3e3884-1,,
,ZZ-IND-f5f16209-1,,
,ZZ-IND-3d67c7c0-1,,
,ZZ-IND-586cf0eb-1,,
,ZZ-IND-2c043cbe-1,,
,ZZ-IND-513eb1ac-1,,
,ZZ-IND-340db625-1,,
,ZZ-IND-b0052cdb-1,,
,ZZ-IND-85b9f592-1,,
,ZZ-IND-fd300b37-1,,
,ZZ-IND-143b3c94-1,,
,ZZ-IND-a37fb004-1,,
,ZZ-IND-90847679-1,,
,ZZ-IND-93c37ea7-1,,
,ZZ-IND-7eb7141a-1,,
,ZZ-IND-05dadef4-1,,
,ZZ-IND-f5ad9f81-1,,
,ZZ-IND-6f1a98bc-1,,
,ZZ-IND-0f90f2e5-1,,
,ZZ-IND-12e358ee-1,,
,ZZ-IND-eae7263f-1,,
,ZZ-IND-374c0ea0-1,,
,ZZ-IND-441ca850-1,,
,ZZ-IND-e2df594b-1,,
,ZZ-IND-06f52446-1,,
,ZZ-IND-9c9b1a8f-1,,
,ZZ-IND-ea0a87d6-1,,
,ZZ-IND-45a446f8-1,,
,ZZ-IND-85cc515f-1,,
,ZZ-IND-49f72430-1,,
,ZZ-IND-16b4d6cb-1,,
,ZZ-IND-b8d83489-1,,
,ZZ-IND-70734bc8-1,,
,ZZ-IND-a049e292-1,,
,ZZ-IND-177f2879-1,,
,ZZ-IND-2e846fb0-1,,
,ZZ-IND-e7d6c793-1,,
,ZZ-IND-db4f29f2-1,,
,ZZ-IND-cf2848ad-1,,
,ZZ-IND-3a6c7076-1,,
,ZZ-IND-f09d339b-1,,
,ZZ-IND-aa2e8068-1,,
,ZZ-IND-4159b721-1,,
,ZZ-IND-0d94e81a-1,,
,ZZ-IND-529d9375-1,,
,ZZ-IND-d1c1bd0c-1,,
,ZZ-IND-f99e83ea-1,,
,ZZ-IND-ae0245e4-1,,
,ZZ-IND-61530c60-1,,
,ZZ-IND-3fa32bfc-1,,
,ZZ-IND-5418a9b3-1,,
,ZZ-IND-a5c88ebe-1,,
,ZZ-IND-44955edf-1,,
,ZZ-IND-1eaa6632-1,,
,ZZ-IND-056a045f-1,,
,ZZ-IND-c2b995de-1,,
,ZZ-IND-a23fc475-1,,
,ZZ-IND-91cbe84e-1,,
,ZZ-IND-fb27c0fa-1,,
,ZZ-IND-86041535-1,,
,ZZ-IND-c72d0f57-1,,
,ZZ-IND-4f113777-1,,
,ZZ-IND-75a5fbe2-1,,
,ZZ-IND-62d39e30-1,,
,ZZ-IND-1f95ac77-1,,
,ZZ-IND-739338bb-1,,
,ZZ-IND-7740515e-1,,
,ZZ-IND-7a7c13b0-1,,
,ZZ-IND-c8a54424-1,,
,ZZ-IND-68aeff18-1,,
,ZZ-IND-bf3d090e-1,,
,ZZ-IND-ffea4f95-1,,
,ZZ-IND-4144daa2-1,,
,ZZ-IND-5f194ebc-1,,
,ZZ-IND-9d3dfcc5-1,,
,ZZ-IND-f1208659-1,,
,ZZ-IND-56a182e0-1,,
,ZZ-IND-b9feb725-1,,
,ZZ-IND-98146a0a-1,,
,ZZ-IND-2e9a25ba-1,,
,ZZ-IND-e0e80283-1,,
,ZZ-IND-3b8668c8-1,,
,ZZ-IND-ba3799df-1,,
,ZZ-IND-865ebc1a-1,,
,ZZ-IND-2688959a-1,,
,ZZ-IND-a39a7d0b-1,,
,ZZ-IND-6b387846-1,,
,ZZ-IND-718f00dd-1,,
,ZZ-IND-6cf220f9-1,,
,ZZ-IND-10ef8230-1,,
,ZZ-IND-6e626cc5-1,,
,ZZ-IND-4a132451-1,,
,ZZ-IND-7f60b883-1,,
,ZZ-IND-501daa1c-1,,
,ZZ-IND-9fccf83d-1,,
,ZZ-IND-c62c058f-1,,
,ZZ-IND-9a5ba31e-1,,
,ZZ-IND-b74896f1-1,,
,ZZ-IND-f4b5bf37-1,,
,ZZ-IND-027d9717-1,,
,ZZ-IND-a62cb56d-1,,
,ZZ-IND-0ef558b8-1,,
,ZZ-IND-f9d5a687-1,,
,ZZ-IND-99ef5d3e-1,,
,ZZ-IND-c07ab05c-1,,
,ZZ-IND-7e913b15-1,,
,ZZ-IND-9d128555-1,,
,ZZ-IND-c7fcc335-1,,
,ZZ-IND-4bfdf676-1,,
,ZZ-IND-adb8f3f7-1,,
,ZZ-IND-effedd51-1,,
,ZZ-IND-05f54d4e-1,,
,ZZ-IND-7a8ef391-1,,
,ZZ-IND-9895a2d4-1,,
,ZZ-IND-1f448f55-1,,
,ZZ-IND-d59ab442-1,,
,ZZ-IND-d7fbe4bf-1,,
,ZZ-IND-e12ed657-1,,
,ZZ-IND-4f142ad5-1,,
,ZZ-IND-d73fe8e1-1,,
,ZZ-IND-52b5f04b-1,,
,ZZ-IND-3be2726d-1,,
,ZZ-IND-43abf5bc-1,,
,ZZ-IND-5a1764c2-1,,
,ZZ-IND-ebdb9617-1,,
,ZZ-IND-ba9a6a47-1,,
,ZZ-IND-75a40ae3-1,,
,ZZ-IND-921a63d8-1,,
,ZZ-IND-1f25f3a0-1,,
,ZZ-IND-746c30ed-1,,
,ZZ-IND-47c87b5a-1,,
,ZZ-IND-2211876d-1,,
,ZZ-IND-8efbd675-1,,
,ZZ-IND-2c965e3d-1,,
,ZZ-IND-623bc7bc-1,,
,ZZ-IND-a2d4c374-1,,
,ZZ-IND-5af41883-1,,
,ZZ-IND-775f5df4-1,,
,ZZ-IND-1c2c4f4d-1,,
,ZZ-IND-5233bd76-1,,
,ZZ-IND-6d20e90f-1,,
,ZZ-IND-037e70f8-1,,
,ZZ-IND-f04485e7-1,,
,ZZ-IND-44fffb4b-1,,
,ZZ-IND-0a4f4682-1,,
,ZZ-IND-4641c838-1,,
,ZZ-IND-44c81e3f-1,,
,ZZ-IND-06b2e985-1,,
,ZZ-IND-4f5e65f5-1,,
,ZZ-IND-679edcb0-1,,
,ZZ-IND-530873be-1,,
,ZZ-IND-4da4ae06-1,,
,ZZ-IND-5dbee2a2-1,,
,ZZ-IND-b5c75aa5-1,,
,ZZ-IND-416a23a1-1,,
,ZZ-IND-0c4db8da-1,,
,ZZ-IND-fe59a118-1,,
,ZZ-IND-1495b066-1,,
,ZZ-IND-9b821560-1,,
,ZZ-IND-f88648a3-1,,
,ZZ-IND-6eaaf755-1,,
,ZZ-IND-6f36199c-1,,
,ZZ-IND-6634a4a4-1,,
,ZZ-IND-cb46f221-1,,
,ZZ-IND-8f245b38-1,,
,ZZ-IND-1b65a34e-1,,
,ZZ-IND-431e3e46-1,,
,ZZ-IND-de3d5b51-1,,
,ZZ-IND-a3516498-1,,
,ZZ-IND-d9fa2991-1,,
,ZZ-IND-39e8224e-1,,
,ZZ-IND-ab3ddf4f-1,,
,ZZ-IND-1ca929bc-1,,
,ZZ-IND-5d2f435f-1,,
,ZZ-IND-793365a6-1,,
,ZZ-IND-17ef45ee-1,,
,ZZ-IND-e3bfef43-1,,
,ZZ-IND-02d25085-1,,
,ZZ-IND-eb795a5d-1,,
,ZZ-IND-40369f9c-1,,
,ZZ-IND-7337ecbf-1,,
,ZZ-IND-3e07aadc-1,,
,ZZ-IND-b809389c-1,,
,ZZ-IND-078f35f4-1,,
,ZZ-IND-ea2f029c-1,,
,ZZ-IND-b73c747d-1,,
,ZZ-IND-eacc83ad-1,,
,ZZ-IND-5f5efaf9-1,,
,ZZ-IND-ec057d98-1,,
,ZZ-IND-0a0d7449-1,,
,ZZ-IND-01a904a2-1,,
,ZZ-IND-a06ffee9-1,,
,ZZ-IND-4991cb62-1,,
,ZZ-IND-43aa002b-1,,
,ZZ-IND-efc2afcc-1,,
,ZZ-IND-c777eea0-1,,
,ZZ-IND-de225735-1,,
,ZZ-IND-5787a97f-1,,
,ZZ-IND-398a4ad1-1,,
,ZZ-IND-6c5eb7bc-1,,
,ZZ-IND-13d0a2e8-1,,
,ZZ-IND-ad07de62-1,,
,ZZ-IND-826178ea-1,,
,ZZ-IND-45097ed5-1,,
,ZZ-IND-1af9a754-1,,
,ZZ-IND-1dc0d10d-1,,
,ZZ-IND-1c8bfe82-1,,
,ZZ-IND-28e8c927-1,,
,ZZ-IND-7ec4293c-1,,
,ZZ-IND-59e26c83-1,,
,ZZ-IND-c7d95ba9-1,,
,ZZ-IND-450ecb32-1,,
,ZZ-IND-e0888839-1,,
,ZZ-IND-79e5b1dd-1,,
,ZZ-IND-cc426c6e-1,,
,ZZ-IND-fb86280e-1,,
,ZZ-IND-0783fe47-1,,
,ZZ-IND-47e72211-1,,
,ZZ-IND-c1629de6-1,,
,ZZ-IND-0d1eef5c-1,,
,ZZ-IND-983d8c53-1,,
,ZZ-IND-79cf7922-1,,
,ZZ-IND-24286b97-1,,
,ZZ-IND-dd2e83a8-1,,
,ZZ-IND-6f5a5222-1,,
,ZZ-IND-56f6b285-1,,
,ZZ-IND-0bbcdb6a-1,,
,ZZ-IND-b8dd7a42-1,,
,ZZ-IND-82b20895-1,,
,ZZ-IND-b0aebb48-1,,
,ZZ-IND-b997b818-1,,
,ZZ-IND-b5a507bb-1,,
,ZZ-IND-d67ccacf-1,,
,ZZ-IND-21ebf8a5-1,,
,ZZ-IND-23a20fe8-1,,
,ZZ-IND-bf4b6e93-1,,
,ZZ-IND-d180e0b2-1,,
,ZZ-IND-0c8319ad-1,,
,ZZ-IND-639759cb-1,,
,ZZ-IND-e922260a-1,,
,ZZ-IND-74c2777c-1,,
,ZZ-IND-0044572d-1,,
,ZZ-IND-036d2c0d-1,,
,ZZ-IND-f2f8e0d2-1,,
,ZZ-IND-863a9a61-1,,
,ZZ-IND-85f7b23a-1,,
,ZZ-IND-4ead8482-1,,
,ZZ-IND-e2f3e54a-1,,
,ZZ-IND-e52b099c-1,,
,ZZ-IND-ac25ded6-1,,
,ZZ-IND-294ba65c-1,,
,ZZ-IND-191494d7-1,,
,ZZ-IND-37b8b688-1,,
,ZZ-IND-8154db3d-1,,
,ZZ-IND-f7258876-1,,
,ZZ-IND-9ceecbd6-1,,
,ZZ-IND-f5de31b4-1,,
,ZZ-IND-41164d9e-1,,
,ZZ-IND-985a850a-1,,
,ZZ-IND-1e564c08-1,,
,ZZ-IND-259549ce-1,,
,ZZ-IND-62ca2b7d-1,,
,ZZ-IND-ab8b6ab3-1,,
,ZZ-IND-698c90ee-1,,
,ZZ-IND-af52ba00-1,,
,ZZ-IND-dab8c3fd-1,,
,ZZ-IND-ea224e88-1,,
,ZZ-IND-73e78d45-1,,
,ZZ-IND-ee2c1bd2-1,,
,ZZ-IND-aeef279e-1,,
,ZZ-IND-64d3b6d0-1,,
,ZZ-IND-7fbc53b3-1,,
,ZZ-IND-1fdcddfe-1,,
,ZZ-IND-eb2efe95-1,,
,ZZ-IND-089d8cd5-1,,
,ZZ-IND-d05abe4e-1,,
,ZZ-IND-1f058e8a-1,,
,ZZ-IND-ae1ab511-1,,
,ZZ-IND-0a0b6416-1,,
,ZZ-IND-30858fb2-1,,
,ZZ-IND-0417aa6c-1,,
,ZZ-IND-2de3d030-1,,
,ZZ-IND-612e48b8-1,,
,ZZ-IND-fad9ec2b-1,,
,ZZ-IND-43f44b34-1,,
,ZZ-IND-1a56c220-1,,
,ZZ-IND-499ef381-1,,
,ZZ-IND-685c9b78-1,,
,ZZ-IND-afb79d9d-1,,
,ZZ-IND-490117e1-1,,
,ZZ-IND-d70c92e1-1,,
,ZZ-IND-705f8612-1,,
,ZZ-IND-0e77146f-1,,
,ZZ-IND-77c57e67-1,,
,ZZ-IND-fdfee759-1,,
,ZZ-IND-c56f5503-1,,
,ZZ-IND-1a6e9b55-1,,
,ZZ-IND-f847d9b7-1,,
,ZZ-IND-915f9aa4-1,,
,ZZ-IND-f89c7533-1,,
,ZZ-IND-aec1f9e0-1,,
,ZZ-IND-ec67ac71-1,,
,ZZ-IND-47409ea9-1,,
,ZZ-IND-f32b652e-1,,
,ZZ-IND-efa18892-1,,
,ZZ-IND-3119c467-1,,
,ZZ-IND-879bca01-1,,
,ZZ-IND-90f94e94-1,,
,ZZ-IND-996c3093-1,,
,ZZ-IND-8aa7685d-1,,
,ZZ-IND-7e7f6d0a-1,,
,ZZ-IND-335f5073-1,,
,ZZ-IND-fcd1a99f-1,,
,ZZ-IND-22228b5c-1,,
,ZZ-IND-5b7e3e5d-1,,
,ZZ-IND-0e923385-1,,
,ZZ-IND-55e4084a-1,,
,ZZ-IND-474d18fe-1,,
,ZZ-IND-69a08ef2-1,,
,ZZ-IND-1125eb13-1,,
,ZZ-IND-715eb9de-1,,
,ZZ-IND-09b7ef06-1,,
,ZZ-IND-5c62b9de-1,,
,ZZ-IND-578f895d-1,,
,ZZ-IND-c8bb487b-1,,
,ZZ-IND-3c5f95aa-1,,
,ZZ-IND-aca72200-1,,
,ZZ-IND-e2912231-1,,
,ZZ-IND-5d26f5ec-1,,
,ZZ-IND-ab6050dc-1,,
,ZZ-IND-6ce2b4b1-1,,
,ZZ-IND-b92e0fe9-1,,
,ZZ-IND-c338a521-1,,
,ZZ-IND-33c8df21-1,,
,ZZ-IND-18ba36a9-1,,
,ZZ-IND-11c7e000-1,,
,ZZ-IND-43ca5c1f-1,,
,ZZ-IND-a5bea525-1,,
,ZZ-IND-3b662594-1,,
,ZZ-IND-0ea0b6a7-1,,
,ZZ-IND-355b9e1c-1,,
,ZZ-IND-ccf311e4-1,,
,ZZ-IND-d321a2d8-1,,
,ZZ-IND-2bf10ed2-1,,
,ZZ-IND-151b79b7-1,,
,ZZ-IND-c4cfdf59-1,,
,ZZ-IND-814ab9e3-1,,
,ZZ-IND-ed65b270-1,,
,ZZ-IND-8776f55f-1,,
,ZZ-IND-3276c514-1,,
,ZZ-IND-b61bdbe0-1,,
,ZZ-IND-ea986508-1,,
,ZZ-IND-ea5e83d4-1,,
,ZZ-IND-5774637f-1,,
,ZZ-IND-743891ae-1,,
,ZZ-IND-ebe2157a-1,,
,ZZ-IND-ee96d456-1,,
,ZZ-IND-6de68f09-1,,
,ZZ-IND-6d5ff108-1,,
,ZZ-IND-87c7c4ed-1,,
,ZZ-IND-2673f736-1,,
,ZZ-IND-41fff422-1,,
,ZZ-IND-a0a924f5-1,,
,ZZ-IND-0833d82e-1,,
,ZZ-IND-47650867-1,,
,ZZ-IND-d2daa937-1,,
,ZZ-IND-f8281e1a-1,,
,ZZ-IND-affb08ad-1,,
,ZZ-IND-7d268eb1-1,,
,ZZ-IND-7816eaf3-1,,
,ZZ-IND-a9ee8849-1,,
,ZZ-IND-e65154e7-1,,
,ZZ-IND-635950a8-1,,
,ZZ-IND-e41c4dc5-1,,
,ZZ-IND-cf130e77-1,,
,ZZ-IND-92a6aa73-1,,
,ZZ-IND-746a028c-1,,
,ZZ-IND-d811cc2d-1,,
,ZZ-IND-5be16343-1,,
,ZZ-IND-4bc78714-1,,
,ZZ-IND-8399ef74-1,,
,ZZ-IND-cd9cbe01-1,,
,ZZ-IND-e1e4854a-1,,
,ZZ-IND-5170990d-1,,
,ZZ-IND-eaed8ee1-1,,
,ZZ-IND-112a765b-1,,
,ZZ-IND-77770427-1,,
,ZZ-IND-a551e2b1-1,,
,ZZ-IND-d512b2ce-1,,
,ZZ-IND-64a3a712-1,,
,ZZ-IND-6aa76523-1,,
,ZZ-IND-dc445117-1,,
,ZZ-IND-5109a506-1,,
,ZZ-IND-399a35c2-1,,
,ZZ-IND-b3926c38-1,,
,ZZ-IND-22851bbf-1,,
,ZZ-IND-0509a6e2-1,,
,ZZ-IND-22e317fa-1,,
,ZZ-IND-f10b6d2c-1,,
,ZZ-IND-71b25ebd-1,,
,ZZ-IND-1798a1fd-1,,
,ZZ-IND-be50ec35-1,,
,ZZ-IND-29cc39ae-1,,
,ZZ-IND-2fed0bf1-1,,
,ZZ-IND-87439736-1,,
,ZZ-IND-e0c85136-1,,
,ZZ-IND-3849c637-1,,
,ZZ-IND-e33e91f1-1,,
,ZZ-IND-28c019d8-1,,
,ZZ-IND-3e11807b-1,,
,ZZ-IND-1796b5e2-1,,
,ZZ-IND-78b93763-1,,
,ZZ-IND-d2525706-1,,
,ZZ-IND-d60d9ed3-1,,
,ZZ-IND-103e9b6a-1,,
,ZZ-IND-e5724d22-1,,
,ZZ-IND-08f71df3-1,,
,ZZ-IND-09b1fb54-1,,
,ZZ-IND-94e3792c-1,,
,ZZ-IND-be91a965-1,,
,ZZ-IND-4b72d6b8-1,,
,ZZ-IND-c91b87f5-1,,
,ZZ-IND-1b496264-1,,
,ZZ-IND-2f908166-1,,
,ZZ-IND-0b4073a5-1,,
,ZZ-IND-d7f44df4-1,,
,ZZ-IND-c8fcafaf-1,,
,ZZ-IND-fa8511d8-1,,
,ZZ-IND-9ef96d94-1,,
,ZZ-IND-0a50b2b0-1,,
,ZZ-IND-5da12e6f-1,,
,ZZ-IND-9e0fff42-1,,
,ZZ-IND-d186bb0c-1,,
,ZZ-IND-2473e2f5-1,,
,ZZ-IND-36ef0aa1-1,,
,ZZ-IND-bf54971a-1,,
,ZZ-IND-339239df-1,,
,ZZ-IND-83782a72-1,,
,ZZ-IND-a6294aab-1,,
,ZZ-IND-39559b55-1,,
,ZZ-IND-47b88ee1-1,,
,ZZ-IND-18be36d9-1,,
,ZZ-IND-66f6aeee-1,,
,ZZ-IND-06725996-1,,
,ZZ-IND-1d380e6d-1,,
,ZZ-IND-12401822-1,,
,ZZ-IND-a3677f48-1,,
,ZZ-IND-4e0caff8-1,,
,ZZ-IND-acc5eace-1,,
,ZZ-IND-4b155c0e-1,,
,ZZ-IND-f61e5bd7-1,,
,ZZ-IND-5917771d-1,,
,ZZ-IND-4cd028cd-1,,
,ZZ-IND-c6fe96b8-1,,
,ZZ-IND-dbc807ba-1,,
,ZZ-IND-8d513a7a-1,,
,ZZ-IND-4d0c9847-1,,
,ZZ-IND-3eb46568-1,,
,ZZ-IND-19107757-1,,
,ZZ-IND-4d67b355-1,,
,ZZ-IND-a6ec4ed6-1,,
,ZZ-IND-88dc0551-1,,
,ZZ-IND-8d2be1b3-1,,
,ZZ-IND-bd164cb9-1,,
,ZZ-IND-515b5751-1,,
,ZZ-IND-81fb0267-1,,
,ZZ-IND-e325a144-1,,
,ZZ-IND-ca043c1f-1,,
,ZZ-IND-bc6492b2-1,,
,ZZ-IND-bf6bdeec-1,,
,ZZ-IND-93039e07-1,,
,ZZ-IND-9a4a6327-1,,
,ZZ-IND-5a5a0280-1,,
,ZZ-IND-910f77db-1,,
,ZZ-IND-3f667fbb-1,,
,ZZ-IND-960378c0-1,,
,ZZ-IND-732e6620-1,,
,ZZ-IND-df77351c-1,,
,ZZ-IND-7ed585bd-1,,
,ZZ-IND-b9ae8042-1,,
,ZZ-IND-558ff0b5-1,,
,ZZ-IND-0da2d883-1,,
,ZZ-IND-f3f76f28-1,,
,ZZ-IND-00c0b195-1,,
,ZZ-IND-2e88ce00-1,,
,ZZ-IND-f14324c9-1,,
,ZZ-IND-e2dced4a-1,,
,ZZ-IND-0209260b-1,,
,ZZ-IND-8750498c-1,,
,ZZ-IND-29088c73-1,,
,ZZ-IND-e558e9ed-1,,
,ZZ-IND-57bf61c9-1,,
,ZZ-IND-fcdb2d85-1,,
,ZZ-IND-119ecc32-1,,
,ZZ-IND-75866ec5-1,,
,ZZ-IND-70413ee3-1,,
,ZZ-IND-8bec222a-1,,
,ZZ-IND-b29a90c8-1,,
,ZZ-IND-8f239c58-1,,
,ZZ-IND-2ecf1fcb-1,,
,ZZ-IND-3f3e57fe-1,,
,ZZ-IND-5eb66470-1,,
,ZZ-IND-ebdedd22-1,,
,ZZ-IND-3f081029-1,,
,ZZ-IND-65feafa5-1,,
,ZZ-IND-8e8c12d4-1,,
,ZZ-IND-72c6b093-1,,
,ZZ-IND-038d0f65-1,,
,ZZ-IND-8d66c981-1,,
,ZZ-IND-e3f1ed18-1,,
,ZZ-IND-c4ad939e-1,,
,ZZ-IND-e76668fe-1,,
,ZZ-IND-0d96422b-1,,
,ZZ-IND-757d4b30-1,,
,ZZ-IND-e06020d3-1,,
,ZZ-IND-023d4e34-1,,
,ZZ-IND-a41f0160-1,,
,ZZ-IND-8ae8761b-1,,
,ZZ-IND-0e244c93-1,,
,ZZ-IND-0bdd3380-1,,
,ZZ-IND-12855c90-1,,
,ZZ-IND-5cc6e7a4-1,,
,ZZ-IND-bf6eaf6f-1,,
,ZZ-IND-8f92e636-1,,
,ZZ-IND-0524ef3b-1,,
,ZZ-IND-c5627a1a-1,,
,ZZ-IND-85473c10-1,,
,ZZ-IND-ad6da0cd-1,,
,ZZ-IND-573316e8-1,,
,ZZ-IND-9ed311da-1,,
,ZZ-IND-1a142e88-1,,
,ZZ-IND-0d0e64dd-1,,
,ZZ-IND-b3f72d61-1,,
,ZZ-IND-db5c1d66-1,,
,ZZ-IND-ea3fa774-1,,
,ZZ-IND-d15c2ba8-1,,
,ZZ-IND-3d31f3d9-1,,
,ZZ-IND-c3ae57d3-1,,
,ZZ-IND-b0556da4-1,,
,ZZ-IND-a1ac9be0-1,,
,ZZ-IND-a623d703-1,,
,ZZ-IND-0c525e67-1,,
,ZZ-IND-2ac1c833-1,,
,ZZ-IND-fbdfc2e2-1,,
,ZZ-IND-dd481626-1,,
,ZZ-IND-6252020d-1,,
,ZZ-IND-bef699be-1,,
,ZZ-IND-d4340006-1,,
,ZZ-IND-4d1028da-1,,
,ZZ-IND-d2753a32-1,,
,ZZ-IND-ca49f8d8-1,,
,ZZ-IND-900a7ac0-1,,
,ZZ-IND-35d79324-1,,
,ZZ-IND-08cc282a-1,,
,ZZ-IND-9d864b87-1,,
,ZZ-IND-854bf4a2-1,,
,ZZ-IND-f8c31b6a-1,,
,ZZ-IND-3a7251a9-1,,
,ZZ-IND-44626545-1,,
,ZZ-IND-98be4c13-1,,
,ZZ-IND-97d51b48-1,,
,ZZ-IND-69d33fab-1,,
,ZZ-IND-7bd91b74-1,,
,ZZ-IND-22e2ca8c-1,,
,ZZ-IND-f2a83ac6-1,,
,ZZ-IND-49888703-1,,
,ZZ-IND-4899dc38-1,,
,ZZ-IND-70a3bba9-1,,
,ZZ-IND-fb42cdf1-1,,
,ZZ-IND-2031226b-1,,
,ZZ-IND-50be1e98-1,,
,ZZ-IND-4fa6209f-1,,
,ZZ-IND-50b6d339-1,,
,ZZ-IND-9c17cdc2-1,,
,ZZ-IND-b4c3e7a1-1,,
,ZZ-IND-e19953ac-1,,
,ZZ-IND-cc2178e0-1,,
,ZZ-IND-b06fc69c-1,,
,ZZ-IND-6be33100-1,,
,ZZ-IND-08a9650c-1,,
,ZZ-IND-fa38e5c7-1,,
,ZZ-IND-a464b75f-1,,
,ZZ-IND-ef954a75-1,,
,ZZ-IND-20247fc3-1,,
,ZZ-IND-badccf58-1,,
,ZZ-IND-d79f5204-1,,
,ZZ-IND-847b31a2-1,,
,ZZ-IND-c475b915-1,,
,ZZ-IND-4a0d6c89-1,,
,ZZ-IND-21068a85-1,,
,ZZ-IND-c145638c-1,,
,ZZ-IND-8001d265-1,,
,ZZ-IND-cc1ae201-1,,
,ZZ-IND-aa11b73b-1,,
,ZZ-IND-3e019c80-1,,
,ZZ-IND-36814066-1,,
,ZZ-IND-4abd44f9-1,,
,ZZ-IND-de6d70c7-1,,
,ZZ-IND-465e4292-1,,
,ZZ-IND-0654b207-1,,
,ZZ-IND-ccb458bd-1,,
,ZZ-IND-7ce999c9-1,,
,ZZ-IND-66fcf232-1,,
,ZZ-IND-fcca4e17-1,,
,ZZ-IND-f3bbea93-1,,
,ZZ-IND-039737e3-1,,
,ZZ-IND-f5ad330f-1,,
,ZZ-IND-ba3b6414-1,,
,ZZ-IND-510d26f9-1,,
,ZZ-IND-1dda1265-1,,
,ZZ-IND-fcc6551b-1,,
,ZZ-IND-c219fa37-1,,
,ZZ-IND-dc682833-1,,
,ZZ-IND-4020f4ae-1,,
,ZZ-IND-f4ed8772-1,,
,ZZ-IND-5446f07d-1,,
,ZZ-IND-8a79d6ba-1,,
,ZZ-IND-6d1d9f6c-1,,
,ZZ-IND-fb3ba0c2-1,,
,ZZ-IND-060abf5d-1,,
,ZZ-IND-f6c592ee-1,,
,ZZ-IND-ee21123e-1,,
,ZZ-IND-d7319651-1,,
,ZZ-IND-43763cb2-1,,
,ZZ-IND-59344309-1,,
,ZZ-IND-f61efe34-1,,
,ZZ-IND-b83bdba5-1,,
,ZZ-IND-749141f3-1,,
,ZZ-IND-6ddeb865-1,,
,ZZ-IND-86a17cf4-1,,
,ZZ-IND-630732a6-1,,
,ZZ-IND-05bdb51b-1,,
,ZZ-IND-0cb4a1df-1,,
,ZZ-IND-74bf1a24-1,,
,ZZ-IND-1f4313e6-1,,
,ZZ-IND-6bd9832d-1,,
,ZZ-IND-d486301d-1,,
,ZZ-IND-4b4e2cb4-1,,
,ZZ-IND-cc3fb673-1,,
,ZZ-IND-db576dcd-1,,
,ZZ-IND-8089f603-1,,
,ZZ-IND-c2781817-1,,
,ZZ-IND-7b0808dc-1,,
,ZZ-IND-6a743e6f-1,,
,ZZ-IND-4818e1d8-1,,
,ZZ-IND-1e34689e-1,,
,ZZ-IND-48dfd5d3-1,,
,ZZ-IND-f6e21993-1,,
,ZZ-IND-4f7dd364-1,,
,ZZ-IND-c2d9f6fc-1,,
,ZZ-IND-a2fb2e29-1,,
,ZZ-IND-d5b65c0e-1,,
,ZZ-IND-685cfecc-1,,
,ZZ-IND-f9953378-1,,
,ZZ-IND-11b7b375-1,,
,ZZ-IND-0df64c01-1,,
,ZZ-IND-c7598437-1,,
,ZZ-IND-6a4efb3c-1,,
,ZZ-IND-e4221cc1-1,,
,ZZ-IND-dc5cc6d0-1,,
,ZZ-IND-c7a84cc8-1,,
,ZZ-IND-3ad6a3f6-1,,
,ZZ-IND-ebb19fee-1,,
,ZZ-IND-cb651ec5-1,,
,ZZ-IND-feea8d75-1,,
,ZZ-IND-8ba275ff-1,,
,ZZ-IND-b1ed59bb-1,,
,ZZ-IND-87e4c93a-1,,
,ZZ-IND-e67dbbb1-1,,
,ZZ-IND-8db70ede-1,,
,ZZ-IND-f3517b44-1,,
,ZZ-IND-5293d4aa-1,,
,ZZ-IND-e11ef7b8-1,,
,ZZ-IND-7c7a955c-1,,
,ZZ-IND-9bde8c31-1,,
,ZZ-IND-bcc2744c-1,,
,ZZ-IND-7465fa9b-1,,
,ZZ-IND-094b8c89-1,,
,ZZ-IND-5800ef29-1,,
,ZZ-IND-59a43796-1,,
,ZZ-IND-5955baf0-1,,
,ZZ-IND-6584471c-1,,
,ZZ-IND-64fad264-1,,
,ZZ-IND-b1d58b6c-1,,
,ZZ-IND-9a7923fa-1,,
,ZZ-IND-a02f9acb-1,,
,ZZ-IND-5de3ca4a-1,,
,ZZ-IND-08c12d2f-1,,
,ZZ-IND-812225fd-1,,
,ZZ-IND-4b27491a-1,,
,ZZ-IND-e8686661-1,,
,ZZ-IND-e3997742-1,,
,ZZ-IND-b44723a8-1,,
,ZZ-IND-03331481-1,,
,ZZ-IND-c72a45f5-1,,
,ZZ-IND-2612a18c-1,,
,ZZ-IND-1fa7c8c5-1,,
,ZZ-IND-358b606b-1,,
,ZZ-IND-92854ade-1,,
,ZZ-IND-c59f8ce2-1,,
,ZZ-IND-77b9c46d-1,,
,ZZ-IND-fbce5727-1,,
,ZZ-IND-68bf07bf-1,,
,ZZ-IND-2f6ca8e6-1,,
,ZZ-IND-a614f9e3-1,,
,ZZ-IND-7828dbed-1,,
,ZZ-IND-a81ac85e-1,,
,ZZ-IND-37a502bf-1,,
,ZZ-IND-d6b61d1f-1,,
,ZZ-IND-a8e7f30a-1,,
,ZZ-IND-e46221cb-1,,
,ZZ-IND-8a600a1b-1,,
,ZZ-IND-f7348bc9-1,,
,ZZ-IND-acd6fe81-1,,
,ZZ-IND-e0303850-1,,
,ZZ-IND-8e3bcde3-1,,
,ZZ-IND-6999ebcc-1,,
,ZZ-IND-75541fe1-1,,
,ZZ-IND-3bd766f3-1,,
,ZZ-IND-f9f27480-1,,
,ZZ-IND-11492a1d-1,,
,ZZ-IND-3565ce38-1,,
,ZZ-IND-66d8be05-1,,
,ZZ-IND-1e3284df-1,,
,ZZ-IND-a7db0734-1,,
,ZZ-IND-aac9092b-1,,
,ZZ-IND-04f9b280-1,,
,ZZ-IND-2b7123dd-1,,
,ZZ-IND-17f0a773-1,,
,ZZ-IND-a3d7d622-1,,
,ZZ-IND-d6abe64e-1,,
,ZZ-IND-bd7a1e46-1,,
,ZZ-IND-133a3d77-1,,
,ZZ-IND-48b55e85-1,,
,ZZ-IND-3376742e-1,,
,ZZ-IND-2e01f78d-1,,
,ZZ-IND-4e5e06a1-1,,
,ZZ-IND-0236d35b-1,,
,ZZ-IND-dce53180-1,,
,ZZ-IND-ca4b039a-1,,
,ZZ-IND-ad5f9d9b-1,,
,ZZ-IND-e0140783-1,,
,ZZ-IND-43a5735a-1,,
,ZZ-IND-91132294-1,,
,ZZ-IND-f1991ef8-1,,
,ZZ-IND-425f97ba-1,,
,ZZ-IND-52a26964-1,,
,ZZ-IND-f5a0498e-1,,
,ZZ-IND-d62bed79-1,,
,ZZ-IND-c470e39a-1,,
,ZZ-IND-624f6a8a-1,,
,ZZ-IND-efe179dc-1,,
,ZZ-IND-8f0fa720-1,,
,ZZ-IND-93b049d4-1,,
,ZZ-IND-98b64d0f-1,,
,ZZ-IND-ea0565bf-1,,
,ZZ-IND-aa545fed-1,,
,ZZ-IND-8829b9fa-1,,
,ZZ-IND-6a2ea83c-1,,
,ZZ-IND-9946c99c-1,,
,ZZ-IND-dc51378e-1,,
,ZZ-IND-b1a62cd9-1,,
,ZZ-IND-8f8ebecb-1,,
,ZZ-IND-05fa41d5-1,,
,ZZ-IND-93a1edc5-1,,
,ZZ-IND-5f8b0436-1,,
,ZZ-IND-8cdfe4bf-1,,
,ZZ-IND-9efa838b-1,,
,ZZ-IND-12dc214a-1,,
,ZZ-IND-32a2ba66-1,,
,ZZ-IND-c2603a25-1,,
,ZZ-IND-e086dd0e-1,,
,ZZ-IND-0782fce8-1,,
,ZZ-IND-54459f30-1,,
,ZZ-IND-6fa8f45b-1,,
,ZZ-IND-76bb6f90-1,,
,ZZ-IND-0d044f38-1,,
,ZZ-IND-6984b4d2-1,,
,ZZ-IND-9741e98a-1,,
,ZZ-IND-5bca9c85-1,,
,ZZ-IND-3144a160-1,,
,ZZ-IND-0a3ab67a-1,,
,ZZ-IND-cb57a85c-1,,
,ZZ-IND-85bdd4a7-1,,
,ZZ-IND-1519ebb1-1,,
,ZZ-IND-05adea2d-1,,
,ZZ-IND-65bd8273-1,,
,ZZ-IND-9f9ecead-1,,
,ZZ-IND-a8ea85da-1,,
,ZZ-IND-5c88a03b-1,,
,ZZ-IND-7a4276dc-1,,
,ZZ-IND-55b2412b-1,,
,ZZ-IND-881618c1-1,,
,ZZ-IND-73c92e27-1,,
,ZZ-IND-e87af9f4-1,,
,ZZ-IND-d5a4ef32-1,,
,ZZ-IND-e69c9346-1,,
,ZZ-IND-55424871-1,,
,ZZ-IND-f988e510-1,,
,ZZ-IND-90c2b710-1,,
,ZZ-IND-3d79685d-1,,
,ZZ-IND-6c898186-1,,
,ZZ-IND-bc897949-1,,
,ZZ-IND-e015a7d4-1,,
,ZZ-IND-bdbb7d38-1,,
,ZZ-IND-61c0b42c-1,,
,ZZ-IND-8979ecdf-1,,
,ZZ-IND-d84fd894-1,,
,ZZ-IND-1297ae1e-1,,
,ZZ-IND-a70ba5ef-1,,
,ZZ-IND-dc7a8f21-1,,
,ZZ-IND-a2542002-1,,
,ZZ-IND-555477a6-1,,
,ZZ-IND-ba761309-1,,
,ZZ-IND-ed7cd786-1,,
,ZZ-IND-1e9fc993-1,,
,ZZ-IND-9156c165-1,,
,ZZ-IND-2fa8cd1d-1,,
,ZZ-IND-0e273cfc-1,,
,ZZ-IND-874bd2db-1,,
,ZZ-IND-59272ba2-1,,
,ZZ-IND-3c098172-1,,
,ZZ-IND-ddd1acea-1,,
,ZZ-IND-cb1d1ae0-1,,
,ZZ-IND-7ac62daa-1,,
,ZZ-IND-4b487b6d-1,,
,ZZ-IND-1377f019-1,,
,ZZ-IND-9dc6b92b-1,,
,ZZ-IND-672129c9-1,,
,ZZ-IND-491ab462-1,,
,ZZ-IND-0368391c-1,,
,ZZ-IND-57b5bf89-1,,
,ZZ-IND-25565096-1,,
,ZZ-IND-a6e6a37b-1,,
,ZZ-IND-020d0c46-1,,
,ZZ-IND-cefe28c8-1,,
,ZZ-IND-53e6c926-1,,
,ZZ-IND-3a798ca9-1,,
,ZZ-IND-5a239bfd-1,,
,ZZ-IND-2c75fba9-1,,
,ZZ-IND-2a059215-1,,
,ZZ-IND-45ebd056-1,,
,ZZ-IND-9c2e5e00-1,,
,ZZ-IND-90601638-1,,
,ZZ-IND-d23819c0-1,,
,ZZ-IND-4bb5cb63-1,,
,ZZ-IND-ed84622d-1,,
,ZZ-IND-cf1d215b-1,,
,ZZ-IND-a4993183-1,,
,ZZ-IND-fe9ed943-1,,
,ZZ-IND-1ca1536f-1,,
,ZZ-IND-404ac6b0-1,,
,ZZ-IND-0c8d1a53-1,,
,ZZ-IND-0999130d-1,,
,ZZ-IND-512b92bf-1,,
,ZZ-IND-69543bc2-1,,
,ZZ-IND-24ca8396-1,,
,ZZ-IND-2e7b1d1c-1,,
,ZZ-IND-1d267d4c-1,,
,ZZ-IND-4935c3dc-1,,
,ZZ-IND-b46e42f2-1,,
,ZZ-IND-5111f24e-1,,
,ZZ-IND-c4011633-1,,
,ZZ-IND-4413eab5-1,,
,ZZ-IND-1680b479-1,,
,ZZ-IND-72fac47d-1,,
,ZZ-IND-1d0a46a6-1,,
,ZZ-IND-5ef5476d-1,,
,ZZ-IND-a900775f-1,,
,ZZ-IND-d6e795b8-1,,
,ZZ-IND-868c57a9-1,,
,ZZ-IND-556932d2-1,,
,ZZ-IND-f1d308b4-1,,
,ZZ-IND-10513737-1,,
,ZZ-IND-59c34d87-1,,
,ZZ-IND-fa03c2a3-1,,
,ZZ-IND-1e268eb7-1,,
,ZZ-IND-08327ad6-1,,
,ZZ-IND-313bc500-1,,
,ZZ-IND-78c4b65b-1,,
,ZZ-IND-7ed5ccbf-1,,
,ZZ-IND-a159f796-1,,
,ZZ-IND-8a82e96c-1,,
,ZZ-IND-46d8eed4-1,,
,ZZ-IND-78fcf049-1,,
,ZZ-IND-79f42d78-1,,
,ZZ-IND-1c656268-1,,
,ZZ-IND-8abb755b-1,,
,ZZ-IND-acc1266c-1,,
,ZZ-IND-0604134c-1,,
,ZZ-IND-bb71d14d-1,,
,ZZ-IND-ec0d9e80-1,,
,ZZ-IND-df9a6e8a-1,,
,ZZ-IND-2360ef93-1,,
,ZZ-IND-15a22ae7-1,,
,ZZ-IND-46909625-1,,
,ZZ-IND-2d9dbd61-1,,
,ZZ-IND-d060c1c1-1,,
,ZZ-IND-396b7b5a-1,,
,ZZ-IND-1d90f861-1,,
,ZZ-IND-40572f8f-1,,
,ZZ-IND-96d86ad9-1,,
,ZZ-IND-42be3b07-1,,
,ZZ-IND-c76eef1a-1,,
,ZZ-IND-f1dc7859-1,,
,ZZ-IND-baac49a3-1,,
,ZZ-IND-fa29dea7-1,,
,ZZ-IND-65ea5fbf-1,,
,ZZ-IND-da9bd459-1,,
,ZZ-IND-5fed9bca-1,,
,ZZ-IND-9d39d463-1,,
,ZZ-IND-6598646c-1,,
,ZZ-IND-101beafc-1,,
,ZZ-IND-f9423b7d-1,,
,ZZ-IND-d52765dc-1,,
,ZZ-IND-4b9119b5-1,,
,ZZ-IND-f1fe33ca-1,,
,ZZ-IND-9b822577-1,,
,ZZ-IND-3186b5d8-1,,
,ZZ-IND-633db0c9-1,,
,ZZ-IND-42157048-1,,
,ZZ-IND-71051589-1,,
,ZZ-IND-cb196de1-1,,
,ZZ-IND-15c6a85b-1,,
,ZZ-IND-75bc24ff-1,,
,ZZ-IND-9e4da600-1,,
,ZZ-IND-c5699aa2-1,,
,ZZ-IND-50e72721-1,,
,ZZ-IND-b97571d6-1,,
,ZZ-IND-49eaa23f-1,,
,ZZ-IND-f8fc2e54-1,,
,ZZ-IND-5881e3d7-1,,
,ZZ-IND-c1042e7c-1,,
,ZZ-IND-0a8da425-1,,
,ZZ-IND-92a1045e-1,,
,ZZ-IND-a6857cf8-1,,
,ZZ-IND-15eed48a-1,,
,ZZ-IND-8b51e30c-1,,
,ZZ-IND-d728a315-1,,
,ZZ-IND-3324a447-1,,
,ZZ-IND-9832791b-1,,
,ZZ-IND-336d752e-1,,
,ZZ-IND-eb174bb1-1,,
,ZZ-IND-b1063cd4-1,,
,ZZ-IND-8a9ea1e8-1,,
,ZZ-IND-a77e56bd-1,,
,ZZ-IND-d7bcd74b-1,,
,ZZ-IND-72509199-1,,
,ZZ-IND-8dbc5af6-1,,
,ZZ-IND-a8725f09-1,,
,ZZ-IND-2fedce5a-1,,
,ZZ-IND-c53f0bc5-1,,
,ZZ-IND-3c147ce0-1,,
,ZZ-IND-48135232-1,,
,ZZ-IND-7f316179-1,,
,ZZ-IND-ccb1e48d-1,,
,ZZ-IND-93b1f1fe-1,,
,ZZ-IND-cb011ea8-1,,
,ZZ-IND-2d34b1ae-1,,
,ZZ-IND-eef561e0-1,,
,ZZ-IND-7c4fd598-1,,
,ZZ-IND-b2c59633-1,,
,ZZ-IND-a568dd30-1,,
,ZZ-IND-9f4e17d0-1,,
,ZZ-IND-fdd7e18d-1,,
,ZZ-IND-a90a4780-1,,
,ZZ-IND-8a282899-1,,
,ZZ-IND-339ac551-1,,
,ZZ-IND-bf00cd79-1,,
,ZZ-IND-aac567eb-1,,
,ZZ-IND-bc84e2d9-1,,
,ZZ-IND-76281ca8-1,,
,ZZ-IND-b57010e2-1,,
,ZZ-IND-8560f180-1,,
,ZZ-IND-c6af4c02-1,,
,ZZ-IND-403357e0-1,,
,ZZ-IND-d84d7ffc-1,,
,ZZ-IND-1778b37c-1,,
,ZZ-IND-61021a72-1,,
,ZZ-IND-896b6129-1,,
,ZZ-IND-aa9ef923-1,,
,ZZ-IND-d2495412-1,,
,ZZ-IND-ff159a72-1,,
,ZZ-IND-3650ed20-1,,
,ZZ-IND-4df21676-1,,
,ZZ-IND-65745df4-1,,
,ZZ-IND-beb95e18-1,,
,ZZ-IND-517dc094-1,,
,ZZ-IND-c4a8f8cf-1,,
,ZZ-IND-ccb8b914-1,,
,ZZ-IND-6901d331-1,,
,ZZ-IND-1897dcdc-1,,
,ZZ-IND-88074ecc-1,,
,ZZ-IND-736b5f03-1,,
,ZZ-IND-a293e6e9-1,,
,ZZ-IND-6b6c91b3-1,,
,ZZ-IND-496796dc-1,,
,ZZ-IND-2e180625-1,,
,ZZ-IND-af4e8e62-1,,
,ZZ-IND-fb7fbfbf-1,,
,ZZ-IND-d2ad7d1f-1,,
,ZZ-IND-cf69efb3-1,,
,ZZ-IND-655ce0aa-1,,
,ZZ-IND-1601238e-1,,
,ZZ-IND-732e64cb-1,,
,ZZ-IND-961682a2-1,,
,ZZ-IND-f4ac8f59-1,,
,ZZ-IND-5b079e20-1,,
,ZZ-IND-81906840-1,,
,ZZ-IND-8ab8b0bb-1,,
,ZZ-IND-3c4ed6f0-1,,
,ZZ-IND-79871a5b-1,,
,ZZ-IND-062cdfb4-1,,
,ZZ-IND-a2970533-1,,
,ZZ-IND-69f4df67-1,,
,ZZ-IND-9081b80b-1,,
,ZZ-IND-ef8a1299-1,,
,ZZ-IND-0429434e-1,,
,ZZ-IND-650e78cd-1,,
,ZZ-IND-e0085a59-1,,
,ZZ-IND-52ac126c-1,,
,ZZ-IND-15aaa3f0-1,,
,ZZ-IND-867df6eb-1,,
,ZZ-IND-7a2f0b01-1,,
,ZZ-IND-60fd07d4-1,,
,ZZ-IND-1414d7f7-1,,
,ZZ-IND-08064a63-1,,
,ZZ-IND-dbd2f24e-1,,
,ZZ-IND-9fc474a3-1,,
,ZZ-IND-7717a45c-1,,
,ZZ-IND-95d05c9b-1,,
,ZZ-IND-11f71054-1,,
,ZZ-IND-9bc8597a-1,,
,ZZ-IND-c637bb9f-1,,
,ZZ-IND-4582cf43-1,,
,ZZ-IND-5fb73f63-1,,
,ZZ-IND-20b9c67e-1,,
,ZZ-IND-678fbbe9-1,,
,ZZ-IND-dc6622e7-1,,
,ZZ-IND-e9293b7a-1,,
,ZZ-IND-ed1b91e2-1,,
,ZZ-IND-1e46d5d4-1,,
,ZZ-IND-d5f4dd4e-1,,
,ZZ-IND-8a427a25-1,,
,ZZ-IND-8a39951e-1,,
,ZZ-IND-1171c751-1,,
,ZZ-IND-2835ed1b-1,,
,ZZ-IND-2d9c802b-1,,
,ZZ-IND-41665189-1,,
,ZZ-IND-424b4d85-1,,
,ZZ-IND-b00a706a-1,,
,ZZ-IND-df2e0c6a-1,,
,ZZ-IND-31d2eac2-1,,
,ZZ-IND-04308af9-1,,
,ZZ-IND-9269d02d-1,,
,ZZ-IND-e24c6ef2-1,,
,ZZ-IND-96fb4d9c-1,,
,ZZ-IND-36c6b9f4-1,,
,ZZ-IND-f19c9df6-1,,
,ZZ-IND-1c2325da-1,,
,ZZ-IND-e738389e-1,,
,ZZ-IND-3e562662-1,,
,ZZ-IND-3898bcc7-1,,
,ZZ-IND-623650ea-1,,
,ZZ-IND-007d212e-1,,
,ZZ-IND-9deb479f-1,,
,ZZ-IND-450be313-1,,
,ZZ-IND-1867c31d-1,,
,ZZ-IND-5814b865-1,,
,ZZ-IND-604fc972-1,,
,ZZ-IND-d92574c0-1,,
,ZZ-IND-54af266b-1,,
,ZZ-IND-062824d5-1,,
,ZZ-IND-72959157-1,,
,ZZ-IND-ebb12149-1,,
,ZZ-IND-b5aa3690-1,,
,ZZ-IND-e3fcc9f9-1,,
,ZZ-IND-b91a4d78-1,,
,ZZ-IND-d32ed86a-1,,
,ZZ-IND-b3136c5d-1,,
,ZZ-IND-3125475b-1,,
,ZZ-IND-a109235b-1,,
,ZZ-IND-ca823274-1,,
,ZZ-IND-700ba7cf-1,,
,ZZ-IND-45ff727a-1,,
,ZZ-IND-6b42d365-1,,
,ZZ-IND-0d765928-1,,
,ZZ-IND-a2b01652-1,,
,ZZ-IND-0bd6ab94-1,,
,ZZ-IND-5954914a-1,,
,ZZ-IND-1140cb23-1,,
,ZZ-IND-eb6f5ba9-1,,
,ZZ-IND-550236e0-1,,
,ZZ-IND-fc37d7ab-1,,
,ZZ-IND-83e4db37-1,,
,ZZ-IND-dd9fd5d0-1,,
,ZZ-IND-62b9cbf3-1,,
,ZZ-IND-1ca3babf-1,,
,ZZ-IND-f73df262-1,,
,ZZ-IND-5e323c8e-1,,
,ZZ-IND-64e359ec-1,,
,ZZ-IND-09c62fe4-1,,
,ZZ-IND-ae728b33-1,,
,ZZ-IND-7519e0d5-1,,
,ZZ-IND-ae284d89-1,,
,ZZ-IND-812a49c9-1,,
,ZZ-IND-2400c90f-1,,
,ZZ-IND-a9a3a80c-1,,
,ZZ-IND-8b1fb5fb-1,,
,ZZ-IND-7a993ef8-1,,
,ZZ-IND-210aed23-1,,
,ZZ-IND-ea367a46-1,,
,ZZ-IND-715ec09e-1,,
,ZZ-IND-0c6ce68d-1,,
,ZZ-IND-33b749d4-1,,
,ZZ-IND-443a6999-1,,
,ZZ-IND-63929dd6-1,,
,ZZ-IND-4ed85f17-1,,
,ZZ-IND-ec011e33-1,,
,ZZ-IND-91b0a331-1,,
,ZZ-IND-f25dfb70-1,,
,ZZ-IND-7dbb829c-1,,
,ZZ-IND-9b39c3cc-1,,
,ZZ-IND-d524cb54-1,,
,ZZ-IND-355e2ec6-1,,
,ZZ-IND-7e6a718b-1,,
,ZZ-IND-19f3e9f3-1,,
,ZZ-IND-ddb00b0b-1,,
,ZZ-IND-afdd9057-1,,
,ZZ-IND-2d8c30a4-1,,
,ZZ-IND-abff2e61-1,,
,ZZ-IND-fcb05331-1,,
,ZZ-IND-95ca573c-1,,
,ZZ-IND-0ab9796e-1,,
,ZZ-IND-51d6ee4b-1,,
,ZZ-IND-ed5bcf11-1,,
,ZZ-IND-a7c1c242-1,,
,ZZ-IND-3fcf9f8c-1,,
,ZZ-IND-f95cf3cd-1,,
,ZZ-IND-ba5da7b4-1,,
,ZZ-IND-3cde0251-1,,
,ZZ-IND-eedc314a-1,,
,ZZ-IND-0b39976d-1,,
,ZZ-IND-23f940eb-1,,
,ZZ-IND-15639c76-1,,
,ZZ-IND-178d0d82-1,,
,ZZ-IND-31f0664e-1,,
,ZZ-IND-8c156c35-1,,
,ZZ-IND-f798d404-1,,
,ZZ-IND-e6a7092a-1,,
,ZZ-IND-3756aa63-1,,
,ZZ-IND-eec8ecfa-1,,
,ZZ-IND-012de92d-1,,
,ZZ-IND-18feb09d-1,,
,ZZ-IND-0b68ba93-1,,
,ZZ-IND-aed23d4a-1,,
,ZZ-IND-19568e54-1,,
,ZZ-IND-266c42c1-1,,
,ZZ-IND-3f75a26f-1,,
,ZZ-IND-8abbd4b1-1,,
,ZZ-IND-22721e44-1,,
,ZZ-IND-c6576bf8-1,,
,ZZ-IND-58edf453-1,,
,ZZ-IND-e9eaadb8-1,,
,ZZ-IND-e9717dc3-1,,
,ZZ-IND-8de5375c-1,,
,ZZ-IND-d13aa9dd-1,,
,ZZ-IND-425891e7-1,,
,ZZ-IND-5a7ace6b-1,,
,ZZ-IND-843dd592-1,,
,ZZ-IND-3431aa83-1,,
,ZZ-IND-c7d680c2-1,,
,ZZ-IND-bf3e9595-1,,
,ZZ-IND-f6092e2b-1,,
,ZZ-IND-e6fd0ce2-1,,
,ZZ-IND-0fc5c40f-1,,
,ZZ-IND-9423fd19-1,,
,ZZ-IND-1f9ed948-1,,
,ZZ-IND-936c07e0-1,,
,ZZ-IND-f8e9ecee-1,,
,ZZ-IND-e889378e-1,,
,ZZ-IND-8f9de58b-1,,
,ZZ-IND-4438178d-1,,
,ZZ-IND-7df366f1-1,,
,ZZ-IND-690243f1-1,,
,ZZ-IND-6de59e5a-1,,
,ZZ-IND-8394cf19-1,,
,ZZ-IND-c9e21dc6-1,,
,ZZ-IND-24eb86f0-1,,
,ZZ-IND-c7b79b81-1,,
,ZZ-IND-3e779a6a-1,,
,ZZ-IND-eafef573-1,,
,ZZ-IND-5dcd6223-1,,
,ZZ-IND-d9fca8bb-1,,
,ZZ-IND-b66c8e37-1,,
,ZZ-IND-bf145684-1,,
,ZZ-IND-b0348b60-1,,
,ZZ-IND-d2e6de7c-1,,
,ZZ-IND-61aa4f38-1,,
,ZZ-IND-be08125f-1,,
,ZZ-IND-6b126084-1,,
,ZZ-IND-cb1dd152-1,,
,ZZ-IND-7d71c739-1,,
,ZZ-IND-a80c729c-1,,
,ZZ-IND-7c971afe-1,,
,ZZ-IND-ca6cffd7-1,,
,ZZ-IND-bf313dab-1,,
,ZZ-IND-a23376c7-1,,
,ZZ-IND-e3753227-1,,
,ZZ-IND-2e803359-1,,
,ZZ-IND-803d7930-1,,
,ZZ-IND-74a072cc-1,,
,ZZ-IND-f22d71da-1,,
,ZZ-IND-452133f9-1,,
,ZZ-IND-e32d3538-1,,
,ZZ-IND-0d69be5f-1,,
,ZZ-IND-d069c425-1,,
,ZZ-IND-7e85837a-1,,
,ZZ-IND-6c88cd51-1,,
,ZZ-IND-2e03661d-1,,
,ZZ-IND-939b4cdb-1,,
,ZZ-IND-451cdb8a-1,,
,ZZ-IND-1868ad7c-1,,
,ZZ-IND-04b5d47c-1,,
,ZZ-IND-14bbed6e-1,,
,ZZ-IND-92b1ec56-1,,
,ZZ-IND-26bbbdd7-1,,
,ZZ-IND-5da9cf89-1,,
,ZZ-IND-3e1f8e19-1,,
,ZZ-IND-e573c477-1,,
,ZZ-IND-a7fc8c8d-1,,
,ZZ-IND-f9bd5fe2-1,,
,ZZ-IND-ffca7574-1,,
,ZZ-IND-bc49d839-1,,
,ZZ-IND-04eb1075-1,,
,ZZ-IND-3d7bf9dc-1,,
,ZZ-IND-aab0aa06-1,,
,ZZ-IND-53ae0e03-1,,
,ZZ-IND-047045f1-1,,
,ZZ-IND-dbd1dfe7-1,,
,ZZ-IND-a89a2594-1,,
,ZZ-IND-256418c7-1,,
,ZZ-IND-e63a303b-1,,
,ZZ-IND-ce3a4e6b-1,,
,ZZ-IND-cad64393-1,,
,ZZ-IND-c91d54db-1,,
,ZZ-IND-83cf1fa5-1,,
,ZZ-IND-c55840dd-1,,
,ZZ-IND-9c1516d8-1,,
,ZZ-IND-70319571-1,,
,ZZ-IND-8c299b49-1,,
,ZZ-IND-78e9c721-1,,
,ZZ-IND-852cf908-1,,
,ZZ-IND-a321b12a-1,,
,ZZ-IND-89393ad9-1,,
,ZZ-IND-6174ca7a-1,,
,ZZ-IND-e83f237d-1,,
,ZZ-IND-a703461c-1,,
,ZZ-IND-a0939983-1,,
,ZZ-IND-d0802e8d-1,,
,ZZ-IND-539e59bd-1,,
,ZZ-IND-ad603a2c-1,,
,ZZ-IND-f509c869-1,,
,ZZ-IND-854f61f2-1,,
,ZZ-IND-a543ad4f-1,,
,ZZ-IND-9e2784b0-1,,
,ZZ-IND-6562cac7-1,,
,ZZ-IND-8765614f-1,,
,ZZ-IND-4cd9d69e-1,,
,ZZ-IND-395281f2-1,,
,ZZ-IND-a66d5831-1,,
,ZZ-IND-b9257fce-1,,
,ZZ-IND-278235d0-1,,
,ZZ-IND-1768d2b9-1,,
,ZZ-IND-73c5b4b1-1,,
,ZZ-IND-0a3fdff2-1,,
,ZZ-IND-22c0a90a-1,,
,ZZ-IND-7ab3c87d-1,,
,ZZ-IND-c6d01b27-1,,
,ZZ-IND-43e4c572-1,,
,ZZ-IND-24db80d8-1,,
,ZZ-IND-538d14cf-1,,
,ZZ-IND-b53633ee-1,,
,ZZ-IND-5449e835-1,,
,ZZ-IND-dacf402b-1,,
,ZZ-IND-3cdb92fa-1,,
,ZZ-IND-18dce7c2-1,,
,ZZ-IND-42ffe6fd-1,,
,ZZ-IND-c7196d35-1,,
,ZZ-IND-a1c9ad56-1,,
,ZZ-IND-edea9a1f-1,,
,ZZ-IND-6d18138f-1,,
,ZZ-IND-dc0e4bee-1,,
,ZZ-IND-04b50bf2-1,,
,ZZ-IND-220c2833-1,,
,ZZ-IND-0d8b8706-1,,
,ZZ-IND-99a5db8c-1,,
,ZZ-IND-0b795f0a-1,,
,ZZ-IND-af7c1869-1,,
,ZZ-IND-1c1da8a5-1,,
,ZZ-IND-e1d43a02-1,,
,ZZ-IND-f7af131b-1,,
,ZZ-IND-43901c04-1,,
,ZZ-IND-ca8f7c05-1,,
,ZZ-IND-275a8702-1,,
,ZZ-IND-6d22ee40-1,,
,ZZ-IND-fc3c8b7d-1,,
,ZZ-IND-cee99206-1,,
,ZZ-IND-36839cb6-1,,
,ZZ-IND-feb6915c-1,,
,ZZ-IND-845e11b2-1,,
,ZZ-IND-23ca0397-1,,
,ZZ-IND-99b85e94-1,,
,ZZ-IND-ff806f7b-1,,
,ZZ-IND-329b132a-1,,
,ZZ-IND-5430e022-1,,
,ZZ-IND-fab33f50-1,,
,ZZ-IND-425198d9-1,,
,ZZ-IND-d6135467-1,,
,ZZ-IND-a2f9c94b-1,,
,ZZ-IND-b2d2c0eb-1,,
,ZZ-IND-d982b7b7-1,,
,ZZ-IND-a2d9cf6b-1,,
,ZZ-IND-33c85360-1,,
,ZZ-IND-5d8b4ea4-1,,
,ZZ-IND-a16a17c3-1,,
,ZZ-IND-6f1c3e89-1,,
,ZZ-IND-9514f9cb-1,,
,ZZ-IND-9c96bf76-1,,
,ZZ-IND-afb9eb9f-1,,
,ZZ-IND-4978646f-1,,
,ZZ-IND-37122f7a-1,,
,ZZ-IND-40622bf0-1,,
,ZZ-IND-a86b1c1d-1,,
,ZZ-IND-d0a3fb40-1,,
,ZZ-IND-817f003b-1,,
,ZZ-IND-7637b8f4-1,,
,ZZ-IND-daae9561-1,,
,ZZ-IND-cbac120c-1,,
,ZZ-IND-97f3696b-1,,
,ZZ-IND-e51741c2-1,,
,ZZ-IND-7297c738-1,,
,ZZ-IND-0a00fa49-1,,
,ZZ-IND-c4049ada-1,,
,ZZ-IND-1218a411-1,,
,ZZ-IND-5d23ef17-1,,
,ZZ-IND-ceacc01b-1,,
,ZZ-IND-9d7f0f32-1,,
,ZZ-IND-9c9fc5aa-1,,
,ZZ-IND-258ee2f6-1,,
,ZZ-IND-8c957f14-1,,
,ZZ-IND-3b6580eb-1,,
,ZZ-IND-a3f6e9af-1,,
,ZZ-IND-f57f7377-1,,
,ZZ-IND-164bcbb4-1,,
,ZZ-IND-a606f51e-1,,
,ZZ-IND-424756f5-1,,
,ZZ-IND-1c461152-1,,
,ZZ-IND-e8474db4-1,,
,ZZ-IND-534760b1-1,,
,ZZ-IND-dc8312a0-1,,
,ZZ-IND-ee6fbb2c-1,,
,ZZ-IND-4d477826-1,,
,ZZ-IND-ae4ebc0e-1,,
,ZZ-IND-e40ba43a-1,,
,ZZ-IND-3e361bc3-1,,
,ZZ-IND-b70a3176-1,,
,ZZ-IND-647c5501-1,,
,ZZ-IND-8032a8d1-1,,
,ZZ-IND-a27edc42-1,,
,ZZ-IND-f5419164-1,,
,ZZ-IND-3d6fffd6-1,,
,ZZ-IND-b8d36aae-1,,
,ZZ-IND-793a6a87-1,,
,ZZ-IND-ea540fb5-1,,
,ZZ-IND-ddf87563-1,,
,ZZ-IND-a40e7b93-1,,
,ZZ-IND-57a2a54b-1,,
,ZZ-IND-cdb23856-1,,
,ZZ-IND-6b02ba05-1,,
,ZZ-IND-a8812423-1,,
,ZZ-IND-3000bccb-1,,
,ZZ-IND-7898590b-1,,
,ZZ-IND-47ae2a14-1,,
,ZZ-IND-57572740-1,,
,ZZ-IND-d2ea30c5-1,,
,ZZ-IND-07fc3563-1,,
,ZZ-IND-78b2f5e7-1,,
,ZZ-IND-4001b993-1,,
,ZZ-IND-ad9c3200-1,,
,ZZ-IND-3321c9f0-1,,
,ZZ-IND-f19dcdd6-1,,
,ZZ-IND-226705dd-1,,
,ZZ-IND-a2f80a73-1,,
,ZZ-IND-f04a1669-1,,
,ZZ-IND-c87f2c47-1,,
,ZZ-IND-6e5d09a3-1,,
,ZZ-IND-b1681b5b-1,,
,ZZ-IND-2aa6f89b-1,,
,ZZ-IND-2894b71c-1,,
,ZZ-IND-f9ce8c5d-1,,
,ZZ-IND-e2d32491-1,,
,ZZ-IND-a42bf17f-1,,
,ZZ-IND-604d00dd-1,,
,ZZ-IND-6d91cd2b-1,,
,ZZ-IND-4d39bca6-1,,
,ZZ-IND-2dfd95c3-1,,
,ZZ-IND-d67d94d0-1,,
,ZZ-IND-420d2b99-1,,
,ZZ-IND-92b01a05-1,,
,ZZ-IND-1e6afd73-1,,
,ZZ-IND-ace4383b-1,,
,ZZ-IND-d8620ddb-1,,
,ZZ-IND-a38ddb99-1,,
,ZZ-IND-f2ab6b68-1,,
,ZZ-IND-e7f5791f-1,,
,ZZ-IND-7ff978d5-1,,
,ZZ-IND-7b4fbdf8-1,,
,ZZ-IND-d5517dd8-1,,
,ZZ-IND-002769ee-1,,
,ZZ-IND-4b464a79-1,,
,ZZ-IND-dd7bf6d8-1,,
,ZZ-IND-17eadb40-1,,
,ZZ-IND-b24c03c1-1,,
,ZZ-IND-e19336eb-1,,
,ZZ-IND-06ac5982-1,,
,ZZ-IND-d9abd00d-1,,
,ZZ-IND-b9021f4d-1,,
,ZZ-IND-3c19cdb9-1,,
,ZZ-IND-c395ba99-1,,
,ZZ-IND-303eb5af-1,,
,ZZ-IND-abb0123e-1,,
,ZZ-IND-a726c835-1,,
,ZZ-IND-d1e27afe-1,,
,ZZ-IND-d1b03c47-1,,
,ZZ-IND-28f7bf49-1,,
,ZZ-IND-54f3f8a9-1,,
,ZZ-IND-9274c639-1,,
,ZZ-IND-89f02f12-1,,
,ZZ-IND-0940cd01-1,,
,ZZ-IND-091dde58-1,,
,ZZ-IND-37266999-1,,
,ZZ-IND-227957e7-1,,
,ZZ-IND-056e8ac2-1,,
,ZZ-IND-36c8b7c1-1,,
,ZZ-IND-08bd8924-1,,
,ZZ-IND-99a1f9d9-1,,
,ZZ-IND-1eabca78-1,,
,ZZ-IND-e03672c8-1,,
,ZZ-IND-4339eaa7-1,,
,ZZ-IND-dc8ce3c5-1,,
,ZZ-IND-e0db83a8-1,,
,ZZ-IND-b4472486-1,,
,ZZ-IND-1fd12a9d-1,,
,ZZ-IND-294269ab-1,,
,ZZ-IND-44ae2af8-1,,
,ZZ-IND-8bcef016-1,,
,ZZ-IND-8ea37015-1,,
,ZZ-IND-8517d86b-1,,
,ZZ-IND-5e4b338e-1,,
,ZZ-IND-35c3a7d1-1,,
,ZZ-IND-b8638c33-1,,
,ZZ-IND-0668183b-1,,
,ZZ-IND-23c9c2e2-1,,
,ZZ-IND-b4e499a3-1,,
,ZZ-IND-3c6daccd-1,,
,ZZ-IND-fd7099ef-1,,
,ZZ-IND-98f25add-1,,
,ZZ-IND-d124858e-1,,
,ZZ-IND-5f7abac2-1,,
,ZZ-IND-7d25b8c2-1,,
,ZZ-IND-d603cfd5-1,,
,ZZ-IND-61b8d4b6-1,,
,ZZ-IND-4f7f65ff-1,,
,ZZ-IND-df09ebed-1,,
,ZZ-IND-b397f2c2-1,,
,ZZ-IND-e764a6f7-1,,
,ZZ-IND-e6d1a8ef-1,,
,ZZ-IND-d66fcecb-1,,
,ZZ-IND-4126ed9d-1,,
,ZZ-IND-90a7be97-1,,
,ZZ-IND-83773fbb-1,,
,ZZ-IND-0311913d-1,,
,ZZ-IND-480ca4cf-1,,
,ZZ-IND-1c8ab773-1,,
,ZZ-IND-ad691c95-1,,
,ZZ-IND-5324da93-1,,
,ZZ-IND-177c9719-1,,
,ZZ-IND-526ac2c0-1,,
,ZZ-IND-183c5b58-1,,
,ZZ-IND-3127cb88-1,,
,ZZ-IND-73b058d8-1,,
,ZZ-IND-8daeadd2-1,,
,ZZ-IND-567d797a-1,,
,ZZ-IND-ed55f7a3-1,,
,ZZ-IND-b7fd283a-1,,
,ZZ-IND-13dcb2f5-1,,
,ZZ-IND-58fc9561-1,,
,ZZ-IND-43c71e7e-1,,
,ZZ-IND-9ebabdcf-1,,
,ZZ-IND-3b14edd7-1,,
,ZZ-IND-f7880ebe-1,,
,ZZ-IND-a58497ad-1,,
,ZZ-IND-54838bd0-1,,
,ZZ-IND-4a637d67-1,,
,ZZ-IND-91c5c26a-1,,
,ZZ-IND-e1bd650b-1,,
,ZZ-IND-754102e9-1,,
,ZZ-IND-3eee822e-1,,
,ZZ-IND-92b4af09-1,,
,ZZ-IND-5705f38e-1,,
,ZZ-IND-327925cf-1,,
,ZZ-IND-b889389d-1,,
,ZZ-IND-e7553059-1,,
,ZZ-IND-c09db700-1,,
,ZZ-IND-96e866b0-1,,
,ZZ-IND-98b9057d-1,,
,ZZ-IND-aa241ad0-1,,
,ZZ-IND-727b3238-1,,
,ZZ-IND-be86db7f-1,,
,ZZ-IND-7375607d-1,,
,ZZ-IND-168f02c6-1,,
,ZZ-IND-b69de3b6-1,,
,ZZ-IND-24e1d1f5-1,,
,ZZ-IND-7bd4b70c-1,,
,ZZ-IND-30de1cd1-1,,
,ZZ-IND-d4840a6d-1,,
,ZZ-IND-db3ec31f-1,,
,ZZ-IND-efd3a5f6-1,,
,ZZ-IND-34040d90-1,,
,ZZ-IND-b17aa1f4-1,,
,ZZ-IND-c2142f3f-1,,
,ZZ-IND-199e28c2-1,,
,ZZ-IND-ac9d32b4-1,,
,ZZ-IND-d5986c20-1,,
,ZZ-IND-9fb36847-1,,
,ZZ-IND-c1899576-1,,
,ZZ-IND-b5a19b97-1,,
,ZZ-IND-0ebb74a8-1,,
,ZZ-IND-173cafc2-1,,
,ZZ-IND-ec0eb151-1,,
,ZZ-IND-15ff5ae5-1,,
,ZZ-IND-4eef8492-1,,
,ZZ-IND-ab739665-1,,
,ZZ-IND-e9800666-1,,
,ZZ-IND-c7686b03-1,,
,ZZ-IND-427d2806-1,,
,ZZ-IND-e6ddd571-1,,
,ZZ-IND-ff646a62-1,,
,ZZ-IND-d5388574-1,,
,ZZ-IND-dd70f9d3-1,,
,ZZ-IND-6895974d-1,,
,ZZ-IND-32f68316-1,,
,ZZ-IND-4af9916e-1,,
,ZZ-IND-07643636-1,,
,ZZ-IND-3f853b00-1,,
,ZZ-IND-32dc1c7f-1,,
,ZZ-IND-a97b9664-1,,
,ZZ-IND-0facd006-1,,
,ZZ-IND-1822bd63-1,,
,ZZ-IND-c591abd3-1,,
,ZZ-IND-56d98258-1,,
,ZZ-IND-879129bf-1,,
,ZZ-IND-ebaadf81-1,,
,ZZ-IND-73d45105-1,,
,ZZ-IND-607979ca-1,,
,ZZ-IND-6c07f648-1,,
,ZZ-IND-968d81d8-1,,
,ZZ-IND-30b5c0a0-1,,
,ZZ-IND-880abb3a-1,,
,ZZ-IND-4127ab70-1,,
,ZZ-IND-be9a663b-1,,
,ZZ-IND-07d69818-1,,
,ZZ-IND-1e00c2e8-1,,
,ZZ-IND-f831fa36-1,,
,ZZ-IND-b84581c6-1,,
,ZZ-IND-b299c688-1,,
,ZZ-IND-e62155ee-1,,
,ZZ-IND-2a9c0a22-1,,
,ZZ-IND-9e6441c7-1,,
,ZZ-IND-6e3c29cf-1,,
,ZZ-IND-8ad7a7fa-1,,
,ZZ-IND-4b1e3759-1,,
,ZZ-IND-cad894f0-1,,
,ZZ-IND-dbb70989-1,,
,ZZ-IND-f72a5c8e-1,,
,ZZ-IND-c40deb84-1,,
,ZZ-IND-a26352fd-1,,
,ZZ-IND-72a6b7a1-1,,
,ZZ-IND-f8444242-1,,
,ZZ-IND-99de0211-1,,
,ZZ-IND-53a95c36-1,,
,ZZ-IND-085e1b87-1,,
,ZZ-IND-11667371-1,,
,ZZ-IND-8a9af947-1,,
,ZZ-IND-e18ba9c2-1,,
,ZZ-IND-ab9d2929-1,,
,ZZ-IND-6917633d-1,,
,ZZ-IND-b86ac205-1,,
,ZZ-IND-8608a264-1,,
,ZZ-IND-891d75d3-1,,
,ZZ-IND-99b81b3b-1,,
,ZZ-IND-28f5eef4-1,,
,ZZ-IND-4355829d-1,,
,ZZ-IND-784b3973-1,,
,ZZ-IND-8fd20208-1,,
,ZZ-IND-b103794e-1,,
,ZZ-IND-d42dcfc1-1,,
,ZZ-IND-d1a8faa0-1,,
,ZZ-IND-01c63479-1,,
,ZZ-IND-cb5b53f9-1,,
,ZZ-IND-386f37ac-1,,
,ZZ-IND-73bcc104-1,,
,ZZ-IND-e19d8df6-1,,
,ZZ-IND-6951d289-1,,
,ZZ-IND-3009bc10-1,,
,ZZ-IND-4bcdcd8a-1,,
,ZZ-IND-4ac649fa-1,,
,ZZ-IND-b858d3c3-1,,
,ZZ-IND-f728e63d-1,,
,ZZ-IND-eb4f1889-1,,
,ZZ-IND-5642399a-1,,
,ZZ-IND-e2280274-1,,
,ZZ-IND-68f302b5-1,,
,ZZ-IND-dcc958d3-1,,
,ZZ-IND-df795daf-1,,
,ZZ-IND-90452dd7-1,,
,ZZ-IND-487a54da-1,,
,ZZ-IND-8e9cfe30-1,,
,ZZ-IND-036e6201-1,,
,ZZ-IND-f62041e5-1,,
,ZZ-IND-68f0b1a3-1,,
,ZZ-IND-a067721c-1,,
,ZZ-IND-c533bba1-1,,
,ZZ-IND-edb1dbc4-1,,
,ZZ-IND-d1b93aa0-1,,
,ZZ-IND-4bf1e9de-1,,
,ZZ-IND-62dd8f36-1,,
,ZZ-IND-3dc21143-1,,
,ZZ-IND-dfcc1cff-1,,
,ZZ-IND-0ccae0e7-1,,
,ZZ-IND-62210bd5-1,,
,ZZ-IND-50b9aa54-1,,
,ZZ-IND-9a53480a-1,,
,ZZ-IND-6d2e4c5a-1,,
,ZZ-IND-63f43ba9-1,,
,ZZ-IND-a31ad273-1,,
,ZZ-IND-3b22962e-1,,
,ZZ-IND-680b8df6-1,,
,ZZ-IND-d1465abc-1,,
,ZZ-IND-8f61efd2-1,,
,ZZ-IND-d59099d7-1,,
,ZZ-IND-25a2285b-1,,
,ZZ-IND-8b83f7b5-1,,
,ZZ-IND-80b7529a-1,,
,ZZ-IND-54eea320-1,,
,ZZ-IND-143c4e67-1,,
,ZZ-IND-37a09edd-1,,
,ZZ-IND-b0b50930-1,,
,ZZ-IND-b5f737a1-1,,
,ZZ-IND-e0ab2680-1,,
,ZZ-IND-0216b63c-1,,
,ZZ-IND-df754e18-1,,
,ZZ-IND-405c49cc-1,,
,ZZ-IND-2b78b6fa-1,,
,ZZ-IND-7883af52-1,,
,ZZ-IND-bb71c0c7-1,,
,ZZ-IND-c11c2291-1,,
,ZZ-IND-957e3905-1,,
,ZZ-IND-24b3a1b0-1,,
,ZZ-IND-caddf9a3-1,,
,ZZ-IND-83abaf7b-1,,
,ZZ-IND-22f9ea96-1,,
,ZZ-IND-e068880e-1,,
,ZZ-IND-9085af2b-1,,
,ZZ-IND-57222109-1,,
,ZZ-IND-cd886f0d-1,,
,ZZ-IND-bc43ae31-1,,
,ZZ-IND-e4ebe847-1,,
,ZZ-IND-2610c8ed-1,,
,ZZ-IND-80072552-1,,
,ZZ-IND-aa4603f2-1,,
,ZZ-IND-7c1b0891-1,,
,ZZ-IND-54a534d4-1,,
,ZZ-IND-43622e7b-1,,
,ZZ-IND-e1e2eb71-1,,
,ZZ-IND-eb2e82d3-1,,
,ZZ-IND-c9d530c5-1,,
,ZZ-IND-45495578-1,,
,ZZ-IND-3edb0af8-1,,
,ZZ-IND-3bae3c0a-1,,
,ZZ-IND-8073c587-1,,
,ZZ-IND-5908f4ee-1,,
,ZZ-IND-1c3f4994-1,,
,ZZ-IND-611d137c-1,,
,ZZ-IND-ff52e1e6-1,,
,ZZ-IND-457f0d1f-1,,
,ZZ-IND-373c15a0-1,,
,ZZ-IND-b939455a-1,,
,ZZ-IND-594d6a0c-1,,
,ZZ-IND-3e25444d-1,,
,ZZ-IND-5e76e61f-1,,
,ZZ-IND-d3d44264-1,,
,ZZ-IND-8a89824f-1,,
,ZZ-IND-822a0e8a-1,,
,ZZ-IND-4e882721-1,,
,ZZ-IND-7a79ee86-1,,
,ZZ-IND-fadb5afe-1,,
,ZZ-IND-5c3c74ab-1,,
,ZZ-IND-72c54dab-1,,
,ZZ-IND-ba32a322-1,,
,ZZ-IND-f99686a0-1,,
,ZZ-IND-6109d30f-1,,
,ZZ-IND-7ab50961-1,,
,ZZ-IND-69ec0592-1,,
,ZZ-IND-09f3137a-1,,
,ZZ-IND-1f0ba780-1,,
,ZZ-IND-225fe7d4-1,,
,ZZ-IND-8915f075-1,,
,ZZ-IND-882dd5d1-1,,
,ZZ-IND-80a577d5-1,,
,ZZ-IND-f178c908-1,,
,ZZ-IND-675844bb-1,,
,ZZ-IND-c0d3e159-1,,
,ZZ-IND-7a9626eb-1,,
,ZZ-IND-c71e983c-1,,
,ZZ-IND-8015cfa1-1,,
,ZZ-IND-5977076c-1,,
,ZZ-IND-b34152e0-1,,
,ZZ-IND-aabadd5f-1,,
,ZZ-IND-241e56d5-1,,
,ZZ-IND-2155fb31-1,,
,ZZ-IND-e2636805-1,,
,ZZ-IND-6e6709bb-1,,
,ZZ-IND-13f9922b-1,,
,ZZ-IND-2c8038aa-1,,
,ZZ-IND-cb7d9c39-1,,
,ZZ-IND-91bedf91-1,,
,ZZ-IND-def782ec-1,,
,ZZ-IND-a89ba347-1,,
,ZZ-IND-ece7822b-1,,
,ZZ-IND-cd2e588b-1,,
,ZZ-IND-dc84dcae-1,,
,ZZ-IND-af2fb2cf-1,,
,ZZ-IND-482bd4dc-1,,
,ZZ-IND-afb30a32-1,,
,ZZ-IND-f90be17e-1,,
,ZZ-IND-e7cf46ae-1,,
,ZZ-IND-fd9759f8-1,,
,ZZ-IND-0fa3a839-1,,
,ZZ-IND-6bdad273-1,,
,ZZ-IND-50cb763a-1,,
,ZZ-IND-a08728a6-1,,
,ZZ-IND-29afd154-1,,
,ZZ-IND-b9deb663-1,,
,ZZ-IND-4952b0d0-1,,
,ZZ-IND-4085fa62-1,,
,ZZ-IND-b4c3e84c-1,,
,ZZ-IND-bfd85e43-1,,
,ZZ-IND-71460d20-1,,
,ZZ-IND-1e02be70-1,,
,ZZ-IND-ffc9a610-1,,
,ZZ-IND-a0a15c6e-1,,
,ZZ-IND-5fe910d9-1,,
,ZZ-IND-8a3f4b67-1,,
,ZZ-IND-eb397a59-1,,
,ZZ-IND-28369ac1-1,,
,ZZ-IND-d62ee41a-1,,
,ZZ-IND-d167091e-1,,
,ZZ-IND-0bba2436-1,,
,ZZ-IND-508ed8da-1,,
,ZZ-IND-309b0319-1,,
,ZZ-IND-f31e085b-1,,
,ZZ-IND-3037c446-1,,
,ZZ-IND-013b8b58-1,,
,ZZ-IND-2911167f-1,,
,ZZ-IND-ed32bb8c-1,,
,ZZ-IND-f11a18dc-1,,
,ZZ-IND-ed27e1b7-1,,
,ZZ-IND-a6ae7fd1-1,,
,ZZ-IND-45c0b6ae-1,,
,ZZ-IND-8eecd085-1,,
,ZZ-IND-3e860bd0-1,,
,ZZ-IND-20c92cc2-1,,
,ZZ-IND-cbeb89e6-1,,
,ZZ-IND-9c8dfdb3-1,,
,ZZ-IND-86183c68-1,,
,ZZ-IND-d4b9766c-1,,
,ZZ-IND-31f9882f-1,,
,ZZ-IND-8b90d0a7-1,,
,ZZ-IND-682b37b2-1,,
,ZZ-IND-aff42015-1,,
,ZZ-IND-e8d75b6f-1,,
,ZZ-IND-52cbd9aa-1,,
,ZZ-IND-9662c11c-1,,
,ZZ-IND-8f4a1f91-1,,
,ZZ-IND-983c71c9-1,,
,ZZ-IND-68d0a989-1,,
,ZZ-IND-b5d542df-1,,
,ZZ-IND-3180c026-1,,
,ZZ-IND-b7b0ffa0-1,,
,ZZ-IND-a58f91ef-1,,
,ZZ-IND-52652017-1,,
,ZZ-IND-508648f8-1,,
,ZZ-IND-0d420d43-1,,
,ZZ-IND-50ce3953-1,,
,ZZ-IND-fd5a4310-1,,
,ZZ-IND-e2ec62c9-1,,
,ZZ-IND-d9cd35de-1,,
,ZZ-IND-4ef8ea49-1,,
,ZZ-IND-b74041d6-1,,
,ZZ-IND-33c093da-1,,
,ZZ-IND-f852dc1c-1,,
,ZZ-IND-4885deac-1,,
,ZZ-IND-95cb6430-1,,
,ZZ-IND-601dc31c-1,,
,ZZ-IND-f829da7b-1,,
,ZZ-IND-886c0b51-1,,
,ZZ-IND-d469845a-1,,
,ZZ-IND-f3a43c5a-1,,
,ZZ-IND-f7bad5c5-1,,
,ZZ-IND-8474713e-1,,
,ZZ-IND-9894bfa9-1,,
,ZZ-IND-accb5f73-1,,
,ZZ-IND-e5b3e668-1,,
,ZZ-IND-8e54d2ed-1,,
,ZZ-IND-f0aa0454-1,,
,ZZ-IND-3e62a0be-1,,
,ZZ-IND-3b6d337c-1,,
,ZZ-IND-caa1b3e1-1,,
,ZZ-IND-567bde3a-1,,
,ZZ-IND-1e2fb77e-1,,
,ZZ-IND-6a1a3dbe-1,,
,ZZ-IND-441a398a-1,,
,ZZ-IND-d6daaa68-1,,
,ZZ-IND-6775ccb2-1,,
,ZZ-IND-5838ade3-1,,
,ZZ-IND-2445e294-1,,
,ZZ-IND-0e8c7819-1,,
,ZZ-IND-dea4b85f-1,,
,ZZ-IND-cb149f9f-1,,
,ZZ-IND-fe70e4fe-1,,
,ZZ-IND-98aa0f52-1,,
,ZZ-IND-f4430e2a-1,,
,ZZ-IND-6c6f4416-1,,
,ZZ-IND-8bd0e097-1,,
,ZZ-IND-2f8b3e9b-1,,
,ZZ-IND-a119896b-1,,
,ZZ-IND-3d199233-1,,
,ZZ-IND-c5331c1b-1,,
,ZZ-IND-e45ce97f-1,,
,ZZ-IND-fb3ff18b-1,,
,ZZ-IND-0f944697-1,,
,ZZ-IND-fac21225-1,,
,ZZ-IND-4178430d-1,,
,ZZ-IND-988f9be4-1,,
,ZZ-IND-eddcaebc-1,,
,ZZ-IND-5ac9923c-1,,
,ZZ-IND-d32fe30c-1,,
,ZZ-IND-a1c53896-1,,
,ZZ-IND-62fcf8c4-1,,
,ZZ-IND-e04cb600-1,,
,ZZ-IND-bd150960-1,,
,ZZ-IND-5c71f263-1,,
,ZZ-IND-27af0800-1,,
,ZZ-IND-53517b2c-1,,
,ZZ-IND-8865d5e9-1,,
,ZZ-IND-e7fafa92-1,,
,ZZ-IND-8196fd32-1,,
,ZZ-IND-e5557648-1,,
,ZZ-IND-1da42df7-1,,
,ZZ-IND-8af0b645-1,,
,ZZ-IND-437a4406-1,,
,ZZ-IND-779f0587-1,,
,ZZ-IND-68e53fb4-1,,
,ZZ-IND-fb93382f-1,,
,ZZ-IND-eb167b51-1,,
,ZZ-IND-4599f936-1,,
,ZZ-IND-3d3767bf-1,,
,ZZ-IND-d7709e5c-1,,
,ZZ-IND-2090eb35-1,,
,ZZ-IND-4d277baa-1,,
,ZZ-IND-a9075c6a-1,,
,ZZ-IND-055b497c-1,,
,ZZ-IND-e37b4ec2-1,,
,ZZ-IND-f780d220-1,,
,ZZ-IND-a2f152f0-1,,
,ZZ-IND-99ea9585-1,,
,ZZ-IND-cca3efcd-1,,
,ZZ-IND-4439cb50-1,,
,ZZ-IND-f008e3a8-1,,
,ZZ-IND-c70bdc36-1,,
,ZZ-IND-480309a2-1,,
,ZZ-IND-ca8374e4-1,,
,ZZ-IND-564ce517-1,,
,ZZ-IND-8701eacd-1,,
,ZZ-IND-0c09fad1-1,,
,ZZ-IND-1c4a2a09-1,,
,ZZ-IND-e50f89ca-1,,
,ZZ-IND-a365ae46-1,,
,ZZ-IND-248e0951-1,,
,ZZ-IND-180ecdcf-1,,
,ZZ-IND-efb8a761-1,,
,ZZ-IND-008400ac-1,,
,ZZ-IND-0a3f046f-1,,
,ZZ-IND-99e62c03-1,,
,ZZ-IND-aac84f40-1,,
,ZZ-IND-18ab8cb5-1,,
,ZZ-IND-3f797b33-1,,
,ZZ-IND-cc90315e-1,,
,ZZ-IND-c495d97f-1,,
,ZZ-IND-1fab1f61-1,,
,ZZ-IND-e2989ed1-1,,
,ZZ-IND-7e1e0641-1,,
,ZZ-IND-612ab93b-1,,
,ZZ-IND-f6afceb1-1,,
,ZZ-IND-1997b4d0-1,,
,ZZ-IND-ff7567cc-1,,
,ZZ-IND-c449cff0-1,,
,ZZ-IND-f5754cb1-1,,
,ZZ-IND-cb065677-1,,
,ZZ-IND-802da94e-1,,
,ZZ-IND-259f22e9-1,,
,ZZ-IND-984add53-1,,
,ZZ-IND-bbeba820-1,,
,ZZ-IND-68803c05-1,,
,ZZ-IND-56acd594-1,,
,ZZ-IND-5a289e53-1,,
,ZZ-IND-9ff1f7e8-1,,
,ZZ-IND-8c8d4197-1,,
,ZZ-IND-fdffd777-1,,
,ZZ-IND-578e181d-1,,
,ZZ-IND-271d935e-1,,
,ZZ-IND-3d2a8424-1,,
,ZZ-IND-ebe62132-1,,
,ZZ-IND-858b7f21-1,,
,ZZ-IND-59f2795a-1,,
,ZZ-IND-bd1bdd52-1,,
,ZZ-IND-4b53c645-1,,
,ZZ-IND-72ff650b-1,,
,ZZ-IND-3d18faed-1,,
,ZZ-IND-a71b654a-1,,
,ZZ-IND-1673ad39-1,,
,ZZ-IND-e23a2dff-1,,
,ZZ-IND-94f87dac-1,,
,ZZ-IND-195a9505-1,,
,ZZ-IND-d1c7d4ab-1,,
,ZZ-IND-ae867439-1,,
,ZZ-IND-62719c35-1,,
,ZZ-IND-18b2d6ef-1,,
,ZZ-IND-1900e5b9-1,,
,ZZ-IND-9b32f4d7-1,,
,ZZ-IND-a10b4b48-1,,
,ZZ-IND-35dd1ede-1,,
,ZZ-IND-834c67c7-1,,
,ZZ-IND-860f8be5-1,,
,ZZ-IND-362cc7bc-1,,
,ZZ-IND-62dfbb68-1,,
,ZZ-IND-71d7046a-1,,
,ZZ-IND-8806e3f0-1,,
,ZZ-IND-c0d766ac-1,,
,ZZ-IND-da924219-1,,
,ZZ-IND-a9868871-1,,
,ZZ-IND-79b84891-1,,
,ZZ-IND-2b0aca4a-1,,
,ZZ-IND-ee3533f4-1,,
,ZZ-IND-522f6280-1,,
,ZZ-IND-e75576e8-1,,
,ZZ-IND-59b34c22-1,,
,ZZ-IND-cd36c5c1-1,,
,ZZ-IND-3ff2f65a-1,,
,ZZ-IND-6b994c08-1,,
,ZZ-IND-efb113de-1,,
,ZZ-IND-f881097d-1,,
,ZZ-IND-00b5c402-1,,
,ZZ-IND-8d495eff-1,,
,ZZ-IND-3f782635-1,,
,ZZ-IND-062d7fdb-1,,
,ZZ-IND-ce08496f-1,,
,ZZ-IND-5171d780-1,,
,ZZ-IND-ce497ad8-1,,
,ZZ-IND-a366b12a-1,,
,ZZ-IND-80ee75ba-1,,
,ZZ-IND-4a20efa7-1,,
,ZZ-IND-64ebd6d0-1,,
,ZZ-IND-ae51b7a4-1,,
,ZZ-IND-24499bbc-1,,
,ZZ-IND-3e8c6680-1,,
,ZZ-IND-78b45df5-1,,
,ZZ-IND-114b7585-1,,
,ZZ-IND-addb3fcd-1,,
,ZZ-IND-6c98abcb-1,,
,ZZ-IND-b0de07fd-1,,
,ZZ-IND-05e27293-1,,
,ZZ-IND-c630b108-1,,
,ZZ-IND-ffb829c1-1,,
,ZZ-IND-5c9cb2f1-1,,
,ZZ-IND-21d1328f-1,,
,ZZ-IND-a296401c-1,,
,ZZ-IND-b0546134-1,,
,ZZ-IND-73bd89a0-1,,
,ZZ-IND-d36fc439-1,,
,ZZ-IND-6e399729-1,,
,ZZ-IND-a5afe6ef-1,,
,ZZ-IND-2f6e4648-1,,
,ZZ-IND-39f58813-1,,
,ZZ-IND-09457ce3-1,,
,ZZ-IND-5682ca32-1,,
,ZZ-IND-156ec9d4-1,,
,ZZ-IND-ca386ff6-1,,
,ZZ-IND-62f25ecc-1,,
,ZZ-IND-fbd1e751-1,,
,ZZ-IND-75a732c5-1,,
,ZZ-IND-ba910aa4-1,,
,ZZ-IND-bc4f92d5-1,,
,ZZ-IND-c8079513-1,,
,ZZ-IND-314f5e4f-1,,
,ZZ-IND-55e6309d-1,,
,ZZ-IND-3f3862bd-1,,
,ZZ-IND-8ce3c50d-1,,
,ZZ-IND-0db63aab-1,,
,ZZ-IND-1dac0898-1,,
,ZZ-IND-68dd84ba-1,,
,ZZ-IND-5b1dcefe-1,,
,ZZ-IND-c52da89e-1,,
,ZZ-IND-c9a287cf-1,,
,ZZ-IND-73919348-1,,
,ZZ-IND-635e7042-1,,
,ZZ-IND-298176dd-1,,
,ZZ-IND-bcb8701f-1,,
,ZZ-IND-718df9df-1,,
,ZZ-IND-2f4241cc-1,,
,ZZ-IND-a6c4eb1e-1,,
,ZZ-IND-de2c5c07-1,,
,ZZ-IND-34eefc0f-1,,
,ZZ-IND-f586b1af-1,,
,ZZ-IND-3ac2271d-1,,
,ZZ-IND-2a03af31-1,,
,ZZ-IND-d6e8ff09-1,,
,ZZ-IND-65d917c3-1,,
,ZZ-IND-41369027-1,,
,ZZ-IND-096851e4-1,,
,ZZ-IND-6ed200a0-1,,
,ZZ-IND-c7e5a4ae-1,,
,ZZ-IND-127b707f-1,,
,ZZ-IND-69384c05-1,,
,ZZ-IND-bea69c36-1,,
,ZZ-IND-c8231731-1,,
,ZZ-IND-571d7ca0-1,,
,ZZ-IND-fc6c13ae-1,,
,ZZ-IND-8a4bec8d-1,,
,ZZ-IND-7e8813f0-1,,
,ZZ-IND-afd36499-1,,
,ZZ-IND-ec15c336-1,,
,ZZ-IND-0ba25ade-1,,
,ZZ-IND-b5abb5a1-1,,
,ZZ-IND-314e83a1-1,,
,ZZ-IND-35a4ea25-1,,
,ZZ-IND-e865eefb-1,,
,ZZ-IND-3be102c5-1,,
,ZZ-IND-8f42a507-1,,
,ZZ-IND-37dfba56-1,,
,ZZ-IND-d05e694b-1,,
,ZZ-IND-5453f9db-1,,
,ZZ-IND-d3c18589-1,,
,ZZ-IND-297529e1-1,,
,ZZ-IND-f3944253-1,,
,ZZ-IND-99d2871a-1,,
,ZZ-IND-5da9b4fa-1,,
,ZZ-IND-04e8e21d-1,,
,ZZ-IND-68d494c3-1,,
,ZZ-IND-f6b0875e-1,,
,ZZ-IND-a4415dd9-1,,
,ZZ-IND-f2e6f29a-1,,
,ZZ-IND-da148f8c-1,,
,ZZ-IND-0334fc3f-1,,
,ZZ-IND-ef2f6d02-1,,
,ZZ-IND-e73fac78-1,,
,ZZ-IND-709d57df-1,,
,ZZ-IND-9df2da7b-1,,
,ZZ-IND-b02cbb91-1,,
,ZZ-IND-484cd6ff-1,,
,ZZ-IND-849d4fe4-1,,
,ZZ-IND-e7a58825-1,,
,ZZ-IND-682c0cbf-1,,
,ZZ-IND-91b08f9b-1,,
,ZZ-IND-e978af3a-1,,
,ZZ-IND-617b09a5-1,,
,ZZ-IND-2e4b309e-1,,
,ZZ-IND-8b46d802-1,,
,ZZ-IND-14e2fa37-1,,
,ZZ-IND-c64323b7-1,,
,ZZ-IND-cc88f2e1-1,,
,ZZ-IND-9e69a337-1,,
,ZZ-IND-c29b2daf-1,,
,ZZ-IND-3e08e3a3-1,,
,ZZ-IND-2cacf056-1,,
,ZZ-IND-783d6af3-1,,
,ZZ-IND-d19f020f-1,,
,ZZ-IND-a3f646ca-1,,
,ZZ-IND-f9aa494d-1,,
,ZZ-IND-cce22b59-1,,
,ZZ-IND-a68d89bd-1,,
,ZZ-IND-14ee507c-1,,
,ZZ-IND-74878b80-1,,
,ZZ-IND-8c61be54-1,,
,ZZ-IND-d4cb48e5-1,,
,ZZ-IND-791c538e-1,,
,ZZ-IND-38cdefec-1,,
,ZZ-IND-b8416004-1,,
,ZZ-IND-87acdfe8-1,,
,ZZ-IND-42b79938-1,,
,ZZ-IND-0dd926b2-1,,
,ZZ-IND-dd30664f-1,,
,ZZ-IND-18d9cbbf-1,,
,ZZ-IND-606b15e0-1,,
,ZZ-IND-0f8612d8-1,,
,ZZ-IND-d55849a3-1,,
,ZZ-IND-a6e5a5a1-1,,
,ZZ-IND-3b1a13b1-1,,
,ZZ-IND-13d83aa2-1,,
,ZZ-IND-30c75887-1,,
,ZZ-IND-64252985-1,,
,ZZ-IND-cd5e7f70-1,,
,ZZ-IND-740a206b-1,,
,ZZ-IND-7ee73b76-1,,
,ZZ-IND-72699cb3-1,,
,ZZ-IND-b710da8c-1,,
,ZZ-IND-9ffae875-1,,
,ZZ-IND-a3ef16ed-1,,
,ZZ-IND-8e57bd48-1,,
,ZZ-IND-2faaac1f-1,,
,ZZ-IND-efcf48dc-1,,
,ZZ-IND-17f6d80d-1,,
,ZZ-IND-fd3ffad2-1,,
,ZZ-IND-ec6d6468-1,,
,ZZ-IND-c75e3f83-1,,
,ZZ-IND-2e609d1f-1,,
,ZZ-IND-58d7abfc-1,,
,ZZ-IND-d6794e76-1,,
,ZZ-IND-ce0ea64c-1,,
,ZZ-IND-41d1a738-1,,
,ZZ-IND-175702c1-1,,
,ZZ-IND-e51ad93d-1,,
,ZZ-IND-a2cee96e-1,,
,ZZ-IND-467517b9-1,,
,ZZ-IND-f066fca5-1,,
,ZZ-IND-0f3ef4d9-1,,
,ZZ-IND-330a8494-1,,
,ZZ-IND-b2849474-1,,
,ZZ-IND-41e2d1fc-1,,
,ZZ-IND-84009426-1,,
,ZZ-IND-1b9986f7-1,,
,ZZ-IND-fc8881f6-1,,
,ZZ-IND-ae9159fc-1,,
,ZZ-IND-7a3d5799-1,,
,ZZ-IND-34461453-1,,
,ZZ-IND-6fa828ab-1,,
,ZZ-IND-17f9e8aa-1,,
,ZZ-IND-e911d2d8-1,,
,ZZ-IND-e5d5796b-1,,
,ZZ-IND-f6094dc0-1,,
,ZZ-IND-90ec7dd2-1,,
,ZZ-IND-d1aa9096-1,,
,ZZ-IND-c5150512-1,,
,ZZ-IND-ec03ac8d-1,,
,ZZ-IND-5390e01d-1,,
,ZZ-IND-e648aba0-1,,
,ZZ-IND-fe562e8b-1,,
,ZZ-IND-576670f8-1,,
,ZZ-IND-50ebaa17-1,,
,ZZ-IND-ecb4c418-1,,
,ZZ-IND-c262f773-1,,
,ZZ-IND-f6876b1d-1,,
,ZZ-IND-9e937c9d-1,,
,ZZ-IND-c7af1836-1,,
,ZZ-IND-2956e2f3-1,,
,ZZ-IND-cff1dd05-1,,
,ZZ-IND-473aac45-1,,
,ZZ-IND-a06e20f3-1,,
,ZZ-IND-3dba09d5-1,,
,ZZ-IND-da0b0509-1,,
,ZZ-IND-7619010d-1,,
,ZZ-IND-7873b3d0-1,,
,ZZ-IND-41bb5dc4-1,,
,ZZ-IND-74209946-1,,
,ZZ-IND-971745ba-1,,
,ZZ-IND-3e704ad4-1,,
,ZZ-IND-f0a87fd7-1,,
,ZZ-IND-b583e8d7-1,,
,ZZ-IND-181127b2-1,,
,ZZ-IND-70c9b4a1-1,,
,ZZ-IND-72d29475-1,,
,ZZ-IND-d0b49b2e-1,,
,ZZ-IND-3ce0279f-1,,
,ZZ-IND-0d431b01-1,,
,ZZ-IND-22031bdf-1,,
,ZZ-IND-a3fbb881-1,,
,ZZ-IND-0b1fdbc3-1,,
,ZZ-IND-739db544-1,,
,ZZ-IND-79c8c69b-1,,
,ZZ-IND-06433948-1,,
,ZZ-IND-95c6c6c3-1,,
,ZZ-IND-e63d7f5d-1,,
,ZZ-IND-418d9d25-1,,
,ZZ-IND-e9128318-1,,
,ZZ-IND-ff7e1e73-1,,
,ZZ-IND-4b4f38ba-1,,
,ZZ-IND-86f639fe-1,,
,ZZ-IND-addce740-1,,
,ZZ-IND-76a5ac14-1,,
,ZZ-IND-588d1765-1,,
,ZZ-IND-81d4b43d-1,,
,ZZ-IND-5eab84ea-1,,
,ZZ-IND-2ef4a4d3-1,,
,ZZ-IND-d3244cb5-1,,
,ZZ-IND-50f32a0b-1,,
,ZZ-IND-9d4e991c-1,,
,ZZ-IND-ef88fe2f-1,,
,ZZ-IND-b5fc89da-1,,
,ZZ-IND-2cf53973-1,,
,ZZ-IND-860406db-1,,
,ZZ-IND-c78d3517-1,,
,ZZ-IND-89e3e1ac-1,,
,ZZ-IND-9d8ff626-1,,
,ZZ-IND-7a91c10b-1,,
,ZZ-IND-fede0ed4-1,,
,ZZ-IND-be990446-1,,
,ZZ-IND-bb5d81c2-1,,
,ZZ-IND-31e4e8da-1,,
,ZZ-IND-e6900e21-1,,
,ZZ-IND-c9f0f723-1,,
,ZZ-IND-23cc25ea-1,,
,ZZ-IND-9380f26a-1,,
,ZZ-IND-698dacc3-1,,
,ZZ-IND-51dc0fc4-1,,
,ZZ-IND-7d56e1ff-1,,
,ZZ-IND-5d24a95f-1,,
,ZZ-IND-fbe3b655-1,,
,ZZ-IND-37744fab-1,,
,ZZ-IND-1ceb994c-1,,
,ZZ-IND-834421b2-1,,
,ZZ-IND-98708938-1,,
,ZZ-IND-41ac9403-1,,
,ZZ-IND-4d012a4c-1,,
,ZZ-IND-133c2919-1,,
,ZZ-IND-9ec1b865-1,,
,ZZ-IND-23d3cfa7-1,,
,ZZ-IND-d0276dd8-1,,
,ZZ-IND-9685c4e0-1,,
,ZZ-IND-cecd54b3-1,,
,ZZ-IND-d2df4815-1,,
,ZZ-IND-a0c71446-1,,
,ZZ-IND-8095c776-1,,
,ZZ-IND-b384598a-1,,
,ZZ-IND-7b61f324-1,,
,ZZ-IND-7c87d148-1,,
,ZZ-IND-487ed01b-1,,
,ZZ-IND-359bb9f2-1,,
,ZZ-IND-a81571d4-1,,
,ZZ-IND-a0a52272-1,,
,ZZ-IND-f1f47d93-1,,
,ZZ-IND-bebaf727-1,,
,ZZ-IND-ec2390c5-1,,
,ZZ-IND-8d364a6c-1,,
,ZZ-IND-86ff300c-1,,
,ZZ-IND-0b34fc22-1,,
,ZZ-IND-6c18232f-1,,
,ZZ-IND-3832b8fb-1,,
,ZZ-IND-1fa77b2b-1,,
,ZZ-IND-76f86041-1,,
,ZZ-IND-ec05cefb-1,,
,ZZ-IND-07cb9b86-1,,
,ZZ-IND-9870b8f9-1,,
,ZZ-IND-f55b8d9f-1,,
,ZZ-IND-dcc5d579-1,,
,ZZ-IND-3027b359-1,,
,ZZ-IND-8cbf518a-1,,
,ZZ-IND-4866ecbf-1,,
,ZZ-IND-2a35c2ea-1,,
,ZZ-IND-40581d59-1,,
,ZZ-IND-7a3dec0a-1,,
,ZZ-IND-c0df431b-1,,
,ZZ-IND-b4b22b1b-1,,
,ZZ-IND-ebc43b5f-1,,
,ZZ-IND-fd75820f-1,,
,ZZ-IND-21477248-1,,
,ZZ-IND-7b4ed7d5-1,,
,ZZ-IND-924a29cc-1,,
,ZZ-IND-46037494-1,,
,ZZ-IND-d41b0897-1,,
,ZZ-IND-99e67a43-1,,
,ZZ-IND-e2b5880c-1,,
,ZZ-IND-1c400a05-1,,
,ZZ-IND-12254a65-1,,
,ZZ-IND-72d6c7be-1,,
,ZZ-IND-223a5c77-1,,
,ZZ-IND-5d3b3b92-1,,
,ZZ-IND-e944b018-1,,
,ZZ-IND-74d06ad3-1,,
,ZZ-IND-a71839da-1,,
,ZZ-IND-d369495a-1,,
,ZZ-IND-35022942-1,,
,ZZ-IND-8317041f-1,,
,ZZ-IND-9a4ede40-1,,
,ZZ-IND-21eaef92-1,,
,ZZ-IND-c9e04f3d-1,,
,ZZ-IND-1efe0170-1,,
,ZZ-IND-9cfd4927-1,,
,ZZ-IND-1392e60d-1,,
,ZZ-IND-bbe3e14a-1,,
,ZZ-IND-b66ef79e-1,,
,ZZ-IND-181ae42a-1,,
,ZZ-IND-1139c69d-1,,
,ZZ-IND-8f1886ec-1,,
,ZZ-IND-c266ce87-1,,
,ZZ-IND-309d53fc-1,,
,ZZ-IND-4daf7e86-1,,
,ZZ-IND-26823cfb-1,,
,ZZ-IND-3a79158b-1,,
,ZZ-IND-829a58ce-1,,
,ZZ-IND-4c38fe04-1,,
,ZZ-IND-7a07ad8f-1,,
,ZZ-IND-c4141aea-1,,
,ZZ-IND-3a72a57d-1,,
,ZZ-IND-64708ca2-1,,
,ZZ-IND-e36f45c4-1,,
,ZZ-IND-4512990c-1,,
,ZZ-IND-212dd38e-1,,
,ZZ-IND-e211a6ac-1,,
,ZZ-IND-64a6a7a8-1,,
,ZZ-IND-87e784a6-1,,
,ZZ-IND-21afda96-1,,
,ZZ-IND-88ecd32e-1,,
,ZZ-IND-c76073e8-1,,
,ZZ-IND-3deacf36-1,,
,ZZ-IND-7e9228de-1,,
,ZZ-IND-3c0fb255-1,,
,ZZ-IND-81fcebb9-1,,
,ZZ-IND-59c78301-1,,
,ZZ-IND-1405e7e2-1,,
,ZZ-IND-7c224819-1,,
,ZZ-IND-68bb539f-1,,
,ZZ-IND-72c34c38-1,,
,ZZ-IND-c492866c-1,,
,ZZ-IND-eaf10f64-1,,
,ZZ-IND-c272a7ab-1,,
,ZZ-IND-23d57f04-1,,
,ZZ-IND-831bc15b-1,,
,ZZ-IND-538ac163-1,,
,ZZ-IND-743f4bd9-1,,
,ZZ-IND-9a8782e4-1,,
,ZZ-IND-b495440e-1,,
,ZZ-IND-ac28fb26-1,,
,ZZ-IND-ad345d43-1,,
,ZZ-IND-37304191-1,,
,ZZ-IND-40474509-1,,
,ZZ-IND-a3b0b212-1,,
,ZZ-IND-2256a595-1,,
,ZZ-IND-4c13be11-1,,
,ZZ-IND-11f9b57f-1,,
,ZZ-IND-957bf421-1,,
,ZZ-IND-c31f6079-1,,
,ZZ-IND-64c2c934-1,,
,ZZ-IND-ca9965f7-1,,
,ZZ-IND-031cca93-1,,
,ZZ-IND-5cf5221b-1,,
,ZZ-IND-58c0e44f-1,,
,ZZ-IND-6c0abb5b-1,,
,ZZ-IND-36ac4fb1-1,,
,ZZ-IND-4328f4d2-1,,
,ZZ-IND-c26bb271-1,,
,ZZ-IND-ff0f473a-1,,
,ZZ-IND-f32aff5f-1,,
,ZZ-IND-3f963e41-1,,
,ZZ-IND-aede89d6-1,,
,ZZ-IND-a44a7ad6-1,,
,ZZ-IND-4db4908f-1,,
,ZZ-IND-65fbd545-1,,
,ZZ-IND-ddc5f875-1,,
,ZZ-IND-bfa67304-1,,
,ZZ-IND-8bc14cc8-1,,
,ZZ-IND-a069678f-1,,
,ZZ-IND-7f5093fc-1,,
,ZZ-IND-cf3f8639-1,,
,ZZ-IND-42d150c1-1,,
,ZZ-IND-e60e20aa-1,,
,ZZ-IND-4cb50540-1,,
,ZZ-IND-5a7ab13f-1,,
,ZZ-IND-ec37139c-1,,
,ZZ-IND-46449c6f-1,,
,ZZ-IND-804b22dc-1,,
,ZZ-IND-74b03938-1,,
,ZZ-IND-aecd6fd9-1,,
,ZZ-IND-6e62d030-1,,
,ZZ-IND-065aca7f-1,,
,ZZ-IND-e508caad-1,,
,ZZ-IND-256db9c8-1,,
,ZZ-IND-19ff0ba5-1,,
,ZZ-IND-0ad907bf-1,,
,ZZ-IND-569b406a-1,,
,ZZ-IND-6ea602a2-1,,
,ZZ-IND-b6f6e96b-1,,
,ZZ-IND-45f3960f-1,,
,ZZ-IND-4b1dd03e-1,,
,ZZ-IND-297e318c-1,,
,ZZ-IND-1b09d6d8-1,,
,ZZ-IND-e8098d0a-1,,
,ZZ-IND-e8074545-1,,
,ZZ-IND-674949c2-1,,
,ZZ-IND-71e67645-1,,
,ZZ-IND-f6d07356-1,,
,ZZ-IND-1285430f-1,,
,ZZ-IND-0a493bd2-1,,
,ZZ-IND-f3755262-1,,
,ZZ-IND-7de0d613-1,,
,ZZ-IND-c1e0a6dc-1,,
,ZZ-IND-83a21b59-1,,
,ZZ-IND-a627a9c8-1,,
,ZZ-IND-a612862d-1,,
,ZZ-IND-21aedb77-1,,
,ZZ-IND-6af866fb-1,,
,ZZ-IND-e374c5ce-1,,
,ZZ-IND-ac4f51e5-1,,
,ZZ-IND-10147ace-1,,
,ZZ-IND-6c2f6ac1-1,,
,ZZ-IND-62bfc16b-1,,
,ZZ-IND-779b724a-1,,
,ZZ-IND-8880b6f2-1,,
,ZZ-IND-c8f3583a-1,,
,ZZ-IND-3b56a4e9-1,,
,ZZ-IND-9b7d461a-1,,
,ZZ-IND-dbadde89-1,,
,ZZ-IND-219fc600-1,,
,ZZ-IND-2b540060-1,,
,ZZ-IND-63d1b178-1,,
,ZZ-IND-51ea8cb2-1,,
,ZZ-IND-d86e2255-1,,
,ZZ-IND-5c42b4a8-1,,
,ZZ-IND-e4951b67-1,,
,ZZ-IND-7c8156f9-1,,
,ZZ-IND-22ff734c-1,,
,ZZ-IND-a8c124da-1,,
,ZZ-IND-2bf63d1b-1,,
,ZZ-IND-75c94cf2-1,,
,ZZ-IND-ead1623e-1,,
,ZZ-IND-2bc8630f-1,,
,ZZ-IND-69b9e284-1,,
,ZZ-IND-d84e1bda-1,,
,ZZ-IND-da313ea1-1,,
,ZZ-IND-dca77172-1,,
,ZZ-IND-905d6402-1,,
,ZZ-IND-348e8d1b-1,,
,ZZ-IND-52426167-1,,
,ZZ-IND-c2670148-1,,
,ZZ-IND-debf2845-1,,
,ZZ-IND-698f7d02-1,,
,ZZ-IND-3c878c07-1,,
,ZZ-IND-d0be5cbf-1,,
,ZZ-IND-77f32a11-1,,
,ZZ-IND-4f3f0fde-1,,
,ZZ-IND-44db38e6-1,,
,ZZ-IND-f9b94f34-1,,
,ZZ-IND-2629586e-1,,
,ZZ-IND-e7ce70b1-1,,
,ZZ-IND-26b6c84c-1,,
,ZZ-IND-b95e0ebc-1,,
,ZZ-IND-a6b71471-1,,
,ZZ-IND-01cfc045-1,,
,ZZ-IND-b04c382b-1,,
,ZZ-IND-1e5e69ec-1,,
,ZZ-IND-3c5822d3-1,,
,ZZ-IND-db03063f-1,,
,ZZ-IND-8c92fc46-1,,
,ZZ-IND-6de8fe6c-1,,
,ZZ-IND-60b12edd-1,,
,ZZ-IND-879aaf7b-1,,
,ZZ-IND-f703ea66-1,,
,ZZ-IND-14a1f007-1,,
,ZZ-IND-70ccbec5-1,,
,ZZ-IND-371aebee-1,,
,ZZ-IND-89ee0218-1,,
,ZZ-IND-b1e5c068-1,,
,ZZ-IND-20669afb-1,,
,ZZ-IND-cf83e95d-1,,
,ZZ-IND-6e19c805-1,,
,ZZ-IND-b37f5222-1,,
,ZZ-IND-bcaa38d7-1,,
,ZZ-IND-2f5b6d83-1,,
,ZZ-IND-b3cc128f-1,,
,ZZ-IND-8e1ac949-1,,
,ZZ-IND-6af4017a-1,,
,ZZ-IND-e9f6e654-1,,
,ZZ-IND-a8990390-1,,
,ZZ-IND-199783e3-1,,
,ZZ-IND-7529e5b8-1,,
,ZZ-IND-6e2b39e6-1,,
,ZZ-IND-d816cee6-1,,
,ZZ-IND-ea9b6d85-1,,
,ZZ-IND-07b5033c-1,,
,ZZ-IND-e7ef0781-1,,
,ZZ-IND-e6f4adb0-1,,
,ZZ-IND-b1ec77be-1,,
,ZZ-IND-3511c259-1,,
,ZZ-IND-1607f92d-1,,
,ZZ-IND-641682f4-1,,
,ZZ-IND-53f172bc-1,,
,ZZ-IND-535860d3-1,,
,ZZ-IND-0613b968-1,,
,ZZ-IND-b34654d6-1,,
,ZZ-IND-e09fc2ae-1,,
,ZZ-IND-010e3936-1,,
,ZZ-IND-6ac6d2a3-1,,
,ZZ-IND-6be85582-1,,
,ZZ-IND-67f37e44-1,,
,ZZ-IND-04aa1777-1,,
,ZZ-IND-cd753082-1,,
,ZZ-IND-6512487a-1,,
,ZZ-IND-1f88eb79-1,,
,ZZ-IND-baac8832-1,,
,ZZ-IND-2a3df3dc-1,,
,ZZ-IND-0bf926df-1,,
,ZZ-IND-e6966c5c-1,,
,ZZ-IND-532fbc64-1,,
,ZZ-IND-01b0e632-1,,
,ZZ-IND-90183959-1,,
,ZZ-IND-4ea99f6a-1,,
,ZZ-IND-56ef516e-1,,
,ZZ-IND-3883bea9-1,,
,ZZ-IND-d4829ed5-1,,
,ZZ-IND-fae5eb75-1,,
,ZZ-IND-08df6133-1,,
,ZZ-IND-ded8ec7d-1,,
,ZZ-IND-e44ad71d-1,,
,ZZ-IND-003e5809-1,,
,ZZ-IND-f9f48d3a-1,,
,ZZ-IND-98bfa0bc-1,,
,ZZ-IND-deccf874-1,,
,ZZ-IND-394ac345-1,,
,ZZ-IND-67dd2a3b-1,,
,ZZ-IND-ff6dd42d-1,,
,ZZ-IND-24d435cf-1,,
,ZZ-IND-ce0d7b0e-1,,
,ZZ-IND-c390e92a-1,,
,ZZ-IND-e0a4f52a-1,,
,ZZ-IND-c53a9f4b-1,,
,ZZ-IND-614258ea-1,,
,ZZ-IND-9cfb2472-1,,
,ZZ-IND-9f31b7d9-1,,
,ZZ-IND-7e17cd1b-1,,
,ZZ-IND-5fa7d06e-1,,
,ZZ-IND-b0b5a81d-1,,
,ZZ-IND-ed81e751-1,,
,ZZ-IND-f42f4bfd-1,,
,ZZ-IND-cd4a6ee6-1,,
,ZZ-IND-f65999d4-1,,
,ZZ-IND-68b313b6-1,,
,ZZ-IND-146a61d4-1,,
,ZZ-IND-56b63a0d-1,,
,ZZ-IND-ab68fe5c-1,,
,ZZ-IND-7ddeec37-1,,
,ZZ-IND-0b825bdf-1,,
,ZZ-IND-8201ccc3-1,,
,ZZ-IND-8e2fc9c1-1,,
,ZZ-IND-13f85c2f-1,,
,ZZ-IND-80283ae4-1,,
,ZZ-IND-95aa5f5d-1,,
,ZZ-IND-f88b0b1a-1,,
,ZZ-IND-6ac9f84d-1,,
,ZZ-IND-379656ff-1,,
,ZZ-IND-f44e3a60-1,,
,ZZ-IND-ceb7976e-1,,
,ZZ-IND-f6b988b6-1,,
,ZZ-IND-462288e7-1,,
,ZZ-IND-45284afa-1,,
,ZZ-IND-bd273957-1,,
,ZZ-IND-3a6a281d-1,,
,ZZ-IND-72c85eb1-1,,
,ZZ-IND-2b16e42f-1,,
,ZZ-IND-8cee6063-1,,
,ZZ-IND-96784ab1-1,,
,ZZ-IND-b5ef5d20-1,,
,ZZ-IND-cd59ca99-1,,
,ZZ-IND-dcd0ccc6-1,,
,ZZ-IND-0ef76e23-1,,
,ZZ-IND-91d8839d-1,,
,ZZ-IND-dc40e665-1,,
,ZZ-IND-3d4479cf-1,,
,ZZ-IND-edc27ac6-1,,
,ZZ-IND-bc0256d6-1,,
,ZZ-IND-a20defff-1,,
,ZZ-IND-f0e96d3f-1,,
,ZZ-IND-fab852c8-1,,
,ZZ-IND-116ef2fe-1,,
,ZZ-IND-41fc294d-1,,
,ZZ-IND-f11a206d-1,,
,ZZ-IND-38f355ad-1,,
,ZZ-IND-b5f83bef-1,,
,ZZ-IND-830a1f41-1,,
,ZZ-IND-c001a1f2-1,,
,ZZ-IND-52c64a99-1,,
,ZZ-IND-1967a137-1,,
,ZZ-IND-41253473-1,,
,ZZ-IND-bed2c045-1,,
,ZZ-IND-31489212-1,,
,ZZ-IND-edc1694d-1,,
,ZZ-IND-568abb85-1,,
,ZZ-IND-3be453ae-1,,
,ZZ-IND-2c1bbb77-1,,
,ZZ-IND-6c2aa167-1,,
,ZZ-IND-4738f3a6-1,,
,ZZ-IND-416eb0a5-1,,
,ZZ-IND-8a6e5a42-1,,
,ZZ-IND-be052518-1,,
,ZZ-IND-338776a9-1,,
,ZZ-IND-8894ca16-1,,
,ZZ-IND-1c67cac9-1,,
,ZZ-IND-b80f15a6-1,,
,ZZ-IND-1495ee33-1,,
,ZZ-IND-ea9d751b-1,,
,ZZ-IND-237e2e8b-1,,
,ZZ-IND-c044ac91-1,,
,ZZ-IND-12e5c8b5-1,,
,ZZ-IND-44916c49-1,,
,ZZ-IND-cdf93fb7-1,,
,ZZ-IND-1cdfc24d-1,,
,ZZ-IND-5aa7bdda-1,,
,ZZ-IND-b6bece4a-1,,
,ZZ-IND-987e8626-1,,
,ZZ-IND-46a23e6b-1,,
,ZZ-IND-b0ec44e9-1,,
,ZZ-IND-7a8ac5fe-1,,
,ZZ-IND-ae4bbb8e-1,,
,ZZ-IND-5c670278-1,,
,ZZ-IND-17784317-1,,
,ZZ-IND-dd9cb81e-1,,
,ZZ-IND-0ce533a7-1,,
,ZZ-IND-c8e99518-1,,
,ZZ-IND-f6aef6bd-1,,
,ZZ-IND-206bd953-1,,
,ZZ-IND-2f363bc2-1,,
,ZZ-IND-c45e31fb-1,,
,ZZ-IND-4f76b451-1,,
,ZZ-IND-0f4374ab-1,,
,ZZ-IND-63a8f76a-1,,
,ZZ-IND-38869b77-1,,
,ZZ-IND-9e6f7c5b-1,,
,ZZ-IND-0c6bf4a6-1,,
,ZZ-IND-b3eae51b-1,,
,ZZ-IND-853fbddb-1,,
,ZZ-IND-ba84f37e-1,,
,ZZ-IND-e38baebe-1,,
,ZZ-IND-5d090f73-1,,
,ZZ-IND-56ab322b-1,,
,ZZ-IND-14f5963f-1,,
,ZZ-IND-ae569382-1,,
,ZZ-IND-6d882473-1,,
,ZZ-IND-b5241a15-1,,
,ZZ-IND-13a64c56-1,,
,ZZ-IND-0058ba98-1,,
,ZZ-IND-4012a845-1,,
,ZZ-IND-288edf73-1,,
,ZZ-IND-6d8c0765-1,,
,ZZ-IND-fb55f7a9-1,,
,ZZ-IND-099601e7-1,,
,ZZ-IND-126d893b-1,,
,ZZ-IND-90b62d1b-1,,
,ZZ-IND-7e540721-1,,
,ZZ-IND-40c1dd43-1,,
,ZZ-IND-77853dec-1,,
,ZZ-IND-9b9fcb06-1,,
,ZZ-IND-0e484b04-1,,
,ZZ-IND-3dd4871f-1,,
,ZZ-IND-d11e8201-1,,
,ZZ-IND-1a6b7f1d-1,,
,ZZ-IND-d9111ec5-1,,
,ZZ-IND-1f9523fa-1,,
,ZZ-IND-70c59bfe-1,,
,ZZ-IND-dce82f0a-1,,
,ZZ-IND-97941590-1,,
,ZZ-IND-b0eecc85-1,,
,ZZ-IND-e8edfea1-1,,
,ZZ-IND-6eb23ee4-1,,
,ZZ-IND-9b23b749-1,,
,ZZ-IND-3e14b470-1,,
,ZZ-IND-5f52ccb9-1,,
,ZZ-IND-93a2ae7b-1,,
,ZZ-IND-3042679d-1,,
,ZZ-IND-60ce75cd-1,,
,ZZ-IND-24941927-1,,
,ZZ-IND-02f311fa-1,,
,ZZ-IND-62e0eb3c-1,,
,ZZ-IND-64784101-1,,
,ZZ-IND-ed7e21cf-1,,
,ZZ-IND-bee255bf-1,,
,ZZ-IND-fe81a64c-1,,
,ZZ-IND-101098ee-1,,
,ZZ-IND-a142d875-1,,
,ZZ-IND-75d9e947-1,,
,ZZ-IND-dadf64a2-1,,
,ZZ-IND-cc0cb381-1,,
,ZZ-IND-3625570f-1,,
,ZZ-IND-d5ef01e7-1,,
,ZZ-IND-6ca455d6-1,,
,ZZ-IND-70694f57-1,,
,ZZ-IND-1393d728-1,,
,ZZ-IND-78103618-1,,
,ZZ-IND-07c0d11a-1,,
,ZZ-IND-0b2e64da-1,,
,ZZ-IND-3177ff43-1,,
,ZZ-IND-49261b17-1,,
,ZZ-IND-f37e2d07-1,,
,ZZ-IND-b5aaff76-1,,
,ZZ-IND-29182cad-1,,
,ZZ-IND-4540e688-1,,
,ZZ-IND-b0930afb-1,,
,ZZ-IND-d3dbf9fe-1,,
,ZZ-IND-9687bc34-1,,
,ZZ-IND-877d99cb-1,,
,ZZ-IND-eed039bb-1,,
,ZZ-IND-cfc72dfe-1,,
,ZZ-IND-186d2fda-1,,
,ZZ-IND-4fbe7dab-1,,
,ZZ-IND-d5f9a764-1,,
,ZZ-IND-ee487b4d-1,,
,ZZ-IND-5acfefd3-1,,
,ZZ-IND-746d6eed-1,,
,ZZ-IND-56421e70-1,,
,ZZ-IND-bd0c0962-1,,
,ZZ-IND-74ea3ee9-1,,
,ZZ-IND-5853690f-1,,
,ZZ-IND-c59a108e-1,,
,ZZ-IND-f03ff445-1,,
,ZZ-IND-b3d735bf-1,,
,ZZ-IND-ca7be080-1,,
,ZZ-IND-651b436e-1,,
,ZZ-IND-5f2bd99c-1,,
,ZZ-IND-b7b5b548-1,,
,ZZ-IND-943283ba-1,,
,ZZ-IND-93477f59-1,,
,ZZ-IND-8ab88f79-1,,
,ZZ-IND-b9648fc3-1,,
,ZZ-IND-d5b506be-1,,
,ZZ-IND-8498a621-1,,
,ZZ-IND-99b7ff1c-1,,
,ZZ-IND-f815244d-1,,
,ZZ-IND-c99313b8-1,,
,ZZ-IND-02d763d5-1,,
,ZZ-IND-0a8c6bbb-1,,
,ZZ-IND-6f36e63a-1,,
,ZZ-IND-f6dd2218-1,,
,ZZ-IND-eb9542b6-1,,
,ZZ-IND-e56dd2ab-1,,
,ZZ-IND-20938e2a-1,,
,ZZ-IND-ff51845d-1,,
,ZZ-IND-cb5466b2-1,,
,ZZ-IND-aa3a12c5-1,,
,ZZ-IND-d0a039d3-1,,
,ZZ-IND-3c58c9fc-1,,
,ZZ-IND-63669707-1,,
,ZZ-IND-7efdc566-1,,
,ZZ-IND-ec985d7d-1,,
,ZZ-IND-53998dcf-1,,
,ZZ-IND-e211fda9-1,,
,ZZ-IND-99a313fd-1,,
,ZZ-IND-20edfd44-1,,
,ZZ-IND-91d07523-1,,
,ZZ-IND-5c6f8d10-1,,
,ZZ-IND-8b5cd08b-1,,
,ZZ-IND-347a6ad5-1,,
,ZZ-IND-b6cc857a-1,,
,ZZ-IND-23209101-1,,
,ZZ-IND-ee55e474-1,,
,ZZ-IND-254b8e09-1,,
,ZZ-IND-67acc10c-1,,
,ZZ-IND-76e012c5-1,,
,ZZ-IND-72dd60cb-1,,
,ZZ-IND-148fc31c-1,,
,ZZ-IND-e944156e-1,,
,ZZ-IND-dab76cf9-1,,
,ZZ-IND-74348492-1,,
,ZZ-IND-3bb2ca7d-1,,
,ZZ-IND-460cac97-1,,
,ZZ-IND-7ad7fffc-1,,
,ZZ-IND-70703f9a-1,,
,ZZ-IND-6dda5f84-1,,
,ZZ-IND-a001b297-1,,
,ZZ-IND-94c7ed1e-1,,
,ZZ-IND-75e569bb-1,,
,ZZ-IND-b2311752-1,,
,ZZ-IND-1b5b12b6-1,,
,ZZ-IND-c6150b11-1,,
,ZZ-IND-73625c08-1,,
,ZZ-IND-53e61be5-1,,
,ZZ-IND-971022d3-1,,
,ZZ-IND-04928607-1,,
,ZZ-IND-30912d58-1,,
,ZZ-IND-2a414871-1,,
,ZZ-IND-e802ee62-1,,
,ZZ-IND-c02d338a-1,,
,ZZ-IND-f284d9d8-1,,
,ZZ-IND-74a6971c-1,,
,ZZ-IND-adad9270-1,,
,ZZ-IND-7b03eb87-1,,
,ZZ-IND-f0cc694a-1,,
,ZZ-IND-323a2d82-1,,
,ZZ-IND-ac8758aa-1,,
,ZZ-IND-6b15c1f0-1,,
,ZZ-IND-452e46bc-1,,
,ZZ-IND-d12405dd-1,,
,ZZ-IND-080a8142-1,,
,ZZ-IND-e74e76bb-1,,
,ZZ-IND-5cdc9a1d-1,,
,ZZ-IND-f8119dd8-1,,
,ZZ-IND-7e4288f5-1,,
,ZZ-IND-e2668eea-1,,
,ZZ-IND-401cc0f7-1,,
,ZZ-IND-2c5609b4-1,,
,ZZ-IND-f69b75dc-1,,
,ZZ-IND-06632c24-1,,
,ZZ-IND-20a4f1c4-1,,
,ZZ-IND-d2736c41-1,,
,ZZ-IND-ec780183-1,,
,ZZ-IND-ae678ae4-1,,
,ZZ-IND-f570639b-1,,
,ZZ-IND-801817c6-1,,
,ZZ-IND-252c8dc8-1,,
,ZZ-IND-9ea19c94-1,,
,ZZ-IND-6e7f4512-1,,
,ZZ-IND-80e0eaa8-1,,
,ZZ-IND-8b3014f2-1,,
,ZZ-IND-4a07e585-1,,
,ZZ-IND-921aeb9e-1,,
,ZZ-IND-1b48ef5e-1,,
,ZZ-IND-357f9aab-1,,
,ZZ-IND-eb3ae576-1,,
,ZZ-IND-2a5b878e-1,,
,ZZ-IND-90c63af8-1,,
,ZZ-IND-97334e6c-1,,
,ZZ-IND-3fcb8858-1,,
,ZZ-IND-983dc602-1,,
,ZZ-IND-c353c2cc-1,,
,ZZ-IND-d85ce6b2-1,,
,ZZ-IND-5b25fe89-1,,
,ZZ-IND-c6d8434c-1,,
,ZZ-IND-11d04b8e-1,,
,ZZ-IND-90e877e6-1,,
,ZZ-IND-694cbcec-1,,
,ZZ-IND-c045fb88-1,,
,ZZ-IND-f6e8581e-1,,
,ZZ-IND-7698c15f-1,,
,ZZ-IND-50495853-1,,
,ZZ-IND-9a835a2d-1,,
,ZZ-IND-af37cb54-1,,
,ZZ-IND-f911fb1d-1,,
,ZZ-IND-5fef4b34-1,,
,ZZ-IND-eaa468d3-1,,
,ZZ-IND-a97918a4-1,,
,ZZ-IND-a849c9f3-1,,
,ZZ-IND-31f59974-1,,
,ZZ-IND-345e514a-1,,
,ZZ-IND-da4150d3-1,,
,ZZ-IND-e784780a-1,,
,ZZ-IND-f4431267-1,,
,ZZ-IND-3c559c10-1,,
,ZZ-IND-d3e3f494-1,,
,ZZ-IND-a6b2d913-1,,
,ZZ-IND-3bde23a6-1,,
,ZZ-IND-81e5ea41-1,,
,ZZ-IND-5ed55fd8-1,,
,ZZ-IND-7e08ab3e-1,,
,ZZ-IND-30df6bf1-1,,
,ZZ-IND-08b5c227-1,,
,ZZ-IND-aa57d025-1,,
,ZZ-IND-6e77a8f7-1,,
,ZZ-IND-41395ff8-1,,
,ZZ-IND-d99e372c-1,,
,ZZ-IND-9fd63412-1,,
,ZZ-IND-e57a1a9f-1,,
,ZZ-IND-bd8248b5-1,,
,ZZ-IND-e81793d6-1,,
,ZZ-IND-b438156c-1,,
,ZZ-IND-4ea467ac-1,,
,ZZ-IND-d9e32287-1,,
,ZZ-IND-39af2bcf-1,,
,ZZ-IND-2611509a-1,,
,ZZ-IND-aee0201e-1,,
,ZZ-IND-af88f251-1,,
,ZZ-IND-ca2528c8-1,,
,ZZ-IND-5ea284fe-1,,
,ZZ-IND-d17d395f-1,,
,ZZ-IND-ef75fec0-1,,
,ZZ-IND-c775e78c-1,,
,ZZ-IND-016c1666-1,,
,ZZ-IND-2624d109-1,,
,ZZ-IND-dc6b9422-1,,
,ZZ-IND-08c1bad9-1,,
,ZZ-IND-a56adebe-1,,
,ZZ-IND-4ba032b1-1,,
,ZZ-IND-24afec8a-1,,
,ZZ-IND-03be2469-1,,
,ZZ-IND-2547fd59-1,,
,ZZ-IND-684976b1-1,,
,ZZ-IND-32bfd797-1,,
,ZZ-IND-942535e9-1,,
,ZZ-IND-b4acc735-1,,
,ZZ-IND-2e5d7fde-1,,
,ZZ-IND-fe6d8aac-1,,
,ZZ-IND-3df2bbdc-1,,
,ZZ-IND-baf56283-1,,
,ZZ-IND-c010eca4-1,,
,ZZ-IND-bbcbb62b-1,,
,ZZ-IND-5a661f0d-1,,
,ZZ-IND-8d5b3723-1,,
,ZZ-IND-f3cf457b-1,,
,ZZ-IND-d4216e7d-1,,
,ZZ-IND-eea03c52-1,,
,ZZ-IND-fdf40dc9-1,,
,ZZ-IND-aea287f3-1,,
,ZZ-IND-bf37e101-1,,
,ZZ-IND-5a301879-1,,
,ZZ-IND-8529743d-1,,
,ZZ-IND-a07fbaec-1,,
,ZZ-IND-1195ec0f-1,,
,ZZ-IND-c3faa490-1,,
,ZZ-IND-133914e8-1,,
,ZZ-IND-35e108ef-1,,
,ZZ-IND-6799e617-1,,
,ZZ-IND-daea2f2e-1,,
,ZZ-IND-3582f3dd-1,,
,ZZ-IND-6d46ecd7-1,,
,ZZ-IND-a82a496e-1,,
,ZZ-IND-40dd3b1d-1,,
,ZZ-IND-ea66f287-1,,
,ZZ-IND-7ced0cdd-1,,
,ZZ-IND-70b2ffcc-1,,
,ZZ-IND-2a1ac097-1,,
,ZZ-IND-caf45af8-1,,
,ZZ-IND-6f4fe8c6-1,,
,ZZ-IND-7ab8d3d3-1,,
,ZZ-IND-43b5c5d6-1,,
,ZZ-IND-f33b5510-1,,
,ZZ-IND-b4eebe56-1,,
,ZZ-IND-6fad7f7b-1,,
,ZZ-IND-7d7f9229-1,,
,ZZ-IND-8e7878e2-1,,
,ZZ-IND-9f91ccd8-1,,
,ZZ-IND-0f76fe9f-1,,
,ZZ-IND-3884dbc5-1,,
,ZZ-IND-fef2d944-1,,
,ZZ-IND-91213a69-1,,
,ZZ-IND-5620aa0c-1,,
,ZZ-IND-7953d3c4-1,,
